datetime,muf
2023-01-01 00:00:00,11.90498245614035
2023-01-01 00:30:00,12.053263157894735
2023-01-01 01:00:00,12.311578947368423
2023-01-01 01:30:00,12.878947368421054
2023-01-01 02:00:00,13.11263157894737
2023-01-01 02:30:00,12.332416934129
2023-01-01 03:00:00,11.267414613448237
2023-01-01 03:30:00,12.211765351330511
2023-01-01 04:00:00,14.742410127639348
2023-01-01 04:30:00,18.145505163508115
2023-01-01 05:00:00,21.06680456840326
2023-01-01 05:30:00,24.015124778241784
2023-01-01 06:00:00,26.880618469666853
2023-01-01 06:30:00,28.586104309015226
2023-01-01 07:00:00,29.78116751354968
2023-01-01 07:30:00,30.369747493793856
2023-01-01 08:00:00,31.091415515394903
2023-01-01 08:30:00,31.099298245614037
2023-01-01 09:00:00,30.923157894736846
2023-01-01 09:30:00,30.3080701754386
2023-01-01 10:00:00,29.494197854918763
2023-01-01 10:30:00,28.22129426799269
2023-01-01 11:00:00,27.875942127638798
2023-01-01 11:30:00,27.592135081965296
2023-01-01 12:00:00,27.876498681354928
2023-01-01 12:30:00,27.18355318073605
2023-01-01 13:00:00,25.467182708133464
2023-01-01 13:30:00,23.277305509452873
2023-01-01 14:00:00,20.574385964912285
2023-01-01 14:30:00,17.898596491228073
2023-01-01 15:00:00,15.517192982456143
2023-01-01 15:30:00,13.42141399796319
2023-01-01 16:00:00,12.051521181073527
2023-01-01 16:30:00,11.04384543956295
2023-01-01 17:00:00,10.381884054616444
2023-01-01 17:30:00,9.988543253820955
2023-01-01 18:00:00,9.633447368421054
2023-01-01 18:30:00,9.33664912280702
2023-01-01 19:00:00,9.184798245614035
2023-01-01 19:30:00,9.182833333333335
2023-01-01 20:00:00,9.235491228070176
2023-01-01 20:30:00,9.264912280701756
2023-01-01 21:00:00,9.15798719414725
2023-01-01 21:30:00,8.986944038582097
2023-01-01 22:00:00,9.10589140700315
2023-01-01 22:30:00,9.52058202045584
2023-01-01 23:00:00,10.161754385964912
2023-01-01 23:30:00,10.744035087719295
2023-01-02 00:00:00,11.432982456140351
2023-01-02 00:30:00,11.749824561403509
2023-01-02 01:00:00,11.895789473684212
2023-01-02 01:30:00,11.874298245614035
2023-01-02 02:00:00,11.637578947368423
2023-01-02 02:30:00,11.401754385964914
2023-01-02 03:00:00,11.360424532396115
2023-01-02 03:30:00,11.795536345832907
2023-01-02 04:00:00,12.963979347831796
2023-01-02 04:30:00,15.641991564847329
2023-01-02 05:00:00,18.76842356914135
2023-01-02 05:30:00,22.733577082838064
2023-01-02 06:00:00,25.67992336192636
2023-01-02 06:30:00,28.263985504412073
2023-01-02 07:00:00,29.76161745080415
2023-01-02 07:30:00,30.62890782093695
2023-01-02 08:00:00,30.71333333333334
2023-01-02 08:30:00,30.44245614035088
2023-01-02 09:00:00,29.914429824561406
2023-01-02 09:30:00,28.93324561403509
2023-01-02 10:00:00,27.893947368421056
2023-01-02 10:30:00,27.21166666666667
2023-01-02 11:00:00,27.283083420590316
2023-01-02 11:30:00,27.688675962138362
2023-01-02 12:00:00,27.593184362480216
2023-01-02 12:30:00,27.22252056002648
2023-01-02 13:00:00,26.166649088356536
2023-01-02 13:30:00,24.108443226696636
2023-01-02 14:00:00,21.386849899261094
2023-01-02 14:30:00,18.45929824561404
2023-01-02 15:00:00,16.500947368421055
2023-01-02 15:30:00,14.762877192982458
2023-01-02 16:00:00,13.160887642777668
2023-01-02 16:30:00,11.542628836547872
2023-01-02 17:00:00,10.501038945707235
2023-01-02 17:30:00,10.140920575558402
2023-01-02 18:00:00,10.165878321633782
2023-01-02 18:30:00,10.517894736842107
2023-01-02 19:00:00,10.867368421052634
2023-01-02 19:30:00,11.414078947368422
2023-01-02 20:00:00,11.515140350877195
2023-01-02 20:30:00,11.099701754385967
2023-01-02 21:00:00,10.51440350877193
2023-01-02 21:30:00,10.098245614035088
2023-01-02 22:00:00,10.194561403508773
2023-01-02 22:30:00,10.579561403508771
2023-01-02 23:00:00,10.957956140350879
2023-01-02 23:30:00,11.261758771929822
2023-01-03 00:00:00,11.099595015873646
2023-01-03 00:30:00,11.411973386272239
2023-01-03 01:00:00,11.638498321241043
2023-01-03 01:30:00,11.974708847556832
2023-01-03 02:00:00,12.31047256503789
2023-01-03 02:30:00,12.249578947368422
2023-01-03 03:00:00,11.98640185497414
2023-01-03 03:30:00,13.100020953455243
2023-01-03 04:00:00,14.358891420587085
2023-01-03 04:30:00,17.130103058118728
2023-01-03 05:00:00,19.686763561845027
2023-01-03 05:30:00,22.782383665333526
2023-01-03 06:00:00,25.64489110975109
2023-01-03 06:30:00,27.490016173334997
2023-01-03 07:00:00,28.602940505407116
2023-01-03 07:30:00,29.0790092308312
2023-01-03 08:00:00,28.98702901406145
2023-01-03 08:30:00,29.111228070175443
2023-01-03 09:00:00,29.120952887368887
2023-01-03 09:30:00,28.87233234631717
2023-01-03 10:00:00,28.017946381404887
2023-01-03 10:30:00,27.194838358773083
2023-01-03 11:00:00,26.900350877192988
2023-01-03 11:30:00,26.65961304540049
2023-01-03 12:00:00,26.64624204492725
2023-01-03 12:30:00,26.315063454353538
2023-01-03 13:00:00,25.822055976702483
2023-01-03 13:30:00,23.63262115424456
2023-01-03 14:00:00,20.429277725982256
2023-01-03 14:30:00,16.760659079580446
2023-01-03 15:00:00,13.998151477028472
2023-01-03 15:30:00,12.238183857527673
2023-01-03 16:00:00,11.118733852927457
2023-01-03 16:30:00,10.61376583114403
2023-01-03 17:00:00,10.165970258779284
2023-01-03 17:30:00,10.154040434217881
2023-01-03 18:00:00,9.705556195911337
2023-01-03 18:30:00,9.420000000000002
2023-01-03 19:00:00,9.098859649122808
2023-01-03 19:30:00,9.098701754385965
2023-01-03 20:00:00,9.26185964912281
2023-01-03 20:30:00,9.623464695836603
2023-01-03 21:00:00,10.042367988164433
2023-01-03 21:30:00,10.379139917988992
2023-01-03 22:00:00,10.627824272811376
2023-01-03 22:30:00,10.931877192982457
2023-01-03 23:00:00,11.357173684210528
2023-01-03 23:30:00,11.73455
2023-01-04 00:00:00,11.176947368421052
2023-01-04 00:30:00,10.916912280701753
2023-01-04 01:00:00,10.659649122807018
2023-01-04 01:30:00,10.584561403508774
2023-01-04 02:00:00,10.48280701754386
2023-01-04 02:30:00,10.60119417510036
2023-01-04 03:00:00,11.06767788854328
2023-01-04 03:30:00,12.230810185949275
2023-01-04 04:00:00,14.454691392618214
2023-01-04 04:30:00,18.128273434172154
2023-01-04 05:00:00,21.170024425958267
2023-01-04 05:30:00,23.95900577924041
2023-01-04 06:00:00,25.957259294516632
2023-01-04 06:30:00,27.119521173531353
2023-01-04 07:00:00,28.709836101932854
2023-01-04 07:30:00,29.460030557035083
2023-01-04 08:00:00,30.28280701754386
2023-01-04 08:30:00,30.23737719298246
2023-01-04 09:00:00,29.646719298245618
2023-01-04 09:30:00,29.545578947368426
2023-01-04 10:00:00,29.948649122807023
2023-01-04 10:30:00,30.403508771929825
2023-01-04 11:00:00,30.472982456140357
2023-01-04 11:30:00,30.002210526315793
2023-01-04 12:00:00,28.848315789473688
2023-01-04 12:30:00,27.560333333333336
2023-01-04 13:00:00,26.148248817009716
2023-01-04 13:30:00,24.490065339194857
2023-01-04 14:00:00,22.018715173373607
2023-01-04 14:30:00,19.380032594076393
2023-01-04 15:00:00,17.12372325986479
2023-01-04 15:30:00,15.745964912280705
2023-01-04 16:00:00,14.536754385964912
2023-01-04 16:30:00,13.116526315789477
2023-01-04 17:00:00,12.105649122807021
2023-01-04 17:30:00,11.412350877192985
2023-01-04 18:00:00,11.371140350877193
2023-01-04 18:30:00,11.576403508771932
2023-01-04 19:00:00,11.70185964912281
2023-01-04 19:30:00,11.93140350877193
2023-01-04 20:00:00,11.79101754385965
2023-01-04 20:30:00,11.75964912280702
2023-01-04 21:00:00,11.523526315789477
2023-01-04 21:30:00,11.37380701754386
2023-01-04 22:00:00,11.293035087719298
2023-01-04 22:30:00,11.100640350877194
2023-01-04 23:00:00,11.089622807017543
2023-01-04 23:30:00,11.074714912280697
2023-01-05 00:00:00,11.747677192982456
2023-01-05 00:30:00,11.633805263157894
2023-01-05 01:00:00,11.501964912280704
2023-01-05 01:30:00,11.480000000000002
2023-01-05 02:00:00,11.392210526315791
2023-01-05 02:30:00,11.325929824561406
2023-01-05 03:00:00,11.408614412732149
2023-01-05 03:30:00,11.945314037711155
2023-01-05 04:00:00,13.569736529307116
2023-01-05 04:30:00,16.74961331795946
2023-01-05 05:00:00,20.37772509772757
2023-01-05 05:30:00,23.703157894736847
2023-01-05 06:00:00,25.655438596491233
2023-01-05 06:30:00,27.012982456140353
2023-01-05 07:00:00,28.478596491228075
2023-01-05 07:30:00,29.637543859649128
2023-01-05 08:00:00,30.472982456140354
2023-01-05 08:30:00,30.76912280701755
2023-01-05 09:00:00,30.76245614035088
2023-01-05 09:30:00,30.22561403508772
2023-01-05 10:00:00,28.99824561403509
2023-01-05 10:30:00,28.286315789473687
2023-01-05 11:00:00,28.03894736842106
2023-01-05 11:30:00,28.69093674641029
2023-01-05 12:00:00,28.960510509774807
2023-01-05 12:30:00,28.36851151311573
2023-01-05 13:00:00,26.50810110991516
2023-01-05 13:30:00,23.310217714051362
2023-01-05 14:00:00,21.2771014132225
2023-01-05 14:30:00,20.431998123060346
2023-01-05 15:00:00,20.171418627038673
2023-01-05 15:30:00,18.616651095802755
2023-01-05 16:00:00,16.378857053978823
2023-01-05 16:30:00,14.573333333333336
2023-01-05 17:00:00,13.56245614035088
2023-01-05 17:30:00,12.410175438596491
00:00,1
2023-01-05 18:30:00,10.56421052631579
2023-01-05 19:00:00,10.660000000000002
2023-01-05 19:30:00,10.86021052631579
2023-01-05 20:00:00,11.198561403508771
2023-01-05 20:30:00,11.350157894736844
2023-01-05 21:00:00,11.581157894736842
2023-01-05 21:30:00,11.853070175438598
2023-01-05 22:00:00,12.095342105263159
2023-01-05 22:30:00,12.04698245614035
2023-01-05 23:00:00,11.785663157894739
2023-01-05 23:30:00,11.169564912280704
2023-01-06 00:00:00,12.739905263157896
2023-01-06 00:30:00,12.398691228070177
2023-01-06 01:00:00,12.232122807017547
2023-01-06 01:30:00,12.319140350877193
2023-01-06 02:00:00,12.80114912280702
2023-01-06 02:30:00,13.20421052631579
2023-01-06 03:00:00,13.34784171529298
2023-01-06 03:30:00,13.594157768549032
2023-01-06 04:00:00,14.629347305981623
2023-01-06 04:30:00,16.777834880852232
2023-01-06 05:00:00,20.106678587177047
2023-01-06 05:30:00,24.027096159602266
2023-01-06 06:00:00,27.353195570558444
2023-01-06 06:30:00,29.420858444148504
2023-01-06 07:00:00,30.22955106689433
2023-01-06 07:30:00,30.589338208287003
2023-01-06 08:00:00,30.682674233242967
2023-01-06 08:30:00,29.965159949848353
2023-01-06 09:00:00,28.597417674316528
2023-01-06 09:30:00,27.84723685247477
2023-01-06 10:00:00,28.441355236050402
2023-01-06 10:30:00,29.34663221364247
2023-01-06 11:00:00,29.39505326627405
2023-01-06 11:30:00,28.302438913838785
2023-01-06 12:00:00,27.427368421052634
2023-01-06 12:30:00,26.28771929824562
2023-01-06 13:00:00,24.68526315789474
2023-01-06 13:30:00,22.684912280701756
2023-01-06 14:00:00,20.17508771929825
2023-01-06 14:30:00,18.165964912280703
2023-01-06 15:00:00,15.934736842105266
2023-01-06 15:30:00,14.567719298245615
2023-01-06 16:00:00,13.66701754385965
2023-01-06 16:30:00,13.125614035087722
2023-01-06 17:00:00,12.489298245614037
2023-01-06 17:30:00,11.314385964912283
2023-01-06 18:00:00,10.141754385964914
2023-01-06 18:30:00,9.384780701754387
2023-01-06 19:00:00,9.15959649122807
2023-01-06 19:30:00,9.324807017543861
2023-01-06 20:00:00,9.549333333333335
2023-01-06 20:30:00,9.938868421052632
2023-01-06 21:00:00,10.205964912280704
2023-01-06 21:30:00,10.129807017543861
2023-01-06 22:00:00,9.839508771929825
2023-01-06 22:30:00,9.567649122807017
2023-01-06 23:00:00,9.616789473684209
2023-01-06 23:30:00,9.745131578947364
2023-01-07 00:00:00,10.338877192982453
2023-01-07 00:30:00,10.153052631578946
2023-01-07 01:00:00,10.010657894736843
2023-01-07 01:30:00,10.003947368421054
2023-01-07 02:00:00,10.237543859649124
2023-01-07 02:30:00,10.518157894736843
2023-01-07 03:00:00,10.760100714484047
2023-01-07 03:30:00,11.162085300967044
2023-01-07 04:00:00,12.71813333583997
2023-01-07 04:30:00,15.70371380424701
2023-01-07 05:00:00,19.267651710015457
2023-01-07 05:30:00,23.389857166240827
2023-01-07 06:00:00,26.36647477079292
2023-01-07 06:30:00,28.852126028336684
2023-01-07 07:00:00,29.998870243551668
2023-01-07 07:30:00,30.44134354202245
2023-01-07 08:00:00,30.78747368421053
2023-01-07 08:30:00,30.508877192982464
2023-01-07 09:00:00,29.566153086193854
2023-01-07 09:30:00,28.484047667003594
2023-01-07 10:00:00,28.408959947705345
2023-01-07 10:30:00,28.915890829403907
2023-01-07 11:00:00,29.59909649122807
2023-01-07 11:30:00,29.243175438596495
2023-01-07 12:00:00,28.383149122807023
2023-01-07 12:30:00,27.365561403508774
2023-01-07 13:00:00,25.293263157894742
2023-01-07 13:30:00,22.701789473684215
2023-01-07 14:00:00,19.651228070175442
2023-01-07 14:30:00,16.912631578947373
2023-01-07 15:00:00,15.107719298245618
2023-01-07 15:30:00,13.857894736842105
2023-01-07 16:00:00,13.277543859649123
2023-01-07 16:30:00,12.76561403508772
2023-01-07 17:00:00,11.71543859649123
2023-01-07 17:30:00,10.48430701754386
2023-01-07 18:00:00,9.20492105263158
2023-01-07 18:30:00,8.437675438596493
2023-01-07 19:00:00,8.144052631578948
2023-01-07 19:30:00,8.241587719298247
2023-01-07 20:00:00,8.715649122807019
2023-01-07 20:30:00,9.167175438596493
2023-01-07 21:00:00,9.268578947368422
2023-01-07 21:30:00,9.224692982456142
2023-01-07 22:00:00,9.217052631578948
2023-01-07 22:30:00,9.680675438596493
2023-01-07 23:00:00,10.128024561403508
2023-01-07 23:30:00,10.535010526315787
2023-01-08 00:00:00,10.440649122807018
2023-01-08 00:30:00,10.462421052631578
2023-01-08 01:00:00,10.363859649122809
2023-01-08 01:30:00,10.043631578947371
2023-01-08 02:00:00,9.75068417574173
2023-01-08 02:30:00,9.674230697184653
2023-01-08 03:00:00,10.08150011749901
2023-01-08 03:30:00,10.907532669031845
2023-01-08 04:00:00,13.109035091362307
2023-01-08 04:30:00,16.624491451291078
2023-01-08 05:00:00,20.556694183081863
2023-01-08 05:30:00,24.49407939436512
2023-01-08 06:00:00,27.38986447460634
2023-01-08 06:30:00,29.47817687839277
2023-01-08 07:00:00,30.401602997547542
2023-01-08 07:30:00,29.757199795786423
2023-01-08 08:00:00,28.867686630438232
2023-01-08 08:30:00,28.141271929824565
2023-01-08 09:00:00,27.389053664064594
2023-01-08 09:30:00,27.641169367725478
2023-01-08 10:00:00,28.23920470877117
2023-01-08 10:30:00,29.3456567400259
2023-01-08 11:00:00,29.89807880677957
2023-01-08 11:30:00,28.8077696080062
2023-01-08 12:00:00,26.91580716862173
2023-01-08 12:30:00,25.01311972516807
2023-01-08 13:00:00,23.880350877192985
2023-01-08 13:30:00,23.25824561403509
2023-01-08 14:00:00,21.914736842105267
2023-01-08 14:30:00,19.56673438385539
2023-01-08 15:00:00,16.91839705010015
2023-01-08 15:30:00,14.708923365889627
2023-01-08 16:00:00,13.473763928980754
2023-01-08 16:30:00,12.797175438596492
2023-01-08 17:00:00,11.879096491228074
2023-01-08 17:30:00,11.249613896957955
2023-01-08 18:00:00,10.739965246959137
2023-01-08 18:30:00,10.96181316950746
2023-01-08 19:00:00,11.096971064244302
2023-01-08 19:30:00,10.953305226356234
2023-01-08 20:00:00,10.985122807017545
2023-01-08 20:30:00,11.113192982456141
2023-01-08 21:00:00,11.449684210526316
2023-01-08 21:30:00,11.565964912280704
2023-01-08 22:00:00,11.482333333333335
2023-01-08 22:30:00,11.612868421052633
2023-01-08 23:00:00,11.837914035087723
2023-01-08 23:30:00,12.255774561403513
2023-01-09 00:00:00,12.618842105263155
2023-01-09 00:30:00,12.48659649122807
2023-01-09 01:00:00,12.43266666666667
2023-01-09 01:30:00,12.463561403508772
2023-01-09 02:00:00,12.988122807017547
2023-01-09 02:30:00,13.29492105263158
2023-01-09 03:00:00,13.133995863672487
2023-01-09 03:30:00,12.586507150910322
2023-01-09 04:00:00,13.260809327415458
2023-01-09 04:30:00,15.665500542104418
2023-01-09 05:00:00,19.063654956806502
2023-01-09 05:30:00,23.15431041458055
2023-01-09 06:00:00,26.648262480490075
2023-01-09 06:30:00,29.2379213378301
2023-01-09 07:00:00,30.45183605773779
2023-01-09 07:30:00,30.585613346320187
2023-01-09 08:00:00,30.812012934131246
2023-01-09 08:30:00,30.722824561403513
2023-01-09 09:00:00,30.070871754505927
2023-01-09 09:30:00,29.444224070079688
2023-01-09 10:00:00,29.197753386312797
2023-01-09 10:30:00,29.455971667668866
2023-01-09 11:00:00,29.60261563596421
2023-01-09 11:30:00,28.885716075918015
2023-01-09 12:00:00,27.71885642679521
2023-01-09 12:30:00,26.045541940638255
2023-01-09 13:00:00,24.893859649122806
2023-01-09 13:30:00,24.31898245614035
2023-01-09 14:00:00,23.79780701754386
2023-01-09 14:30:00,21.692132525871347
2023-01-09 15:00:00,18.689402104573798
2023-01-09 15:30:00,15.43300736773169
2023-01-09 16:00:00,13.636890689698669
2023-01-09 16:30:00,12.420859649122809
2023-01-09 17:00:00,11.603543859649124
2023-01-09 17:30:00,11.090105263157897
2023-01-09 18:00:00,11.040964912280701
2023-01-09 18:30:00,11.046271929824561
2023-01-09 19:00:00,10.820473684210526
2023-01-09 19:30:00,10.3760350877193
2023-01-09 20:00:00,10.012219298245615
2023-01-09 20:30:00,9.961263157894738
2023-01-09 21:00:00,10.321552631578948
2023-01-09 21:30:00,10.830377192982459
2023-01-09 22:00:00,11.259789473684213
2023-01-09 22:30:00,11.199754385964914
2023-01-09 23:00:00,11.149929824561406
2023-01-09 23:30:00,11.112736842105265
2023-01-10 00:00:00,10.788046495606423
2023-01-10 00:30:00,10.621040907371873
2023-01-10 01:00:00,10.253333333333334
2023-01-10 01:30:00,9.752280701754387
2023-01-10 02:00:00,9.800318382817983
2023-01-10 02:30:00,10.238050647785078
2023-01-10 03:00:00,11.183911351646367
2023-01-10 03:30:00,12.291819548595091
2023-01-10 04:00:00,14.973200226693825
2023-01-10 04:30:00,18.693510397097835
2023-01-10 05:00:00,22.564523969133287
2023-01-10 05:30:00,24.965347826141336
2023-01-10 06:00:00,26.494140128044474
2023-01-10 06:30:00,26.593461088255605
2023-01-10 07:00:00,27.245648279761173
2023-01-10 07:30:00,27.466359236572988
2023-01-10 08:00:00,27.451362811647225
2023-01-10 08:30:00,27.458423089279297
2023-01-10 09:00:00,26.835675026980084
2023-01-10 09:30:00,26.648214604023753
2023-01-10 10:00:00,27.202777173530038
2023-01-10 10:30:00,26.976090105131068
2023-01-10 11:00:00,27.187365116210767
2023-01-10 11:30:00,26.750642272635407
2023-01-10 12:00:00,26.42008144940443
2023-01-10 12:30:00,25.809632681531212
2023-01-10 13:00:00,24.634859649122813
2023-01-10 13:30:00,22.86666666666667
2023-01-10 14:00:00,21.050175438596494
2023-01-10 14:30:00,19.005263157894742
2023-01-10 15:00:00,17.00842105263158
2023-01-10 15:30:00,15.457894736842107
2023-01-10 16:00:00,14.167368421052634
2023-01-10 16:30:00,12.583322917844542
2023-01-10 17:00:00,10.985398312447026
2023-01-10 17:30:00,9.585938259899857
2023-01-10 18:00:00,9.39471018972442
2023-01-10 18:30:00,10.021861710351834
2023-01-10 19:00:00,10.735350877192985
2023-01-10 19:30:00,10.716403508771931
2023-01-10 20:00:00,10.439517543859651
2023-01-10 20:30:00,10.263508771929827
2023-01-10 21:00:00,10.83578947368421
2023-01-10 21:30:00,11.520350877192984
2023-01-10 22:00:00,12.09543859649123
2023-01-10 22:30:00,12.182105263157895
2023-01-10 23:00:00,11.869052631578947
2023-01-10 23:30:00,11.389017543859646
2023-01-11 00:00:00,10.765003508771933
2023-01-11 00:30:00,10.903057894736845
2023-01-11 01:00:00,11.028982456140353
2023-01-11 01:30:00,11.184157894736844
2023-01-11 02:00:00,11.668368421052634
2023-01-11 02:30:00,12.219183549346452
2023-01-11 03:00:00,12.495523578389646
2023-01-11 03:30:00,12.970668981733949
2023-01-11 04:00:00,14.422294738055108
2023-01-11 04:30:00,17.679426446731405
2023-01-11 05:00:00,21.37202868376366
2023-01-11 05:30:00,24.532960112996566
2023-01-11 06:00:00,26.547125474434754
2023-01-11 06:30:00,28.20810913587114
2023-01-11 07:00:00,29.463595231016118
2023-01-11 07:30:00,29.673653577647112
2023-01-11 08:00:00,28.955567678348206
2023-01-11 08:30:00,28.835132336612137
2023-01-11 09:00:00,29.39263157894737
2023-01-11 09:30:00,30.051736842105267
2023-01-11 10:00:00,29.95298245614035
2023-01-11 10:30:00,29.560000000000002
2023-01-11 11:00:00,29.417032714722236
2023-01-11 11:30:00,29.582544240068227
2023-01-11 12:00:00,29.132392960591503
2023-01-11 12:30:00,28.081996343276316
2023-01-11 13:00:00,26.957167005437032
2023-01-11 13:30:00,25.845218153120488
2023-01-11 14:00:00,24.02043172574048
2023-01-11 14:30:00,21.197975585389603
2023-01-11 15:00:00,17.89478260293346
2023-01-11 15:30:00,15.462771929824562
2023-01-11 16:00:00,13.680315789473687
2023-01-11 16:30:00,12.187947368421055
2023-01-11 17:00:00,10.821403508771931
2023-01-11 17:30:00,9.817543859649124
2023-01-11 18:00:00,9.150175438596492
2023-01-11 18:30:00,8.888070175438598
2023-01-11 19:00:00,8.900350877192983
2023-01-11 19:30:00,9.036842105263158
2023-01-11 20:00:00,9.140684210526318
2023-01-11 20:30:00,9.262087719298245
2023-01-11 21:00:00,9.542087719298246
2023-01-11 21:30:00,9.949184210526317
2023-01-11 22:00:00,10.499885964912282
2023-01-11 22:30:00,11.055385964912283
2023-01-11 23:00:00,11.383136842105264
2023-01-11 23:30:00,11.551380701754388
2023-01-12 00:00:00,10.58061842105263
2023-01-12 00:30:00,10.449815789473684
2023-01-12 01:00:00,10.273912280701756
2023-01-12 01:30:00,10.126894736842106
2023-01-12 02:00:00,9.8362438016328
2023-01-12 02:30:00,9.802695164060536
2023-01-12 03:00:00,10.131626364040015
2023-01-12 03:30:00,11.313891571559902
2023-01-12 04:00:00,13.792613104921168
2023-01-12 04:30:00,18.056452269184486
2023-01-12 05:00:00,22.351300399934434
2023-01-12 05:30:00,26.40821334329152
2023-01-12 06:00:00,28.54975968109004
2023-01-12 06:30:00,30.03161766181307
2023-01-12 07:00:00,30.483269200368657
2023-01-12 07:30:00,30.42807986440734
2023-01-12 08:00:00,30.484561403508778
2023-01-12 08:30:00,30.04900528780384
2023-01-12 09:00:00,29.82224494185584
2023-01-12 09:30:00,29.420490555890925
2023-01-12 10:00:00,29.24718106248996
2023-01-12 10:30:00,29.207818812882795
2023-01-12 11:00:00,29.629000596595002
2023-01-12 11:30:00,29.675140947472197
2023-01-12 12:00:00,29.188763754489738
2023-01-12 12:30:00,28.527508771929828
2023-01-12 13:00:00,27.94838631835341
2023-01-12 13:30:00,27.03087761711181
2023-01-12 14:00:00,24.501333980311344
2023-01-12 14:30:00,21.239254048272638
2023-01-12 15:00:00,17.62997636020525
2023-01-12 15:30:00,15.349097715521618
2023-01-12 16:00:00,13.560843805594514
2023-01-12 16:30:00,12.820654823977756
2023-01-12 17:00:00,11.699032613630402
2023-01-12 17:30:00,10.46388703479847
2023-01-12 18:00:00,9.408484048306589
2023-01-12 18:30:00,8.869670540437445
2023-01-12 19:00:00,8.897867329863047
2023-01-12 19:30:00,8.973333333333334
2023-01-12 20:00:00,9.122056162282595
2023-01-12 20:30:00,9.326326381584627
2023-01-12 21:00:00,9.524150942988136
2023-01-12 21:30:00,9.752701809215258
2023-01-12 22:00:00,9.875885964912284
2023-01-12 22:30:00,10.006175438596493
2023-01-12 23:00:00,10.002715789473683
2023-01-12 23:30:00,9.922108771929821
2023-01-13 00:00:00,10.748320175438598
2023-01-13 00:30:00,10.71150120423836
2023-01-13 01:00:00,10.633790352692968
2023-01-13 01:30:00,10.868840900156721
2023-01-13 02:00:00,11.551621601911108
2023-01-13 02:30:00,12.58270849909947
2023-01-13 03:00:00,13.34327232121308
2023-01-13 03:30:00,14.737242970108824
2023-01-13 04:00:00,17.28394236546325
2023-01-13 04:30:00,19.96792934060629
2023-01-13 05:00:00,22.580784526859727
2023-01-13 05:30:00,25.267521558589156
2023-01-13 06:00:00,27.96911722708067
2023-01-13 06:30:00,30.240270076497406
2023-01-13 07:00:00,30.897187440011933
2023-01-13 07:30:00,31.05399803709311
2023-01-13 08:00:00,30.93097368421053
2023-01-13 08:30:00,30.950754385964913
2023-01-13 09:00:00,30.99268421052632
2023-01-13 09:30:00,31.014991228070176
2023-01-13 10:00:00,30.556929824561408
2023-01-13 10:30:00,29.79840350877193
2023-01-13 11:00:00,28.98222807017544
2023-01-13 11:30:00,28.482807017543863
2023-01-13 12:00:00,28.216831491717617
2023-01-13 12:30:00,27.915523215435382
2023-01-13 13:00:00,27.476476648649804
2023-01-13 13:30:00,26.49479998729168
2023-01-13 14:00:00,24.347779925406414
2023-01-13 14:30:00,21.722271246156097
2023-01-13 15:00:00,18.64343607554959
2023-01-13 15:30:00,16.232350877192985
2023-01-13 16:00:00,14.027694948461368
2023-01-13 16:30:00,12.288007139296916
2023-01-13 17:00:00,10.815643196330187
2023-01-13 17:30:00,9.951802463248557
2023-01-13 18:00:00,9.428702532822586
2023-01-13 18:30:00,9.375875015985313
2023-01-13 19:00:00,9.272092174338763
2023-01-13 19:30:00,9.235736842105267
2023-01-13 20:00:00,9.161368421052634
2023-01-13 20:30:00,9.113649122807018
2023-01-13 21:00:00,9.116035087719299
2023-01-13 21:30:00,9.141771929824563
2023-01-13 22:00:00,9.180508771929826
2023-01-13 22:30:00,9.154491228070176
2023-01-13 23:00:00,9.10279649122807
2023-01-13 23:30:00,9.08807192982456
2023-01-14 00:00:00,9.223612280701758
2023-01-14 00:30:00,9.297168421052634
2023-01-14 01:00:00,9.310701754385965
2023-01-14 01:30:00,9.284771929824563
2023-01-14 02:00:00,9.309649122807018
2023-01-14 02:30:00,9.351408321974231
2023-01-14 03:00:00,9.506538796573546
2023-01-14 03:30:00,10.194759038744898
2023-01-14 04:00:00,12.961175117271994
2023-01-14 04:30:00,17.037632298603086
2023-01-14 05:00:00,22.33313499993329
2023-01-14 05:30:00,26.587358507568762
2023-01-14 06:00:00,29.50561684673438
2023-01-14 06:30:00,30.75357448599384
2023-01-14 07:00:00,30.992871888118255
2023-01-14 07:30:00,30.73964912280702
2023-01-14 08:00:00,30.510877192982463
2023-01-14 08:30:00,30.140000000000004
2023-01-14 09:00:00,29.953220820004315
2023-01-14 09:30:00,29.736504565276093
2023-01-14 10:00:00,30.069294038960305
2023-01-14 10:30:00,30.50599941843183
2023-01-14 11:00:00,30.91224561403509
2023-01-14 11:30:00,30.250385964912283
2023-01-14 12:00:00,28.595691040094195
2023-01-14 12:30:00,27.62212771296628
2023-01-14 13:00:00,27.47404373440848
2023-01-14 13:30:00,27.791613440492487
2023-01-14 14:00:00,26.4574777993072
2023-01-14 14:30:00,23.5593729455007
2023-01-14 15:00:00,20.048684593522214
2023-01-14 15:30:00,17.154736842105265
2023-01-14 16:00:00,15.054385964912283
2023-01-14 16:30:00,13.366315789473687
2023-01-14 17:00:00,11.835660009235681
2023-01-14 17:30:00,10.839260729461428
2023-01-14 18:00:00,10.616453711917567
2023-01-14 18:30:00,11.26258374209007
2023-01-14 19:00:00,11.514542876598227
2023-01-14 19:30:00,10.861691999405245
2023-01-14 20:00:00,10.01694671305379
2023-01-14 20:30:00,9.413070175438596
2023-01-14 21:00:00,9.677543859649125
2023-01-14 21:30:00,9.899649122807018
2023-01-14 22:00:00,10.093280701754388
2023-01-14 22:30:00,10.251991228070176
2023-01-14 23:00:00,10.355338596491228
2023-01-14 23:30:00,10.405349999999997
2023-01-15 00:00:00,9.709122807017545
2023-01-15 00:30:00,10.527017543859651
2023-01-15 01:00:00,11.44105263157895
2023-01-15 01:30:00,12.822063334013949
2023-01-15 02:00:00,13.792393246634958
2023-01-15 02:30:00,14.346077457161273
2023-01-15 03:00:00,13.838698608429171
2023-01-15 03:30:00,13.604445936869757
2023-01-15 04:00:00,15.02304721497788
2023-01-15 04:30:00,18.33630806941437
2023-01-15 05:00:00,22.575595395870383
2023-01-15 05:30:00,26.3604099597442
2023-01-15 06:00:00,28.878360802869363
2023-01-15 06:30:00,30.363216951586846
2023-01-15 07:00:00,30.91324561403509
2023-01-15 07:30:00,31.059850877192986
2023-01-15 08:00:00,31.17471929824562
2023-01-15 08:30:00,31.27324561403509
2023-01-15 09:00:00,31.341508771929828
2023-01-15 09:30:00,31.315175438596494
2023-01-15 10:00:00,31.262605263157898
2023-01-15 10:30:00,31.194447368421056
2023-01-15 11:00:00,31.148456140350877
2023-01-15 11:30:00,31.102789473684215
2023-01-15 12:00:00,30.989640350877195
2023-01-15 12:30:00,30.8920701754386
2023-01-15 13:00:00,30.593964912280708
2023-01-15 13:30:00,29.85887719298246
2023-01-15 14:00:00,28.64505263157895
2023-01-15 14:30:00,26.844421052631578
2023-01-15 15:00:00,24.700619704046158
2023-01-15 15:30:00,22.165825289565742
2023-01-15 16:00:00,18.821767195414466
2023-01-15 16:30:00,15.792096542253129
2023-01-15 17:00:00,13.523695941164924
2023-01-15 17:30:00,12.580177520992237
2023-01-15 18:00:00,12.242190592766006
2023-01-15 18:30:00,11.933333333333335
2023-01-15 19:00:00,11.611929824561406
2023-01-15 19:30:00,11.308666666666667
2023-01-15 20:00:00,11.248403508771931
2023-01-15 20:30:00,11.50385964912281
2023-01-15 21:00:00,11.764789473684212
2023-01-15 21:30:00,11.787263157894737
2023-01-15 22:00:00,11.60105263157895
2023-01-15 22:30:00,11.291929824561405
2023-01-15 23:00:00,10.842719298245617
2023-01-15 23:30:00,10.280877192982459
2023-01-16 00:00:00,9.485894736842104
2023-01-16 00:30:00,10.791298245614035
2023-01-16 01:00:00,12.137192982456142
2023-01-16 01:30:00,13.397894736842106
2023-01-16 02:00:00,14.25824561403509
2023-01-16 02:30:00,14.74245614035088
2023-01-16 03:00:00,13.999437742642767
2023-01-16 03:30:00,13.186540994143712
2023-01-16 04:00:00,13.401791744086196
2023-01-16 04:30:00,16.26712850324043
2023-01-16 05:00:00,20.99746591409027
2023-01-16 05:30:00,25.78817968162149
2023-01-16 06:00:00,28.999549446682085
2023-01-16 06:30:00,30.553954436457246
2023-01-16 07:00:00,30.925410688881403
2023-01-16 07:30:00,30.973175438596495
2023-01-16 08:00:00,30.993175438596495
2023-01-16 08:30:00,31.050394736842108
2023-01-16 09:00:00,31.053964912280705
2023-01-16 09:30:00,31.098850877192987
2023-01-16 10:00:00,31.200105263157898
2023-01-16 10:30:00,31.151122807017547
2023-01-16 11:00:00,31.165438596491228
2023-01-16 11:30:00,31.081868421052633
2023-01-16 12:00:00,31.049129489081015
2023-01-16 12:30:00,30.408155804870486
2023-01-16 13:00:00,29.51103299785294
2023-01-16 13:30:00,28.29953473940824
2023-01-16 14:00:00,26.711491228070177
2023-01-16 14:30:00,24.78026315789474
2023-01-16 15:00:00,22.268508771929827
2023-01-16 15:30:00,19.53789473684211
2023-01-16 16:00:00,16.472631578947368
2023-01-16 16:30:00,13.435942228234296
2023-01-16 17:00:00,11.170404570421619
2023-01-16 17:30:00,10.32680807919355
2023-01-16 18:00:00,10.35321982907046
2023-01-16 18:30:00,10.628035087719299
2023-01-16 19:00:00,10.713166666666668
2023-01-16 19:30:00,11.067239956714175
2023-01-16 20:00:00,11.347989702442975
2023-01-16 20:30:00,11.517463386653501
2023-01-16 21:00:00,11.123131070404968
2023-01-16 21:30:00,10.430877192982457
2023-01-16 22:00:00,9.83964912280702
2023-01-16 22:30:00,9.355789473684212
2023-01-16 23:00:00,9.26863157894737
2023-01-16 23:30:00,9.253122807017542
2023-01-17 00:00:00,9.584315789473687
2023-01-17 00:30:00,9.515157894736843
2023-01-17 01:00:00,9.437894736842106
2023-01-17 01:30:00,9.3940350877193
2023-01-17 02:00:00,9.446813065712586
2023-01-17 02:30:00,9.720827157314792
2023-01-17 03:00:00,11.614953467095257
2023-01-17 03:30:00,14.7947726301919
2023-01-17 04:00:00,17.66495942169393
2023-01-17 04:30:00,20.796658165710515
2023-01-17 05:00:00,23.738502615713298
2023-01-17 05:30:00,27.544670117093542
2023-01-17 06:00:00,29.921959757713186
2023-01-17 06:30:00,30.687374005310843
2023-01-17 07:00:00,30.847325749780264
2023-01-17 07:30:00,30.922122807017548
2023-01-17 08:00:00,31.097728070175446
2023-01-17 08:30:00,31.112315789473687
2023-01-17 09:00:00,31.121333333333336
2023-01-17 09:30:00,31.035754385964918
2023-01-17 10:00:00,31.014280701754387
2023-01-17 10:30:00,31.03271131431372
2023-01-17 11:00:00,30.956443299216303
2023-01-17 11:30:00,30.872276627497143
2023-01-17 12:00:00,30.65803978539188
2023-01-17 12:30:00,30.262421042526586
2023-01-17 13:00:00,29.94034318990468
2023-01-17 13:30:00,28.8788870495538
2023-01-17 14:00:00,27.150343189904675
2023-01-17 14:30:00,24.28580295633884
2023-01-17 15:00:00,21.558989422568896
2023-01-17 15:30:00,19.024520830661462
2023-01-17 16:00:00,17.11399451487199
2023-01-17 16:30:00,15.17612391716973
2023-01-17 17:00:00,13.394385964912283
2023-01-17 17:30:00,11.768771929824561
2023-01-17 18:00:00,10.783508771929824
2023-01-17 18:30:00,10.293245614035088
2023-01-17 19:00:00,10.055964912280702
2023-01-17 19:30:00,9.767192982456143
2023-01-17 20:00:00,9.432456140350878
2023-01-17 20:30:00,9.216491228070176
2023-01-17 21:00:00,9.139263157894739
2023-01-17 21:30:00,9.173298245614037
2023-01-17 22:00:00,9.354254385964913
2023-01-17 22:30:00,9.60382456140351
2023-01-17 23:00:00,9.653589473684212
2023-01-17 23:30:00,9.69898947368421
2023-01-18 00:00:00,8.950764912280698
2023-01-18 00:30:00,8.744305263157893
2023-01-18 01:00:00,8.60482456140351
2023-01-18 01:30:00,8.442491228070176
2023-01-18 02:00:00,8.14313157894737
2023-01-18 02:30:00,7.810271929824562
2023-01-18 03:00:00,7.946842105263159
2023-01-18 03:30:00,9.379394736842107
2023-01-18 04:00:00,12.739578947368422
2023-01-18 04:30:00,17.20385964912281
2023-01-18 05:00:00,22.494943002385526
2023-01-18 05:30:00,26.716090737856234
2023-01-18 06:00:00,29.699599509786058
2023-01-18 06:30:00,30.92733829704324
2023-01-18 07:00:00,31.1361403508772
2023-01-18 07:30:00,31.155789473684212
2023-01-18 08:00:00,31.10521052631579
2023-01-18 08:30:00,31.084228070175442
2023-01-18 09:00:00,31.07670175438597
2023-01-18 09:30:00,31.112570175438602
2023-01-18 10:00:00,31.22645614035088
2023-01-18 10:30:00,31.206131578947367
2023-01-18 11:00:00,31.183201754385966
2023-01-18 11:30:00,31.124535087719305
2023-01-18 12:00:00,31.163859649122813
2023-01-18 12:30:00,30.976606631819354
2023-01-18 13:00:00,28.616036181192523
2023-01-18 13:30:00,23.954060020017934
2023-01-18 14:00:00,18.43566296412114
2023-01-18 14:30:00,15.934407036155235
2023-01-18 15:00:00,17.22812763024207
2023-01-18 15:30:00,19.095409656201834
2023-01-18 16:00:00,19.325640375359793
2023-01-18 16:30:00,16.942350877192982
2023-01-18 17:00:00,15.224912280701757
2023-01-18 17:30:00,13.894385964912281
2023-01-18 18:00:00,13.147087719298247
2023-01-18 18:30:00,11.935754385964913
2023-01-18 19:00:00,11.050491228070177
2023-01-18 19:30:00,10.309236842105264
2023-01-18 20:00:00,10.298666666666668
2023-01-18 20:30:00,10.478807017543861
2023-01-18 21:00:00,10.772078947368422
2023-01-18 21:30:00,10.907789473684211
2023-01-18 22:00:00,10.797561403508773
2023-01-18 22:30:00,10.683526315789473
2023-01-18 23:00:00,10.753100000000002
2023-01-18 23:30:00,11.166281578947368
2023-01-19 00:00:00,11.987298245614035
2023-01-19 00:30:00,12.56217543859649
2023-01-19 01:00:00,13.039649122807019
2023-01-19 01:30:00,13.234385964912283
2023-01-19 02:00:00,12.958596491228072
2023-01-19 02:30:00,12.10185782940706
2023-01-19 03:00:00,11.170556358808133
2023-01-19 03:30:00,11.248319852786418
2023-01-19 04:00:00,13.445165333700265
2023-01-19 04:30:00,18.080789747776503
2023-01-19 05:00:00,23.37802015605621
2023-01-19 05:30:00,27.719849271727668
2023-01-19 06:00:00,29.997713454816846
2023-01-19 06:30:00,30.8432185717149
2023-01-19 07:00:00,30.942406198260176
2023-01-19 07:30:00,30.937666666666672
2023-01-19 08:00:00,30.982131578947374
2023-01-19 08:30:00,31.036640350877196
2023-01-19 09:00:00,31.11826315789474
2023-01-19 09:30:00,31.122631578947374
2023-01-19 10:00:00,31.134385964912287
2023-01-19 10:30:00,31.13057894736843
2023-01-19 11:00:00,31.127543859649126
2023-01-19 11:30:00,31.13597368421053
2023-01-19 12:00:00,31.16889473684211
2023-01-19 12:30:00,30.873982456140354
2023-01-19 13:00:00,30.29087719298246
2023-01-19 13:30:00,28.96385964912281
2023-01-19 14:00:00,26.874385964912282
2023-01-19 14:30:00,24.37824561403509
2023-01-19 15:00:00,21.763508771929832
2023-01-19 15:30:00,19.650526315789477
2023-01-19 16:00:00,18.027368421052635
2023-01-19 16:30:00,16.312236842105268
2023-01-19 17:00:00,14.709561403508774
2023-01-19 17:30:00,13.303947368421055
2023-01-19 18:00:00,12.463000000000001
2023-01-19 18:30:00,11.969982456140352
2023-01-19 19:00:00,11.340859649122807
2023-01-19 19:30:00,10.54113157894737
2023-01-19 20:00:00,9.90701754385965
2023-01-19 20:30:00,9.497543859649124
2023-01-19 21:00:00,9.44947368421053
2023-01-19 21:30:00,9.574359649122808
2023-01-19 22:00:00,9.811245614035089
2023-01-19 22:30:00,10.071622807017546
2023-01-19 23:00:00,10.410266666666667
2023-01-19 23:30:00,10.761610526315785
2023-01-20 00:00:00,11.015473684210528
2023-01-20 00:30:00,11.569964912280701
2023-01-20 01:00:00,12.229473684210527
2023-01-20 01:30:00,12.501052631578949
2023-01-20 02:00:00,12.463157894736844
2023-01-20 02:30:00,11.907191809572767
2023-01-20 03:00:00,11.138925150371591
2023-01-20 03:30:00,11.073156796538077
2023-01-20 04:00:00,13.594434156520288
2023-01-20 04:30:00,18.61566596393177
2023-01-20 05:00:00,24.392670923816738
2023-01-20 05:30:00,28.46826965161155
2023-01-20 06:00:00,30.066393601100504
2023-01-20 06:30:00,30.42012008749222
2023-01-20 07:00:00,30.589140350877198
2023-01-20 07:30:00,30.730561403508776
2023-01-20 08:00:00,30.932157894736847
2023-01-20 08:30:00,30.953157894736847
2023-01-20 09:00:00,30.982377192982458
2023-01-20 09:30:00,31.071561403508777
2023-01-20 10:00:00,31.07965789473685
2023-01-20 10:30:00,31.052964912280704
2023-01-20 11:00:00,31.04276315789474
2023-01-20 11:30:00,30.950245614035094
2023-01-20 12:00:00,30.948763157894742
2023-01-20 12:30:00,30.809508771929828
2023-01-20 13:00:00,30.43568421052632
2023-01-20 13:30:00,29.33709649122807
2023-01-20 14:00:00,27.370526315789476
2023-01-20 14:30:00,24.489824561403513
2023-01-20 15:00:00,21.083508771929825
2023-01-20 15:30:00,17.948771929824563
2023-01-20 16:00:00,15.234385964912283
2023-01-20 16:30:00,13.079298245614035
2023-01-20 17:00:00,11.290175438596492
2023-01-20 17:30:00,10.257334333452514
2023-01-20 18:00:00,9.963304246329118
2023-01-20 18:30:00,10.271374421767712
2023-01-20 19:00:00,10.818041088434379
2023-01-20 19:30:00,11.288070175438598
2023-01-20 20:00:00,11.42842105263158
2023-01-20 20:30:00,11.179377192982457
2023-01-20 21:00:00,10.82642105263158
2023-01-20 21:30:00,10.672000000000002
2023-01-20 22:00:00,10.544078947368423
2023-01-20 22:30:00,10.322280701754387
2023-01-20 23:00:00,10.082724561403507
2023-01-20 23:30:00,9.8672096491228
2023-01-21 00:00:00,10.639157894736845
2023-01-21 00:30:00,11.606456140350879
2023-01-21 01:00:00,12.483508771929825
2023-01-21 01:30:00,13.469719298245616
2023-01-21 02:00:00,14.134734339372772
2023-01-21 02:30:00,14.316988398891391
2023-01-21 03:00:00,14.82627743871794
2023-01-21 03:30:00,16.707810592233795
2023-01-21 04:00:00,19.21184224755247
2023-01-21 04:30:00,22.29711431316271
2023-01-21 05:00:00,25.053123956732097
2023-01-21 05:30:00,27.886127908977144
2023-01-21 06:00:00,29.911924624446318
2023-01-21 06:30:00,30.77683912892554
2023-01-21 07:00:00,30.88345509837943
2023-01-21 07:30:00,31.053160220107277
2023-01-21 08:00:00,31.085546185019552
2023-01-21 08:30:00,31.129412280701757
2023-01-21 09:00:00,31.048035087719303
2023-01-21 09:30:00,31.122052631578953
2023-01-21 10:00:00,31.169868421052637
2023-01-21 10:30:00,31.26024561403509
2023-01-21 11:00:00,31.201614035087726
2023-01-21 11:30:00,31.150385964912285
2023-01-21 12:00:00,30.988631578947373
2023-01-21 12:30:00,30.61650877192983
2023-01-21 13:00:00,30.038684210526316
2023-01-21 13:30:00,28.883964912280707
2023-01-21 14:00:00,27.793561403508775
2023-01-21 14:30:00,26.587245821323418
2023-01-21 15:00:00,24.779615278817673
2023-01-21 15:30:00,22.86847607860209
2023-01-21 16:00:00,20.010528940313353
2023-01-21 16:30:00,17.443461361665854
2023-01-21 17:00:00,14.921923137808513
2023-01-21 17:30:00,13.057817414385978
2023-01-21 18:00:00,12.117900221627147
2023-01-21 18:30:00,11.49881859381673
2023-01-21 19:00:00,10.967719298245617
2023-01-21 19:30:00,10.639298245614036
2023-01-21 20:00:00,10.581315789473686
2023-01-21 20:30:00,10.99322807017544
2023-01-21 21:00:00,11.266649122807019
2023-01-21 21:30:00,11.4635350877193
2023-01-21 22:00:00,11.754280701754388
2023-01-21 22:30:00,12.070526315789474
2023-01-21 23:00:00,12.164852631578947
2023-01-21 23:30:00,12.000717543859649
2023-01-22 00:00:00,11.55137368421053
2023-01-22 00:30:00,11.44600350877193
2023-01-22 01:00:00,11.393894736842107
2023-01-22 01:30:00,11.616000000000001
2023-01-22 02:00:00,12.147526315789476
2023-01-22 02:30:00,12.56421052631579
2023-01-22 03:00:00,12.379362591210539
2023-01-22 03:30:00,12.190502454402045
2023-01-22 04:00:00,13.80864841190894
2023-01-22 04:30:00,17.626911020746245
2023-01-22 05:00:00,22.419256187927104
2023-01-22 05:30:00,26.684857849652477
2023-01-22 06:00:00,29.23159157765353
2023-01-22 06:30:00,30.68238470935799
2023-01-22 07:00:00,31.02384349369917
2023-01-22 07:30:00,31.0175350877193
2023-01-22 08:00:00,31.011166666666668
2023-01-22 08:30:00,31.045315789473687
2023-01-22 09:00:00,31.11967543859649
2023-01-22 09:30:00,31.166438596491233
2023-01-22 10:00:00,31.208578947368423
2023-01-22 10:30:00,31.20429824561404
2023-01-22 11:00:00,31.178333333333338
2023-01-22 11:30:00,31.098947368421054
2023-01-22 12:00:00,31.063421052631583
2023-01-22 12:30:00,30.736938596491232
2023-01-22 13:00:00,30.60276032332815
2023-01-22 13:30:00,29.50425185675795
2023-01-22 14:00:00,27.642146593600057
2023-01-22 14:30:00,24.53668848031636
2023-01-22 15:00:00,21.181754385964915
2023-01-22 15:30:00,18.58140350877193
2023-01-22 16:00:00,16.374736842105268
2023-01-22 16:30:00,14.563157894736845
2023-01-22 17:00:00,12.745263157894739
2023-01-22 17:30:00,11.280701754385966
2023-01-22 18:00:00,10.656491228070177
2023-01-22 18:30:00,10.433578947368423
2023-01-22 19:00:00,10.607070175438599
2023-01-22 19:30:00,10.929464912280702
2023-01-22 20:00:00,11.188631578947371
2023-01-22 20:30:00,11.32130701754386
2023-01-22 21:00:00,11.317149122807018
2023-01-22 21:30:00,11.443947368421055
2023-01-22 22:00:00,11.978333333333337
2023-01-22 22:30:00,12.552543859649125
2023-01-22 23:00:00,13.116770175438598
2023-01-22 23:30:00,13.564593859649124
2023-01-23 00:00:00,13.420217543859652
2023-01-23 00:30:00,13.179484210526317
2023-01-23 01:00:00,12.838649122807018
2023-01-23 01:30:00,12.255307017543862
2023-01-23 02:00:00,11.419649122807018
2023-01-23 02:30:00,10.706666666666669
2023-01-23 03:00:00,10.396833240207945
2023-01-23 03:30:00,11.19115700609551
2023-01-23 04:00:00,13.840630690306037
2023-01-23 04:30:00,18.81568066999256
2023-01-23 05:00:00,25.058829864254637
2023-01-23 05:30:00,29.233438672163384
2023-01-23 06:00:00,31.116469942812852
2023-01-23 06:30:00,28.68385481035131
2023-01-23 07:00:00,26.418480304810316
2023-01-23 07:30:00,25.637208374985757
2023-01-23 08:00:00,26.221530360656917
2023-01-23 08:30:00,28.1917426735594
2023-01-23 09:00:00,28.879926884085716
2023-01-23 09:30:00,29.92554429849189
2023-01-23 10:00:00,30.512052631578953
2023-01-23 10:30:00,30.41807420523968
2023-01-23 11:00:00,29.951275247297986
2023-01-23 11:30:00,28.26663126262996
2023-01-23 12:00:00,27.035028024161203
2023-01-23 12:30:00,25.945078690370895
2023-01-23 13:00:00,26.490706249386374
2023-01-23 13:30:00,26.777236489794706
2023-01-23 14:00:00,26.594976356443215
2023-01-23 14:30:00,25.23438596491229
2023-01-23 15:00:00,23.1680701754386
2023-01-23 15:30:00,20.798143310373188
2023-01-23 16:00:00,17.78726611739073
2023-01-23 16:30:00,14.78761699458371
2023-01-23 17:00:00,12.254532656992025
2023-01-23 17:30:00,11.045578947368421
2023-01-23 18:00:00,10.671894736842106
2023-01-23 18:30:00,10.578684210526317
2023-01-23 19:00:00,10.471578947368421
2023-01-23 19:30:00,10.51122807017544
2023-01-23 20:00:00,10.538596491228072
2023-01-23 20:30:00,10.342105263157896
2023-01-23 21:00:00,9.975087719298246
30:00,9
2023-01-23 22:00:00,9.684210526315791
2023-01-23 22:30:00,9.967719298245616
2023-01-23 23:00:00,10.258666666666665
2023-01-23 23:30:00,10.563614035087715
2023-01-24 00:00:00,10.35708771929825
2023-01-24 00:30:00,11.678175438596492
2023-01-24 01:00:00,12.695087719298249
2023-01-24 01:30:00,12.823157894736845
2023-01-24 02:00:00,11.612280701754388
2023-01-24 02:30:00,9.846808997458616
2023-01-24 03:00:00,8.793717401458055
2023-01-24 03:30:00,9.142951640767638
2023-01-24 04:00:00,11.858739801485681
2023-01-24 04:30:00,17.01079692014139
2023-01-24 05:00:00,23.0291011047955
2023-01-24 05:30:00,27.80079533326615
2023-01-24 06:00:00,30.03883746584535
2023-01-24 06:30:00,30.841288033425574
2023-01-24 07:00:00,31.11378070175439
2023-01-24 07:30:00,31.191771929824565
2023-01-24 08:00:00,31.103368421052636
2023-01-24 08:30:00,31.08152631578948
2023-01-24 09:00:00,31.100114035087724
2023-01-24 09:30:00,31.292307017543862
2023-01-24 10:00:00,31.32705263157895
2023-01-24 10:30:00,31.261526315789478
2023-01-24 11:00:00,30.866403508771935
2023-01-24 11:30:00,30.001824561403513
2023-01-24 12:00:00,29.228561403508778
2023-01-24 12:30:00,28.603508771929825
2023-01-24 13:00:00,28.50521929824562
2023-01-24 13:30:00,27.74268421052632
2023-01-24 14:00:00,26.029350877192986
2023-01-24 14:30:00,23.68966666666667
2023-01-24 15:00:00,21.140350877192986
2023-01-24 15:30:00,19.147719298245615
2023-01-24 16:00:00,17.04842105263158
2023-01-24 16:30:00,15.273684210526318
2023-01-24 17:00:00,13.498596491228072
2023-01-24 17:30:00,12.020508771929826
2023-01-24 18:00:00,10.870298245614038
2023-01-24 18:30:00,9.969947368421053
2023-01-24 19:00:00,9.629166666666668
2023-01-24 19:30:00,9.585894736842107
2023-01-24 20:00:00,9.915491228070175
2023-01-24 20:30:00,10.406543859649124
2023-01-24 21:00:00,10.639973684210526
2023-01-24 21:30:00,10.68009649122807
2023-01-24 22:00:00,10.479736842105266
2023-01-24 22:30:00,10.164570175438598
2023-01-24 23:00:00,10.051819298245613
2023-01-24 23:30:00,9.937676315789473
2023-01-25 00:00:00,10.402375438596492
2023-01-25 00:30:00,10.547712280701754
2023-01-25 01:00:00,10.686666666666667
2023-01-25 01:30:00,10.839719298245614
2023-01-25 02:00:00,10.823134898893407
2023-01-25 02:30:00,10.401293613174943
2023-01-25 03:00:00,10.88681957594941
2023-01-25 03:30:00,13.524820098293512
2023-01-25 04:00:00,16.914878951999118
2023-01-25 04:30:00,20.91856666622525
2023-01-25 05:00:00,24.309671460925085
2023-01-25 05:30:00,27.59721497463994
2023-01-25 06:00:00,30.10278550618982
2023-01-25 06:30:00,30.85645221656607
2023-01-25 07:00:00,30.913614035087722
2023-01-25 07:30:00,30.995947368421056
2023-01-25 08:00:00,30.99833333333334
2023-01-25 08:30:00,30.715622807017542
2023-01-25 09:00:00,30.50449122807018
2023-01-25 09:30:00,30.242017543859657
2023-01-25 10:00:00,30.043675438596495
2023-01-25 10:30:00,29.820000000000007
2023-01-25 11:00:00,29.759078947368423
2023-01-25 11:30:00,29.879368421052632
2023-01-25 12:00:00,29.496745614035092
2023-01-25 12:30:00,29.052850877192984
2023-01-25 13:00:00,28.56842105263158
2023-01-25 13:30:00,28.286666666666672
2023-01-25 14:00:00,27.375438596491232
2023-01-25 14:30:00,25.284561403508775
2023-01-25 15:00:00,22.304912280701757
2023-01-25 15:30:00,19.091340941344445
2023-01-25 16:00:00,16.371804689706433
2023-01-25 16:30:00,14.296412703365306
2023-01-25 17:00:00,12.850520121945465
2023-01-25 17:30:00,11.778100621205509
2023-01-25 18:00:00,11.064942726468665
2023-01-25 18:30:00,10.62949062788707
2023-01-25 19:00:00,10.502526315789476
2023-01-25 19:30:00,10.766552631578948
2023-01-25 20:00:00,11.209596491228071
2023-01-25 20:30:00,11.595561403508773
2023-01-25 21:00:00,11.590464912280703
2023-01-25 21:30:00,11.280543859649123
2023-01-25 22:00:00,10.90487719298246
2023-01-25 22:30:00,10.665456140350878
2023-01-25 23:00:00,10.55298245614035
2023-01-25 23:30:00,10.432824561403505
2023-01-26 00:00:00,10.458830679646177
2023-01-26 00:30:00,10.884997845057953
2023-01-26 01:00:00,11.459161412612886
2023-01-26 01:30:00,12.199618131689675
2023-01-26 02:00:00,12.955438596491229
2023-01-26 02:30:00,13.423157894736844
2023-01-26 03:00:00,13.505452157857938
2023-01-26 03:30:00,14.491470170588007
2023-01-26 04:00:00,16.423623462132664
2023-01-26 04:30:00,19.403001393570918
2023-01-26 05:00:00,22.908186287574292
2023-01-26 05:30:00,26.350475015674345
2023-01-26 06:00:00,29.161316294315725
2023-01-26 06:30:00,30.63366041921982
2023-01-26 07:00:00,30.911027170661587
2023-01-26 07:30:00,31.02829824561404
2023-01-26 08:00:00,31.193786587284432
2023-01-26 08:30:00,31.283157939829035
2023-01-26 09:00:00,31.328596536320262
2023-01-26 09:30:00,31.337988319124303
2023-01-26 10:00:00,31.3085701754386
2023-01-26 10:30:00,31.109026315789478
2023-01-26 11:00:00,30.418578947368427
2023-01-26 11:30:00,30.014543859649127
2023-01-26 12:00:00,30.070204467945448
2023-01-26 12:30:00,30.50060942551487
2023-01-26 13:00:00,30.46047890524868
2023-01-26 13:30:00,29.159130438944725
2023-01-26 14:00:00,26.631256621125047
2023-01-26 14:30:00,23.22728208066144
2023-01-26 15:00:00,20.134736842105266
2023-01-26 15:30:00,17.329247931244023
2023-01-26 16:00:00,15.27502381020374
2023-01-26 16:30:00,13.307908318510234
2023-01-26 17:00:00,11.954440505985552
2023-01-26 17:30:00,11.243502221306306
2023-01-26 18:00:00,10.771809459981434
2023-01-26 18:30:00,10.357259536473304
2023-01-26 19:00:00,10.025964912280703
2023-01-26 19:30:00,10.20982456140351
2023-01-26 20:00:00,10.831228070175442
2023-01-26 20:30:00,11.775192982456142
2023-01-26 21:00:00,12.339508771929824
2023-01-26 21:30:00,12.44722807017544
2023-01-26 22:00:00,12.298280701754388
2023-01-26 22:30:00,12.03463157894737
2023-01-26 23:00:00,12.07921052631579
2023-01-26 23:30:00,12.197903508771928
2023-01-27 00:00:00,12.494736842105263
2023-01-27 00:30:00,12.646666666666668
2023-01-27 01:00:00,12.779298245614036
2023-01-27 01:30:00,12.767719298245616
2023-01-27 02:00:00,12.668947368421053
2023-01-27 02:30:00,12.622543859649126
2023-01-27 03:00:00,12.906450160513373
2023-01-27 03:30:00,13.646221878592284
2023-01-27 04:00:00,15.523053059758787
2023-01-27 04:30:00,19.679982770357224
2023-01-27 05:00:00,25.0546871290063
2023-01-27 05:30:00,29.078348075116008
2023-01-27 06:00:00,31.014497057541647
2023-01-27 06:30:00,30.918975046860904
2023-01-27 07:00:00,31.055449432179998
2023-01-27 07:30:00,31.116000000000003
2023-01-27 08:00:00,31.110807017543863
2023-01-27 08:30:00,31.137192982456146
2023-01-27 09:00:00,31.130526315789478
2023-01-27 09:30:00,31.195885964912282
2023-01-27 10:00:00,31.225736842105267
2023-01-27 10:30:00,31.140192982456142
2023-01-27 11:00:00,30.653000000000002
2023-01-27 11:30:00,30.34481578947369
2023-01-27 12:00:00,30.074368421052636
2023-01-27 12:30:00,30.199982456140358
2023-01-27 13:00:00,29.911110266259517
2023-01-27 13:30:00,29.14319044790135
2023-01-27 14:00:00,27.043190447901356
2023-01-27 14:30:00,24.235758121789143
2023-01-27 15:00:00,20.590012290007795
2023-01-27 15:30:00,17.083582511976594
2023-01-27 16:00:00,14.526907073380102
2023-01-27 16:30:00,12.898617599695891
2023-01-27 17:00:00,12.136789473684212
2023-01-27 17:30:00,11.864508771929826
2023-01-27 18:00:00,11.430877192982457
2023-01-27 18:30:00,11.120350877192983
2023-01-27 19:00:00,10.671561403508774
2023-01-27 19:30:00,10.665578947368422
2023-01-27 20:00:00,11.102771929824563
2023-01-27 20:30:00,11.404456140350879
2023-01-27 21:00:00,11.182333333333334
2023-01-27 21:30:00,10.61987719298246
2023-01-27 22:00:00,10.277982456140352
2023-01-27 22:30:00,10.149008771929827
2023-01-27 23:00:00,10.120064912280702
2023-01-27 23:30:00,10.067009649122804
2023-01-28 00:00:00,9.513473684210526
2023-01-28 00:30:00,9.69143859649123
2023-01-28 01:00:00,9.737543859649124
2023-01-28 01:30:00,9.549122807017545
2023-01-28 02:00:00,9.466023835750924
2023-01-28 02:30:00,9.535761286502341
2023-01-28 03:00:00,10.046752615770778
2023-01-28 03:30:00,11.38858483312224
2023-01-28 04:00:00,14.349298533269378
2023-01-28 04:30:00,18.601019733442566
2023-01-28 05:00:00,23.327311181966284
2023-01-28 05:30:00,26.97455764740825
2023-01-28 06:00:00,29.475223087543498
2023-01-28 06:30:00,30.636094211689255
2023-01-28 07:00:00,31.066570849281973
2023-01-28 07:30:00,31.134210526315798
2023-01-28 08:00:00,31.189473684210526
2023-01-28 08:30:00,31.240877192982463
2023-01-28 09:00:00,31.220175438596495
2023-01-28 09:30:00,31.16929824561404
2023-01-28 10:00:00,31.23908771929825
2023-01-28 10:30:00,31.24273684210527
2023-01-28 11:00:00,31.109140350877198
2023-01-28 11:30:00,31.04071929824562
2023-01-28 12:00:00,31.035219298245618
2023-01-28 12:30:00,31.150304681439632
2023-01-28 13:00:00,30.916173059874893
2023-01-28 13:30:00,29.604167153919047
2023-01-28 14:00:00,27.262623294269925
2023-01-28 14:30:00,23.823296684773
2023-01-28 15:00:00,20.62475485177845
2023-01-28 15:30:00,17.77914081669073
2023-01-28 16:00:00,15.540266159506935
2023-01-28 16:30:00,13.761633731421773
2023-01-28 17:00:00,12.55335539386307
2023-01-28 17:30:00,12.2858745042889
2023-01-28 18:00:00,13.68381281578189
2023-01-28 18:30:00,15.00688429075768
2023-01-28 19:00:00,15.820754566177996
2023-01-28 19:30:00,14.870745749296175
2023-01-28 20:00:00,13.574534043561316
2023-01-28 20:30:00,13.310614035087719
2023-01-28 21:00:00,12.896666666666668
2023-01-28 21:30:00,12.572105263157896
2023-01-28 22:00:00,11.659736842105263
2023-01-28 22:30:00,11.157675438596492
2023-01-28 23:00:00,11.192275438596491
2023-01-28 23:30:00,11.239715789473683
2023-01-29 00:00:00,11.510736842105265
2023-01-29 00:30:00,11.797684210526318
2023-01-29 01:00:00,12.115087719298247
2023-01-29 01:30:00,12.602105263157897
2023-01-29 02:00:00,13.189824561403512
2023-01-29 02:30:00,13.271406622537262
2023-01-29 03:00:00,12.720811620035994
2023-01-29 03:30:00,12.546131384869824
2023-01-29 04:00:00,14.085884389064239
2023-01-29 04:30:00,17.801005691996874
2023-01-29 05:00:00,22.489327580078893
2023-01-29 05:30:00,26.57988579111969
2023-01-29 06:00:00,29.355346166092346
2023-01-29 06:30:00,30.620699385733243
2023-01-29 07:00:00,30.888842105263162
2023-01-29 07:30:00,30.467789473684217
2023-01-29 08:00:00,30.162982456140355
2023-01-29 08:30:00,30.272631578947372
2023-01-29 09:00:00,30.380701754385967
2023-01-29 09:30:00,30.48105263157895
2023-01-29 10:00:00,30.368035087719303
2023-01-29 10:30:00,30.622912280701758
2023-01-29 11:00:00,30.36995614035088
2023-01-29 11:30:00,29.522157894736846
2023-01-29 12:00:00,28.313491228070177
2023-01-29 12:30:00,27.213956140350884
2023-01-29 13:00:00,26.283964912280705
2023-01-29 13:30:00,25.304719298245615
2023-01-29 14:00:00,24.216140350877193
2023-01-29 14:30:00,22.729701754385967
2023-01-29 15:00:00,20.871552631578947
2023-01-29 15:30:00,18.65334210526316
2023-01-29 16:00:00,16.196842105263162
2023-01-29 16:30:00,14.056649122807018
2023-01-29 17:00:00,12.758368421052632
2023-01-29 17:30:00,12.269456140350878
2023-01-29 18:00:00,11.68709649122807
2023-01-29 18:30:00,10.701754385964913
2023-01-29 19:00:00,9.876508771929826
2023-01-29 19:30:00,9.750263157894738
2023-01-29 20:00:00,9.986666666666666
2023-01-29 20:30:00,10.284912280701755
2023-01-29 21:00:00,10.647368421052633
2023-01-29 21:30:00,11.135438596491229
2023-01-29 22:00:00,11.568771929824564
2023-01-29 22:30:00,11.809473684210529
2023-01-29 23:00:00,12.01445614035088
2023-01-29 23:30:00,12.221333333333336
2023-01-30 00:00:00,12.090959584319448
2023-01-30 00:30:00,12.244746138599965
2023-01-30 01:00:00,12.616415866100603
2023-01-30 01:30:00,12.796456140350879
2023-01-30 02:00:00,13.04566666666667
2023-01-30 02:30:00,13.090124384226357
2023-01-30 03:00:00,13.107893419235316
2023-01-30 03:30:00,13.603829306511676
2023-01-30 04:00:00,14.902491903066704
2023-01-30 04:30:00,17.975891611946867
2023-01-30 05:00:00,21.5951197398776
2023-01-30 05:30:00,24.973651618462828
2023-01-30 06:00:00,27.167918323634524
2023-01-30 06:30:00,28.533333333333342
2023-01-30 07:00:00,29.747017543859652
2023-01-30 07:30:00,30.38576304274648
2023-01-30 08:00:00,30.903654659312526
2023-01-30 08:30:00,30.8902160628213
2023-01-30 09:00:00,31.077579673819894
2023-01-30 09:30:00,30.935675438596494
2023-01-30 10:00:00,30.81981578947369
2023-01-30 10:30:00,30.54369298245614
2023-01-30 11:00:00,30.629626108784706
2023-01-30 11:30:00,30.24181050392394
2023-01-30 12:00:00,29.55937692763092
2023-01-30 12:30:00,28.401928063384293
2023-01-30 13:00:00,27.415784569806693
2023-01-30 13:30:00,26.478260816360663
2023-01-30 14:00:00,24.734752044430838
2023-01-30 14:30:00,22.49375241814252
2023-01-30 15:00:00,19.770175438596493
2023-01-30 15:30:00,17.38863020329553
2023-01-30 16:00:00,15.530840041785398
2023-01-30 16:30:00,14.257155831259084
2023-01-30 17:00:00,13.37042476357528
2023-01-30 17:30:00,12.29116012594576
2023-01-30 18:00:00,11.12091153438643
2023-01-30 18:30:00,10.378075829711806
2023-01-30 19:00:00,10.149664117391858
2023-01-30 19:30:00,10.443909643309347
2023-01-30 20:00:00,10.717811833385072
2023-01-30 20:30:00,11.022373236893843
2023-01-30 21:00:00,11.198826969324116
2023-01-30 21:30:00,11.324885964912282
2023-01-30 22:00:00,11.433614035087722
2023-01-30 22:30:00,11.671464912280703
2023-01-30 23:00:00,12.088182456140352
2023-01-30 23:30:00,12.579966666666666
2023-01-31 00:00:00,12.634456140350878
2023-01-31 00:30:00,12.846947368421054
2023-01-31 01:00:00,13.439649122807019
2023-01-31 01:30:00,14.589031154452442
2023-01-31 02:00:00,15.903447935559251
2023-01-31 02:30:00,16.379588286436444
2023-01-31 03:00:00,15.38122949992102
2023-01-31 03:30:00,13.810252676572295
2023-01-31 04:00:00,13.878195651491644
2023-01-31 04:30:00,16.477376629381695
2023-01-31 05:00:00,20.811462975472114
2023-01-31 05:30:00,24.85649122807018
2023-01-31 06:00:00,27.628243579141316
2023-01-31 06:30:00,29.389256122460797
2023-01-31 07:00:00,29.912414017197637
2023-01-31 07:30:00,30.040133315443256
2023-01-31 08:00:00,29.536866359397475
2023-01-31 08:30:00,29.109122807017545
2023-01-31 09:00:00,28.980350877192986
2023-01-31 09:30:00,28.718245614035094
2023-01-31 10:00:00,28.803157894736845
2023-01-31 10:30:00,29.03263157894737
2023-01-31 11:00:00,29.57477813592271
2023-01-31 11:30:00,29.8817582553739
2023-01-31 12:00:00,29.57014422028618
2023-01-31 12:30:00,28.56298207143244
2023-01-31 13:00:00,27.453963605200954
2023-01-31 13:30:00,25.905964912280705
2023-01-31 14:00:00,23.56070175438597
2023-01-31 14:30:00,20.514050848866997
2023-01-31 15:00:00,17.90273098557187
2023-01-31 15:30:00,16.13360817855433
2023-01-31 16:00:00,15.321299043656913
2023-01-31 16:30:00,14.506666666666668
2023-01-31 17:00:00,13.528070175438598
2023-01-31 17:30:00,12.37263157894737
2023-01-31 18:00:00,10.719578947368424
2023-01-31 18:30:00,9.448140350877194
2023-01-31 19:00:00,8.729543859649125
2023-01-31 19:30:00,8.844245614035088
2023-01-31 20:00:00,9.354736842105265
2023-01-31 20:30:00,9.825964912280703
2023-01-31 21:00:00,10.360508771929826
2023-01-31 21:30:00,10.775859649122808
2023-01-31 22:00:00,11.104105263157896
2023-01-31 22:30:00,11.322000000000003
2023-01-31 23:00:00,11.300491228070177
2023-01-31 23:30:00,11.210912280701754
2023-02-01 00:00:00,10.772125438596492
2023-02-01 00:30:00,10.499878947368423
2023-02-01 01:00:00,10.293508771929826
2023-02-01 01:30:00,10.102157894736843
2023-02-01 02:00:00,9.995436243942732
2023-02-01 02:30:00,10.041469075255067
2023-02-01 03:00:00,10.417151167873273
2023-02-01 03:30:00,11.51615838411045
2023-02-01 04:00:00,13.635475838002849
2023-02-01 04:30:00,16.88286577431469
2023-02-01 05:00:00,20.688406358120492
2023-02-01 05:30:00,24.375038331722788
2023-02-01 06:00:00,26.945164360019973
2023-02-01 06:30:00,28.83914038707084
2023-02-01 07:00:00,29.72029824030677
2023-02-01 07:30:00,30.471559474584968
2023-02-01 08:00:00,30.61226315789474
2023-02-01 08:30:00,30.3181052631579
2023-02-01 09:00:00,29.697175438596492
2023-02-01 09:30:00,29.256456140350878
2023-02-01 10:00:00,28.821192982456143
2023-02-01 10:30:00,28.221754385964914
2023-02-01 11:00:00,27.36631578947369
2023-02-01 11:30:00,26.522105263157897
2023-02-01 12:00:00,26.091929824561408
2023-02-01 12:30:00,25.81543859649123
2023-02-01 13:00:00,25.895103811477345
2023-02-01 13:30:00,25.771100515827385
2023-02-01 14:00:00,24.951889989511596
2023-02-01 14:30:00,23.127759071023025
2023-02-01 15:00:00,20.79087719298246
2023-02-01 15:30:00,18.592280701754387
2023-02-01 16:00:00,16.458947368421054
2023-02-01 16:30:00,14.269883417972236
2023-02-01 17:00:00,11.94210752537726
2023-02-01 17:30:00,10.05459490079832
2023-02-01 18:00:00,8.80863613199144
2023-02-01 18:30:00,8.396397027666813
2023-02-01 19:00:00,8.383999215336422
2023-02-01 19:30:00,8.471254385964913
2023-02-01 20:00:00,8.372201754385967
2023-02-01 20:30:00,8.158675438596493
2023-02-01 21:00:00,8.075570175438598
2023-02-01 21:30:00,8.234280701754386
2023-02-01 22:00:00,8.567991228070177
2023-02-01 22:30:00,8.956938596491229
2023-02-01 23:00:00,9.217403508771932
2023-02-01 23:30:00,9.379964912280704
2023-02-02 00:00:00,9.48946052631579
2023-02-02 00:30:00,9.50571052631579
2023-02-02 01:00:00,9.830543859649126
2023-02-02 01:30:00,10.622807017543861
2023-02-02 02:00:00,11.517894736842104
2023-02-02 02:30:00,11.540125568590506
2023-02-02 03:00:00,11.080194666883301
2023-02-02 03:30:00,11.009572839535755
2023-02-02 04:00:00,12.978450025186014
2023-02-02 04:30:00,16.546089512381176
2023-02-02 05:00:00,20.913618673329818
2023-02-02 05:30:00,24.620432710895773
2023-02-02 06:00:00,27.094818675808053
2023-02-02 06:30:00,28.4182655137928
2023-02-02 07:00:00,29.172280701754392
2023-02-02 07:30:00,29.71368421052632
2023-02-02 08:00:00,30.17929824561404
2023-02-02 08:30:00,30.705964912280706
2023-02-02 09:00:00,30.863157894736844
2023-02-02 09:30:00,30.406000000000006
2023-02-02 10:00:00,29.3591052631579
2023-02-02 10:30:00,28.71068421052632
2023-02-02 11:00:00,28.7300350877193
2023-02-02 11:30:00,29.159596491228072
2023-02-02 12:00:00,29.089315789473687
2023-02-02 12:30:00,28.21526315789474
2023-02-02 13:00:00,27.11543859649123
2023-02-02 13:30:00,25.602807017543864
2023-02-02 14:00:00,24.17157894736842
2023-02-02 14:30:00,22.710175438596494
2023-02-02 15:00:00,21.5821052631579
2023-02-02 15:30:00,20.621403508771934
2023-02-02 16:00:00,19.198596491228074
2023-02-02 16:30:00,16.781052631578948
2023-02-02 17:00:00,13.935219465639603
2023-02-02 17:30:00,11.3877636600767
2023-02-02 18:00:00,9.851623309199507
2023-02-02 18:30:00,9.004232874625322
2023-02-02 19:00:00,8.587649122807019
2023-02-02 19:30:00,8.28934210526316
2023-02-02 20:00:00,8.065649122807018
2023-02-02 20:30:00,7.979605263157896
2023-02-02 21:00:00,7.989754385964914
2023-02-02 21:30:00,8.185701754385967
2023-02-02 22:00:00,8.515052631578948
2023-02-02 22:30:00,8.9140350877193
2023-02-02 23:00:00,9.216491228070176
2023-02-02 23:30:00,9.447543859649121
2023-02-03 00:00:00,9.34624561403509
2023-02-03 00:30:00,9.31340350877193
2023-02-03 01:00:00,9.34561403508772
2023-02-03 01:30:00,9.388070175438598
2023-02-03 02:00:00,9.67122807017544
2023-02-03 02:30:00,10.229122807017545
2023-02-03 03:00:00,11.101555391069375
2023-02-03 03:30:00,12.51646867099626
2023-02-03 04:00:00,15.070188190853344
2023-02-03 04:30:00,18.609742474474288
2023-02-03 05:00:00,22.41725854171264
2023-02-03 05:30:00,25.08874777724016
2023-02-03 06:00:00,26.77343615863956
2023-02-03 06:30:00,27.63433010943113
2023-02-03 07:00:00,27.885545963400915
2023-02-03 07:30:00,28.008333677102744
2023-02-03 08:00:00,27.689508771929827
2023-02-03 08:30:00,27.54466666666667
2023-02-03 09:00:00,27.316947368421054
2023-02-03 09:30:00,27.517105263157898
2023-02-03 10:00:00,27.80245614035088
2023-02-03 10:30:00,27.836491228070184
2023-02-03 11:00:00,27.7715411435141
2023-02-03 11:30:00,27.6441538205343
2023-02-03 12:00:00,27.503802943341316
2023-02-03 12:30:00,27.069375155881186
2023-02-03 13:00:00,26.289807017543865
2023-02-03 13:30:00,25.18770175438597
2023-02-03 14:00:00,23.954903508771935
2023-02-03 14:30:00,22.704210526315794
2023-02-03 15:00:00,21.3880701754386
2023-02-03 15:30:00,19.62105263157895
2023-02-03 16:00:00,17.656140350877195
2023-02-03 16:30:00,15.774584086892252
2023-02-03 17:00:00,13.874927581728443
2023-02-03 17:30:00,12.044316689656943
2023-02-03 18:00:00,10.654042190070465
2023-02-03 18:30:00,9.81854750691058
2023-02-03 19:00:00,9.484912280701755
2023-02-03 19:30:00,9.25859649122807
2023-02-03 20:00:00,9.300350877192985
2023-02-03 20:30:00,9.576491228070177
2023-02-03 21:00:00,10.24842105263158
2023-02-03 21:30:00,11.152982456140352
2023-02-03 22:00:00,11.957894736842107
2023-02-03 22:30:00,12.294736842105266
2023-02-03 23:00:00,12.23024561403509
2023-02-03 23:30:00,12.021157894736845
2023-02-04 00:00:00,10.819978947368424
2023-02-04 00:30:00,10.083898245614037
2023-02-04 01:00:00,9.509491228070177
2023-02-04 01:30:00,9.342938596491228
2023-02-04 02:00:00,9.238596491228073
2023-02-04 02:30:00,9.423881085248176
2023-02-04 03:00:00,10.069181215853538
2023-02-04 03:30:00,11.391500051784773
2023-02-04 04:00:00,14.492835606723718
2023-02-04 04:30:00,18.579006251236912
2023-02-04 05:00:00,22.96707760801003
2023-02-04 05:30:00,26.483591729067356
2023-02-04 06:00:00,28.81076055128649
2023-02-04 06:30:00,30.278830726725086
2023-02-04 07:00:00,30.190391865470037
2023-02-04 07:30:00,29.69929824561404
2023-02-04 08:00:00,29.210000000000004
2023-02-04 08:30:00,29.402210526315795
2023-02-04 09:00:00,29.69498245614035
2023-02-04 09:30:00,29.777298245614038
2023-02-04 10:00:00,29.74748245614035
2023-02-04 10:30:00,29.57582456140351
2023-02-04 11:00:00,29.86059649122807
2023-02-04 11:30:00,30.398228070175445
2023-02-04 12:00:00,30.638210526315792
2023-02-04 12:30:00,30.428035087719305
2023-02-04 13:00:00,29.259508771929827
2023-02-04 13:30:00,28.372631578947374
2023-02-04 14:00:00,27.2761403508772
2023-02-04 14:30:00,26.216140350877197
2023-02-04 15:00:00,25.475593717119455
2023-02-04 15:30:00,24.72199205177002
2023-02-04 16:00:00,23.1866569529037
2023-02-04 16:30:00,20.614492505523923
2023-02-04 17:00:00,17.425578851842477
2023-02-04 17:30:00,15.08872778542925
2023-02-04 18:00:00,13.423227785429248
2023-02-04 18:30:00,12.0998200330655
2023-02-04 19:00:00,11.04621052631579
2023-02-04 19:30:00,10.102640350877195
2023-02-04 20:00:00,9.534877192982457
2023-02-04 20:30:00,9.214175438596493
2023-02-04 21:00:00,9.192807017543862
2023-02-04 21:30:00,9.48726315789474
2023-02-04 22:00:00,9.799684210526317
2023-02-04 22:30:00,10.205649122807019
2023-02-04 23:00:00,10.494108771929826
2023-02-04 23:30:00,10.724671929824561
2023-02-05 00:00:00,9.965567512259392
2023-02-05 00:30:00,10.14615961657073
2023-02-05 01:00:00,10.32421052631579
2023-02-05 01:30:00,10.314736842105265
2023-02-05 02:00:00,10.310448504133747
2023-02-05 02:30:00,10.437801463915987
2023-02-05 03:00:00,11.08240515736639
2023-02-05 03:30:00,12.501642064554408
2023-02-05 04:00:00,15.4623053166333
2023-02-05 04:30:00,19.1345259348709
2023-02-05 05:00:00,23.118818568294557
2023-02-05 05:30:00,26.2434022594052
2023-02-05 06:00:00,28.577862427840795
2023-02-05 06:30:00,30.243310449305714
2023-02-05 07:00:00,31.011702294162912
2023-02-05 07:30:00,31.251125538542627
2023-02-05 08:00:00,31.191473684210525
2023-02-05 08:30:00,31.11813157894737
2023-02-05 09:00:00,30.78485964912281
2023-02-05 09:30:00,30.07785964912281
2023-02-05 10:00:00,29.181423541525643
2023-02-05 10:30:00,28.68953982877814
2023-02-05 11:00:00,28.79129421474305
2023-02-05 11:30:00,29.20769588187781
2023-02-05 12:00:00,29.577231890898393
2023-02-05 12:30:00,29.36670557510892
2023-02-05 13:00:00,28.65962538255069
2023-02-05 13:30:00,27.377658457645087
00:00,2
2023-02-05 14:30:00,24.093333333333337
2023-02-05 15:00:00,22.154035087719297
2023-02-05 15:30:00,20.20631578947369
2023-02-05 16:00:00,18.525263157894738
2023-02-05 16:30:00,16.87824561403509
2023-02-05 17:00:00,15.031142926036269
2023-02-05 17:30:00,13.401626669756155
2023-02-05 18:00:00,12.02369684519475
2023-02-05 18:30:00,11.317164212071061
2023-02-05 19:00:00,11.0100350877193
2023-02-05 19:30:00,10.832982456140352
2023-02-05 20:00:00,10.842140350877195
2023-02-05 20:30:00,10.867052631578948
2023-02-05 21:00:00,10.809070175438597
2023-02-05 21:30:00,10.883263157894739
2023-02-05 22:00:00,11.130631578947371
2023-02-05 22:30:00,11.819122807017544
2023-02-05 23:00:00,12.431587719298248
2023-02-05 23:30:00,13.017293859649122
2023-02-06 00:00:00,12.669306140350882
2023-02-06 00:30:00,12.642812280701756
2023-02-06 01:00:00,12.61842105263158
2023-02-06 01:30:00,12.159122807017544
2023-02-06 02:00:00,11.663347999347431
2023-02-06 02:30:00,11.033851115181902
2023-02-06 03:00:00,11.448303795463048
2023-02-06 03:30:00,13.142119691751688
2023-02-06 04:00:00,16.90948336814977
2023-02-06 04:30:00,21.953291664512367
2023-02-06 05:00:00,26.752484236423296
2023-02-06 05:30:00,29.783405577524842
2023-02-06 06:00:00,30.952299838761714
2023-02-06 06:30:00,31.117129125635
2023-02-06 07:00:00,31.091578947368422
2023-02-06 07:30:00,31.135789473684213
2023-02-06 08:00:00,31.232631578947373
2023-02-06 08:30:00,31.29564912280702
2023-02-06 09:00:00,31.314315789473692
2023-02-06 09:30:00,31.28423684210527
2023-02-06 10:00:00,31.223429824561407
2023-02-06 10:30:00,31.232947368421055
2023-02-06 11:00:00,31.176000000000005
2023-02-06 11:30:00,31.224368421052635
2023-02-06 12:00:00,31.125508771929827
2023-02-06 12:30:00,31.009421052631584
2023-02-06 13:00:00,30.963763157894743
2023-02-06 13:30:00,30.97763815775245
2023-02-06 14:00:00,30.767900618658445
2023-02-06 14:30:00,29.084304127430375
2023-02-06 15:00:00,26.33776344120872
2023-02-06 15:30:00,23.295438596491234
2023-02-06 16:00:00,20.993333333333336
2023-02-06 16:30:00,19.514736842105265
2023-02-06 17:00:00,17.931929824561404
2023-02-06 17:30:00,16.336140350877194
2023-02-06 18:00:00,14.741403508771931
2023-02-06 18:30:00,13.37684210526316
2023-02-06 19:00:00,12.419385964912282
2023-02-06 19:30:00,11.805789473684213
2023-02-06 20:00:00,11.369649122807019
2023-02-06 20:30:00,11.206140350877194
2023-02-06 21:00:00,11.210526315789474
2023-02-06 21:30:00,11.292280701754388
2023-02-06 22:00:00,11.234035087719299
2023-02-06 22:30:00,11.236210526315793
2023-02-06 23:00:00,11.547066666666666
2023-02-06 23:30:00,12.156249122807017
2023-02-07 00:00:00,11.667139473684216
2023-02-07 00:30:00,11.150935087719299
2023-02-07 01:00:00,10.882105263157897
2023-02-07 01:30:00,10.876877192982457
2023-02-07 02:00:00,10.90466666666667
2023-02-07 02:30:00,10.965020271856119
2023-02-07 03:00:00,11.306477865420042
2023-02-07 03:30:00,13.817706766023429
2023-02-07 04:00:00,17.6513897312017
2023-02-07 04:30:00,23.049958860308596
2023-02-07 05:00:00,27.218448858443377
2023-02-07 05:30:00,30.037627548237978
2023-02-07 06:00:00,30.67272501424016
2023-02-07 06:30:00,29.669653859779586
2023-02-07 07:00:00,28.640630323635907
2023-02-07 07:30:00,28.09529364873705
2023-02-07 08:00:00,28.650791263681068
2023-02-07 08:30:00,28.559733731848116
2023-02-07 09:00:00,28.39731814889849
2023-02-07 09:30:00,28.669187918127665
2023-02-07 10:00:00,28.755247815349964
2023-02-07 10:30:00,29.081055752369377
2023-02-07 11:00:00,29.10477505061499
2023-02-07 11:30:00,29.363759548058635
2023-02-07 12:00:00,29.812578564751774
2023-02-07 12:30:00,29.946762775278092
2023-02-07 13:00:00,30.252799525350923
2023-02-07 13:30:00,30.666350877192986
2023-02-07 14:00:00,30.21921439763096
2023-02-07 14:30:00,28.867860785929082
2023-02-07 15:00:00,26.38808885610452
2023-02-07 15:30:00,23.849713829227824
2023-02-07 16:00:00,21.167017543859654
2023-02-07 16:30:00,18.649122807017545
2023-02-07 17:00:00,15.789824561403508
2023-02-07 17:30:00,13.435570175438599
2023-02-07 18:00:00,11.706280701754388
2023-02-07 18:30:00,10.748385964912282
2023-02-07 19:00:00,10.017780701754388
2023-02-07 19:30:00,9.815789473684212
2023-02-07 20:00:00,10.067368421052633
2023-02-07 20:30:00,10.675043859649124
2023-02-07 21:00:00,11.120859649122808
2023-02-07 21:30:00,11.057666666666668
2023-02-07 22:00:00,10.84940350877193
2023-02-07 22:30:00,10.746719298245615
2023-02-07 23:00:00,10.892156140350878
2023-02-07 23:30:00,11.105567543859648
2023-02-08 00:00:00,10.459225068435517
2023-02-08 00:30:00,10.696485090320927
2023-02-08 01:00:00,10.780701754385966
2023-02-08 01:30:00,10.712087719298248
2023-02-08 02:00:00,10.622373904800575
2023-02-08 02:30:00,10.53551685027065
2023-02-08 03:00:00,10.715291795888291
2023-02-08 03:30:00,11.715160323711757
2023-02-08 04:00:00,14.065768902604745
2023-02-08 04:30:00,17.83978631744475
2023-02-08 05:00:00,21.722624159892447
2023-02-08 05:30:00,25.03153248937555
2023-02-08 06:00:00,27.608888881507365
2023-02-08 06:30:00,29.523031668997664
2023-02-08 07:00:00,30.714171911782035
2023-02-08 07:30:00,31.065217129178446
2023-02-08 08:00:00,30.995789473684216
2023-02-08 08:30:00,31.03505263157895
2023-02-08 09:00:00,31.120175438596494
2023-02-08 09:30:00,31.161350877192987
2023-02-08 10:00:00,31.18526315789474
2023-02-08 10:30:00,31.160210526315794
2023-02-08 11:00:00,31.25529824561404
2023-02-08 11:30:00,31.301157894736846
2023-02-08 12:00:00,31.202385964912285
2023-02-08 12:30:00,30.939087719298247
2023-02-08 13:00:00,30.71107122143984
2023-02-08 13:30:00,30.610873927780954
2023-02-08 14:00:00,30.059708800305618
2023-02-08 14:30:00,28.567077221358247
2023-02-08 15:00:00,26.22987886049249
2023-02-08 15:30:00,23.452631578947372
2023-02-08 16:00:00,21.197543859649127
2023-02-08 16:30:00,18.85894736842106
2023-02-08 17:00:00,16.380102686452087
2023-02-08 17:30:00,13.999800343400105
2023-02-08 18:00:00,12.370393173345557
2023-02-08 18:30:00,11.69802634373368
2023-02-08 19:00:00,11.30967688796108
2023-02-08 19:30:00,10.52701754385965
2023-02-08 20:00:00,9.890877192982456
2023-02-08 20:30:00,9.578245614035088
2023-02-08 21:00:00,9.658596491228073
2023-02-08 21:30:00,10.060701754385967
2023-02-08 22:00:00,10.516842105263159
2023-02-08 22:30:00,11.111228070175441
2023-02-08 23:00:00,11.485614035087721
2023-02-08 23:30:00,11.755789473684212
2023-02-09 00:00:00,12.16312543859649
2023-02-09 00:30:00,12.482142105263158
2023-02-09 01:00:00,12.650192982456142
2023-02-09 01:30:00,12.298385964912283
2023-02-09 02:00:00,11.664912280701756
2023-02-09 02:30:00,10.77377022690005
2023-02-09 03:00:00,8.334928435226923
2023-02-09 03:30:00,9.161966448566227
2023-02-09 04:00:00,13.089281917105135
2023-02-09 04:30:00,19.827468656614812
2023-02-09 05:00:00,26.108828280967064
2023-02-09 05:30:00,28.963429037815843
2023-02-09 06:00:00,30.749157649754107
2023-02-09 06:30:00,31.159746281996586
2023-02-09 07:00:00,31.24361403508772
2023-02-09 07:30:00,31.26747368421053
2023-02-09 08:00:00,31.214385964912285
2023-02-09 08:30:00,31.183280701754388
2023-02-09 09:00:00,31.208210526315792
2023-02-09 09:30:00,31.30676315789474
2023-02-09 10:00:00,31.358807017543864
2023-02-09 10:30:00,31.38425438596492
2023-02-09 11:00:00,31.412456140350884
2023-02-09 11:30:00,31.490938596491233
2023-02-09 12:00:00,31.39787719298246
2023-02-09 12:30:00,31.18435964912281
2023-02-09 13:00:00,30.985307017543864
2023-02-09 13:30:00,30.475175438596494
2023-02-09 14:00:00,29.561192982456145
2023-02-09 14:30:00,28.40893859649123
2023-02-09 15:00:00,27.057894736842112
2023-02-09 15:30:00,25.35052631578948
2023-02-09 16:00:00,22.510526315789477
2023-02-09 16:30:00,19.11228070175439
2023-02-09 17:00:00,15.745614035087721
2023-02-09 17:30:00,13.060350877192983
2023-02-09 18:00:00,11.542105263157895
2023-02-09 18:30:00,10.831929824561405
2023-02-09 19:00:00,10.561754385964912
2023-02-09 19:30:00,9.893622807017545
2023-02-09 20:00:00,9.08005263157895
2023-02-09 20:30:00,8.473543859649125
2023-02-09 21:00:00,8.337350877192984
2023-02-09 21:30:00,8.430087719298248
2023-02-09 22:00:00,8.561561403508772
2023-02-09 22:30:00,8.720219298245615
2023-02-09 23:00:00,8.976026315789474
2023-02-09 23:30:00,9.280399122807014
2023-02-10 00:00:00,10.033465498906553
2023-02-10 00:30:00,10.012575011434153
2023-02-10 01:00:00,10.021754385964913
2023-02-10 01:30:00,9.89543859649123
2023-02-10 02:00:00,9.738901531309827
2023-02-10 02:30:00,9.486340964619336
2023-02-10 03:00:00,9.637863672163197
2023-02-10 03:30:00,11.793127149439854
2023-02-10 04:00:00,15.923669581528637
2023-02-10 04:30:00,20.803483126433502
2023-02-10 05:00:00,25.351468657017943
2023-02-10 05:30:00,28.25417172456389
2023-02-10 06:00:00,30.260816691345067
2023-02-10 06:30:00,31.01269520703431
2023-02-10 07:00:00,31.058771929824562
2023-02-10 07:30:00,30.980947368421056
2023-02-10 08:00:00,31.00450877192983
2023-02-10 08:30:00,31.019210526315792
2023-02-10 09:00:00,31.11192982456141
2023-02-10 09:30:00,31.168210526315793
2023-02-10 10:00:00,31.162561403508775
2023-02-10 10:30:00,31.148982456140356
2023-02-10 11:00:00,31.13531578947369
2023-02-10 11:30:00,31.197894736842105
2023-02-10 12:00:00,31.26649122807018
2023-02-10 12:30:00,31.261464912280704
2023-02-10 13:00:00,31.229210526315793
2023-02-10 13:30:00,31.102894736842106
2023-02-10 14:00:00,30.7390350877193
2023-02-10 14:30:00,29.63843859649123
2023-02-10 15:00:00,27.967368421052637
2023-02-10 15:30:00,25.955789473684217
2023-02-10 16:00:00,23.392982456140356
2023-02-10 16:30:00,20.503859649122806
2023-02-10 17:00:00,17.448421052631584
2023-02-10 17:30:00,15.116140350877195
2023-02-10 18:00:00,13.667719298245615
2023-02-10 18:30:00,12.456842105263158
2023-02-10 19:00:00,11.256491228070177
2023-02-10 19:30:00,10.140000000000002
2023-02-10 20:00:00,9.4540350877193
2023-02-10 20:30:00,9.186263157894738
2023-02-10 21:00:00,9.087429824561404
2023-02-10 21:30:00,9.085350877192983
2023-02-10 22:00:00,9.18090350877193
2023-02-10 22:30:00,9.30584210526316
2023-02-10 23:00:00,9.372743859649123
2023-02-10 23:30:00,9.428352631578946
2023-02-16 00:00:00,12.042035087719299
2023-02-16 00:30:00,12.752350877192983
2023-02-16 01:00:00,13.316842105263158
2023-02-16 01:30:00,13.576798245614038
2023-02-16 02:00:00,13.298823611931896
2023-02-16 02:30:00,12.737044022501834
2023-02-16 03:00:00,12.876486818367766
2023-02-16 03:30:00,14.2714039507131
2023-02-16 04:00:00,17.5610800128891
2023-02-16 04:30:00,21.756317716459165
2023-02-16 05:00:00,26.030227687166683
2023-02-16 05:30:00,28.868976662140554
2023-02-16 06:00:00,30.49019166595593
2023-02-16 06:30:00,31.096491228070178
2023-02-16 07:00:00,31.167675438596493
2023-02-16 07:30:00,31.18458771929825
2023-02-16 08:00:00,31.144000000000005
2023-02-16 08:30:00,31.11373684210527
2023-02-16 09:00:00,31.15664912280702
2023-02-16 09:30:00,31.19195614035088
2023-02-16 10:00:00,31.259543859649128
2023-02-16 10:30:00,31.264921052631582
2023-02-16 11:00:00,31.312824561403513
2023-02-16 11:30:00,31.34185964912281
2023-02-16 12:00:00,31.28620175438597
2023-02-16 12:30:00,31.253929824561407
2023-02-16 13:00:00,31.15581578947369
2023-02-16 13:30:00,30.712000000000003
2023-02-16 14:00:00,29.711149122807026
2023-02-16 14:30:00,28.157377192982462
2023-02-16 15:00:00,26.20587719298246
2023-02-16 15:30:00,23.290684795140205
2023-02-16 16:00:00,19.967702923613736
2023-02-16 16:30:00,17.234264327122506
2023-02-16 17:00:00,15.78974346954366
2023-02-16 17:30:00,15.857894736842107
2023-02-16 18:00:00,16.68866666666667
2023-02-16 18:30:00,18.205940953401022
2023-02-16 19:00:00,19.506453326419223
2023-02-16 19:30:00,19.004698940454308
2023-02-16 20:00:00,17.340495955934514
2023-02-16 20:30:00,14.87579080189625
2023-02-16 21:00:00,13.466877192982459
2023-02-16 21:30:00,12.837043859649123
2023-02-16 22:00:00,12.738719298245615
2023-02-16 22:30:00,12.58332456140351
2023-02-16 23:00:00,12.239022807017543
2023-02-16 23:30:00,11.794771052631576
2023-02-17 00:00:00,12.187382456140353
2023-02-17 00:30:00,12.229740350877194
2023-02-17 01:00:00,12.337473684210527
2023-02-17 01:30:00,12.200561403508773
2023-02-17 02:00:00,11.8846202064548
2023-02-17 02:30:00,11.316878881379298
2023-02-17 03:00:00,11.299829906677068
2023-02-17 03:30:00,13.07068028249983
2023-02-17 04:00:00,16.765748896465055
2023-02-17 04:30:00,21.720791168984373
2023-02-17 05:00:00,26.413917600318314
2023-02-17 05:30:00,29.46220174563483
2023-02-17 06:00:00,30.847769223665637
2023-02-17 06:30:00,31.117590329127484
2023-02-17 07:00:00,31.0670350877193
2023-02-17 07:30:00,31.057526315789477
2023-02-17 08:00:00,31.10943859649123
2023-02-17 08:30:00,31.134754385964914
2023-02-17 09:00:00,31.154745614035093
2023-02-17 09:30:00,31.208061403508776
2023-02-17 10:00:00,31.367175438596494
2023-02-17 10:30:00,31.509807017543864
2023-02-17 11:00:00,31.567903508771934
2023-02-17 11:30:00,31.441807017543862
2023-02-17 12:00:00,31.344736842105267
2023-02-17 12:30:00,31.292578947368426
2023-02-17 13:00:00,31.21069298245614
2023-02-17 13:30:00,31.155692982456145
2023-02-17 14:00:00,31.028868421052636
2023-02-17 14:30:00,30.632072351414234
2023-02-17 15:00:00,29.267335509308975
2023-02-17 15:30:00,26.764879368958095
2023-02-17 16:00:00,23.766602701843894
2023-02-17 16:30:00,21.03508771929825
2023-02-17 17:00:00,18.87684210526316
2023-02-17 17:30:00,17.090877192982457
2023-02-17 18:00:00,15.482456140350878
2023-02-17 18:30:00,13.92842105263158
2023-02-17 19:00:00,12.412280701754389
2023-02-17 19:30:00,10.976140350877195
2023-02-17 20:00:00,10.223333333333334
2023-02-17 20:30:00,10.060350877192983
2023-02-17 21:00:00,10.232429824561406
2023-02-17 21:30:00,10.476421052631581
2023-02-17 22:00:00,10.744912280701755
2023-02-17 22:30:00,11.146412280701755
2023-02-17 23:00:00,11.565326315789475
2023-02-17 23:30:00,11.941498245614033
2023-02-18 00:00:00,10.334286827447311
2023-02-18 00:30:00,11.148712056073345
2023-02-18 01:00:00,11.676578947368421
2023-02-18 01:30:00,11.939736842105264
2023-02-18 02:00:00,12.186146126952162
2023-02-18 02:30:00,12.322967834078064
2023-02-18 03:00:00,12.909336552497123
2023-02-18 03:30:00,15.71237624287866
2023-02-18 04:00:00,19.655406599575123
2023-02-18 04:30:00,25.01352295169242
2023-02-18 05:00:00,28.355705574414785
2023-02-18 05:30:00,30.611381028451998
2023-02-18 06:00:00,31.121170563520494
2023-02-18 06:30:00,31.180842105263164
2023-02-18 07:00:00,31.203017543859655
2023-02-18 07:30:00,31.183596491228073
2023-02-18 08:00:00,31.197429824561407
2023-02-18 08:30:00,31.16971929824562
2023-02-18 09:00:00,31.130578947368424
2023-02-18 09:30:00,30.954017543859653
2023-02-18 10:00:00,30.935333333333336
2023-02-18 10:30:00,30.95575438596492
2023-02-18 11:00:00,31.093421052631584
2023-02-18 11:30:00,31.260464912280707
2023-02-18 12:00:00,31.33746491228071
2023-02-18 12:30:00,31.357482456140357
2023-02-18 13:00:00,31.22816666666667
2023-02-18 13:30:00,31.1480701754386
2023-02-18 14:00:00,30.85212280701755
2023-02-18 14:30:00,29.80600877192983
2023-02-18 15:00:00,27.505242413609512
2023-02-18 15:30:00,24.55644973949973
2023-02-18 16:00:00,22.456908250533406
2023-02-18 16:30:00,21.015981744930453
2023-02-18 17:00:00,19.843143906901393
2023-02-18 17:30:00,17.727010549941927
2023-02-18 18:00:00,15.423859649122809
2023-02-18 18:30:00,13.561052631578947
2023-02-18 19:00:00,12.078947368421055
2023-02-18 19:30:00,11.187017543859652
2023-02-18 20:00:00,10.2740350877193
2023-02-18 20:30:00,9.838947368421055
2023-02-18 21:00:00,9.765964912280703
2023-02-18 21:30:00,10.14385964912281
2023-02-18 22:00:00,10.590526315789475
2023-02-18 22:30:00,10.915789473684214
2023-02-18 23:00:00,11.026912280701756
2023-02-18 23:30:00,11.011070175438595
2023-02-19 00:00:00,7.374715615769669
2023-02-19 00:30:00,8.772867827622152
2023-02-19 01:00:00,9.781775447915692
2023-02-19 01:30:00,9.920583366956945
2023-02-19 02:00:00,9.69123421291925
2023-02-19 02:30:00,9.653560029958545
2023-02-19 03:00:00,11.159057542965906
2023-02-19 03:30:00,15.397479776613466
2023-02-19 04:00:00,20.114377364931062
2023-02-19 04:30:00,25.001614698392604
2023-02-19 05:00:00,27.913092629681582
2023-02-19 05:30:00,30.004763486436463
2023-02-19 06:00:00,31.056974902357638
2023-02-19 06:30:00,31.21668421052632
2023-02-19 07:00:00,31.2261052631579
2023-02-19 07:30:00,30.86161309988691
2023-02-19 08:00:00,30.399055568209878
2023-02-19 08:30:00,30.203411264828702
2023-02-19 09:00:00,30.34745496114715
2023-02-19 09:30:00,30.76049697671533
2023-02-19 10:00:00,30.94229824561404
2023-02-19 10:30:00,31.03084210526316
2023-02-19 11:00:00,31.12795614035088
2023-02-19 11:30:00,31.205464912280707
2023-02-19 12:00:00,31.260026315789478
2023-02-19 12:30:00,31.197482456140353
2023-02-19 13:00:00,31.14931578947369
2023-02-19 13:30:00,30.87043859649123
2023-02-19 14:00:00,29.890877192982458
2023-02-19 14:30:00,28.935789473684213
2023-02-19 15:00:00,27.414736842105267
2023-02-19 15:30:00,25.896140350877193
2023-02-19 16:00:00,23.422807017543864
2023-02-19 16:30:00,20.87859649122807
2023-02-19 17:00:00,18.555438596491232
2023-02-19 17:30:00,17.060000000000002
2023-02-19 18:00:00,16.123508771929824
2023-02-19 18:30:00,15.725263157894739
2023-02-19 19:00:00,15.141403508771932
2023-02-19 19:30:00,14.057894736842107
2023-02-19 20:00:00,12.529473684210528
2023-02-19 20:30:00,11.195087719298245
2023-02-19 21:00:00,10.443859649122809
2023-02-19 21:30:00,10.272447368421055
2023-02-19 22:00:00,10.350473684210527
2023-02-19 22:30:00,10.572929824561404
2023-02-19 23:00:00,10.956378947368421
2023-02-19 23:30:00,11.419384210526317
2023-02-20 00:00:00,11.701923724981276
2023-02-20 00:30:00,11.780756167531377
2023-02-20 01:00:00,11.869027661342782
2023-02-20 01:30:00,11.932684210526316
2023-02-20 02:00:00,11.828613169952357
2023-02-20 02:30:00,11.853798123069305
2023-02-20 03:00:00,13.018551959235559
2023-02-20 03:30:00,15.129500433475194
2023-02-20 04:00:00,19.160786496073044
2023-02-20 04:30:00,23.188512697481954
2023-02-20 05:00:00,27.175233468032534
2023-02-20 05:30:00,29.611939926807953
2023-02-20 06:00:00,30.796010887353546
2023-02-20 06:30:00,31.270197593267714
2023-02-20 07:00:00,31.069473684210532
2023-02-20 07:30:00,30.469824561403513
2023-02-20 08:00:00,29.813914784678772
2023-02-20 08:30:00,29.00108566204392
2023-02-20 09:00:00,28.853857582129177
2023-02-20 09:30:00,28.862705592990807
2023-02-20 10:00:00,29.4245438304312
2023-02-20 10:30:00,29.47141225635349
2023-02-20 11:00:00,29.87633333333334
2023-02-20 11:30:00,29.766232568567702
2023-02-20 12:00:00,29.879603304778726
2023-02-20 12:30:00,29.329396545487317
2023-02-20 13:00:00,28.679285395843426
2023-02-20 13:30:00,28.587680406399357
2023-02-20 14:00:00,28.313936747716237
2023-02-20 14:30:00,27.472885384486755
2023-02-20 15:00:00,25.5327141457649
2023-02-20 15:30:00,23.254460270810526
2023-02-20 16:00:00,21.356350877192984
2023-02-20 16:30:00,19.978413588097467
2023-02-20 17:00:00,18.49093243935283
2023-02-20 17:30:00,16.68392944484379
2023-02-20 18:00:00,14.482798954219247
2023-02-20 18:30:00,12.548417500156377
2023-02-20 19:00:00,11.606612478951876
2023-02-20 19:30:00,11.35488677709324
2023-02-20 20:00:00,11.557824561403512
2023-02-20 20:30:00,11.653833333333333
2023-02-20 21:00:00,11.797000000000002
2023-02-20 21:30:00,12.152622807017545
2023-02-20 22:00:00,12.593368421052633
2023-02-20 22:30:00,12.99442105263158
2023-02-20 23:00:00,13.082970175438597
2023-02-20 23:30:00,13.068665789473682
2023-02-21 00:00:00,12.490215087516356
2023-02-21 00:30:00,12.49429655105226
2023-02-21 01:00:00,12.45561403508772
2023-02-21 01:30:00,12.164736842105263
2023-02-21 02:00:00,11.438551237926037
2023-02-21 02:30:00,10.699019641418268
2023-02-21 03:00:00,10.65330642708068
2023-02-21 03:30:00,12.627713760063578
2023-02-21 04:00:00,16.89086150462727
2023-02-21 04:30:00,21.78051087114405
2023-02-21 05:00:00,25.90526315789474
2023-02-21 05:30:00,28.430175438596493
2023-02-21 06:00:00,30.0111052631579
2023-02-21 06:30:00,30.878122807017547
2023-02-21 07:00:00,31.157570175438604
2023-02-21 07:30:00,31.114061403508774
2023-02-21 08:00:00,31.10028070175439
2023-02-21 08:30:00,31.15152631578948
2023-02-21 09:00:00,31.25537719298246
2023-02-21 09:30:00,31.295245614035093
2023-02-21 10:00:00,31.299535087719303
2023-02-21 10:30:00,31.2655350877193
2023-02-21 11:00:00,31.229929824561406
2023-02-21 11:30:00,31.234201754385968
2023-02-21 12:00:00,31.19464912280702
2023-02-21 12:30:00,31.166035087719305
2023-02-21 13:00:00,31.10499122807018
2023-02-21 13:30:00,31.003807790786794
2023-02-21 14:00:00,30.724687901159655
2023-02-21 14:30:00,29.160645823054352
2023-02-21 15:00:00,26.049332267883482
2023-02-21 15:30:00,22.551500102900025
2023-02-21 16:00:00,20.35648116652659
2023-02-21 16:30:00,19.470421883129397
2023-02-21 17:00:00,18.237894736842108
2023-02-21 17:30:00,15.81090087666633
2023-02-21 18:00:00,13.320106957854563
2023-02-21 18:30:00,11.794492922766844
2023-02-21 19:00:00,11.43782917065522
2023-02-21 19:30:00,11.842719298245614
2023-02-21 20:00:00,12.239912280701754
2023-02-21 20:30:00,12.622622807017544
2023-02-21 21:00:00,12.630657894736842
2023-02-21 21:30:00,12.569824561403513
2023-02-21 22:00:00,12.477192982456144
2023-02-21 22:30:00,12.539526315789475
2023-02-21 23:00:00,12.629101754385966
2023-02-21 23:30:00,12.736126315789472
2023-02-22 00:00:00,12.587794736842108
2023-02-22 00:30:00,12.77144210526316
2023-02-22 01:00:00,12.956631578947372
2023-02-22 01:30:00,13.095368421052633
2023-02-22 02:00:00,13.070199172269028
2023-02-22 02:30:00,13.02450366837786
2023-02-22 03:00:00,13.538854030083867
2023-02-22 03:30:00,15.55175453024176
2023-02-22 04:00:00,19.158852860644064
2023-02-22 04:30:00,23.60842705865468
2023-02-22 05:00:00,27.4812478051507
2023-02-22 05:30:00,29.83064662935429
2023-02-22 06:00:00,30.88925594138537
2023-02-22 06:30:00,31.130709929108935
2023-02-22 07:00:00,31.288289473684216
2023-02-22 07:30:00,31.301666666666673
2023-02-22 08:00:00,31.31758771929825
2023-02-22 08:30:00,31.281096491228073
2023-02-22 09:00:00,31.319842105263163
2023-02-22 09:30:00,31.393017543859653
2023-02-22 10:00:00,31.456105263157898
2023-02-22 10:30:00,31.462219298245614
2023-02-22 11:00:00,31.46231578947369
2023-02-22 11:30:00,31.265236842105267
2023-02-22 12:00:00,31.063149122807022
2023-02-22 12:30:00,30.69070175438597
2023-02-22 13:00:00,30.61824561403509
2023-02-22 13:30:00,30.75109435652385
2023-02-22 14:00:00,30.864577377766068
2023-02-22 14:30:00,30.000546889332014
2023-02-22 15:00:00,27.783916713145643
2023-02-22 15:30:00,25.04000092525361
2023-02-22 16:00:00,22.348721012467532
2023-02-22 16:30:00,20.32633504755525
2023-02-22 17:00:00,17.865394655714592
2023-02-22 17:30:00,15.353284261663836
2023-02-22 18:00:00,13.0599860160498
2023-02-22 18:30:00,11.494516993156006
2023-02-22 19:00:00,10.815438596491228
2023-02-22 19:30:00,10.340701754385966
2023-02-22 20:00:00,10.149175438596492
2023-02-22 20:30:00,9.964877192982458
2023-02-22 21:00:00,10.024271929824563
2023-02-22 21:30:00,10.1910350877193
2023-02-22 22:00:00,10.661596491228073
2023-02-22 22:30:00,11.151087719298246
2023-02-22 23:00:00,11.587414035087724
2023-02-22 23:30:00,11.896629824561407
2023-02-23 00:00:00,11.954210526315793
2023-02-23 00:30:00,11.930175438596493
2023-02-23 01:00:00,11.776842105263158
2023-02-23 01:30:00,11.34701754385965
2023-02-23 02:00:00,10.758584755763865
2023-02-23 02:30:00,10.38080005530672
2023-02-23 03:00:00,10.869973688290413
2023-02-23 03:30:00,13.078213371662095
2023-02-23 04:00:00,17.324409207903397
2023-02-23 04:30:00,22.131697615352895
2023-02-23 05:00:00,26.339418000147187
2023-02-23 05:30:00,28.95522785696608
2023-02-23 06:00:00,30.372611765415247
2023-02-23 06:30:00,31.04531907802475
2023-02-23 07:00:00,31.138175438596495
2023-02-23 07:30:00,31.11872807017544
2023-02-23 08:00:00,31.186596491228073
2023-02-23 08:30:00,31.25244736842106
2023-02-23 09:00:00,31.29043859649123
2023-02-23 09:30:00,31.35508771929825
2023-02-23 10:00:00,31.47484210526316
2023-02-23 10:30:00,31.518254385964912
2023-02-23 11:00:00,31.500631578947374
2023-02-23 11:30:00,31.45426315789474
2023-02-23 12:00:00,31.419798245614043
2023-02-23 12:30:00,31.175377192982456
2023-02-23 13:00:00,30.746140350877198
2023-02-23 13:30:00,29.978947368421057
2023-02-23 14:00:00,29.188070175438597
2023-02-23 14:30:00,27.975789473684216
2023-02-23 15:00:00,26.397894736842108
2023-02-23 15:30:00,24.11824561403509
2023-02-23 16:00:00,21.649122807017548
2023-02-23 16:30:00,19.031578947368423
2023-02-23 17:00:00,16.964912280701757
2023-02-23 17:30:00,14.595396434446458
2023-02-23 18:00:00,12.943466609885055
2023-02-23 18:30:00,11.523729767779793
2023-02-23 19:00:00,10.969349698138737
2023-02-23 19:30:00,10.77526315789474
2023-02-23 20:00:00,10.733333333333334
2023-02-23 20:30:00,10.890526315789474
2023-02-23 21:00:00,11.117894736842105
2023-02-23 21:30:00,11.248771929824564
2023-02-23 22:00:00,11.473684210526315
2023-02-23 22:30:00,11.723157894736843
2023-02-23 23:00:00,12.063789473684212
2023-02-23 23:30:00,12.38357894736842
2023-02-24 00:00:00,12.035017543859647
2023-02-24 00:30:00,11.906385964912282
2023-02-24 01:00:00,11.740701754385967
2023-02-24 01:30:00,11.607368421052634
2023-02-24 02:00:00,11.42883051591354
2023-02-24 02:30:00,11.437652501423784
2023-02-24 03:00:00,12.07420601614443
2023-02-24 03:30:00,14.099038611438425
2023-02-24 04:00:00,17.52129157602155
2023-02-24 04:30:00,21.532213170029806
2023-02-24 05:00:00,25.16877317034518
2023-02-24 05:30:00,27.674857479946308
2023-02-24 06:00:00,29.17705046240245
2023-02-24 06:30:00,29.752917281405047
2023-02-24 07:00:00,30.007982456140354
2023-02-24 07:30:00,30.46495614035088
2023-02-24 08:00:00,30.863192982456145
2023-02-24 08:30:00,31.242842105263165
2023-02-24 09:00:00,31.316973684210527
2023-02-24 09:30:00,31.16213157894737
2023-02-24 10:00:00,30.67284210526316
2023-02-24 10:30:00,30.409929824561406
2023-02-24 11:00:00,30.34491228070176
2023-02-24 11:30:00,30.474666666666668
2023-02-24 12:00:00,30.1760701754386
2023-02-24 12:30:00,29.61529824561404
2023-02-24 13:00:00,29.084912280701758
2023-02-24 13:30:00,28.450175438596492
2023-02-24 14:00:00,28.2821452505726
2023-02-24 14:30:00,27.81177430068712
2023-02-24 15:00:00,27.040546230511683
2023-02-24 15:30:00,25.264398451106235
2023-02-24 16:00:00,23.067368421052635
2023-02-24 16:30:00,20.87684210526316
2023-02-24 17:00:00,18.60298012913238
2023-02-24 17:30:00,16.103626388829365
2023-02-24 18:00:00,13.852003581811822
2023-02-24 18:30:00,12.093757967776732
2023-02-24 19:00:00,11.083245614035087
2023-02-24 19:30:00,10.45824561403509
2023-02-24 20:00:00,10.29963157894737
2023-02-24 20:30:00,10.36445614035088
2023-02-24 21:00:00,10.502736842105266
2023-02-24 21:30:00,10.48684210526316
2023-02-24 22:00:00,10.491368421052632
2023-02-24 22:30:00,10.52601754385965
2023-02-24 23:00:00,10.657757894736841
2023-02-24 23:30:00,10.839092982456137
2023-02-25 00:00:00,10.294179201636362
2023-02-25 00:30:00,10.611980021866371
2023-02-25 01:00:00,10.81221052631579
30:00,1
2023-02-25 02:00:00,11.158776984726513
2023-02-25 02:30:00,11.927133368530562
2023-02-25 03:00:00,13.545244302689769
2023-02-25 03:30:00,16.705769912457523
2023-02-25 04:00:00,21.00174171479752
2023-02-25 04:30:00,25.134060242118284
2023-02-25 05:00:00,28.257217045266405
2023-02-25 05:30:00,29.800271447675886
2023-02-25 06:00:00,30.068225345998396
2023-02-25 06:30:00,29.665964912280703
2023-02-25 07:00:00,29.49368421052632
2023-02-25 07:30:00,29.81929824561404
2023-02-25 08:00:00,30.586140350877198
2023-02-25 08:30:00,31.054561403508774
2023-02-25 09:00:00,31.343982456140356
2023-02-25 09:30:00,31.32499122807018
2023-02-25 10:00:00,31.360982456140352
2023-02-25 10:30:00,31.337184210526317
2023-02-25 11:00:00,31.38468421052632
2023-02-25 11:30:00,31.39550877192983
2023-02-25 12:00:00,31.024508771929828
2023-02-25 12:30:00,30.51859649122807
2023-02-25 13:00:00,30.079649122807023
2023-02-25 13:30:00,29.862456140350883
2023-02-25 14:00:00,29.477543859649128
2023-02-25 14:30:00,28.318596491228075
2023-02-25 15:00:00,26.086315789473687
2023-02-25 15:30:00,23.0540350877193
2023-02-25 16:00:00,19.928771929824567
2023-02-25 16:30:00,17.382105263157897
2023-02-25 17:00:00,15.612982456140353
2023-02-25 17:30:00,14.064561403508774
2023-02-25 18:00:00,12.818947368421055
2023-02-25 18:30:00,11.814385964912281
2023-02-25 19:00:00,11.27122807017544
2023-02-25 19:30:00,10.709000000000001
2023-02-25 20:00:00,10.110754385964915
2023-02-25 20:30:00,9.710763157894737
2023-02-25 21:00:00,9.607096491228072
2023-02-25 21:30:00,9.732315789473686
2023-02-25 22:00:00,9.965596491228071
2023-02-25 22:30:00,10.18243859649123
2023-02-25 23:00:00,10.287773684210526
2023-02-25 23:30:00,10.326344736842104
2023-02-26 00:00:00,9.271676686703396
2023-02-26 00:30:00,9.708817367362855
2023-02-26 01:00:00,9.926001060242413
2023-02-26 01:30:00,9.72260295380795
2023-02-26 02:00:00,9.635613560841096
2023-02-26 02:30:00,10.268957150244397
2023-02-26 03:00:00,11.640784394808845
2023-02-26 03:30:00,14.1291301472683
2023-02-26 04:00:00,17.609950528850742
2023-02-26 04:30:00,21.245946401424032
2023-02-26 05:00:00,24.509467984734
2023-02-26 05:30:00,26.892144316837683
2023-02-26 06:00:00,28.89368049816437
2023-02-26 06:30:00,30.35421320683737
2023-02-26 07:00:00,31.14705925131184
2023-02-26 07:30:00,31.27924561403509
2023-02-26 08:00:00,31.320754385964918
2023-02-26 08:30:00,31.33134210526316
2023-02-26 09:00:00,31.315298245614034
2023-02-26 09:30:00,31.231017543859654
2023-02-26 10:00:00,31.21937719298246
2023-02-26 10:30:00,31.15758771929825
2023-02-26 11:00:00,31.038596491228077
2023-02-26 11:30:00,30.946491228070176
2023-02-26 12:00:00,30.875412280701756
2023-02-26 12:30:00,30.955982456140358
2023-02-26 13:00:00,31.042298245614038
2023-02-26 13:30:00,31.01265138810581
2023-02-26 14:00:00,30.286716733309742
2023-02-26 14:30:00,28.680050066643076
2023-02-26 15:00:00,26.677392403094732
2023-02-26 15:30:00,24.34701754385965
2023-02-26 16:00:00,21.82804603108396
2023-02-26 16:30:00,19.005657588294756
2023-02-26 17:00:00,16.646643042107964
2023-02-26 17:30:00,15.253921403064306
2023-02-26 18:00:00,14.595708293937099
2023-02-26 18:30:00,14.134491228070177
2023-02-26 19:00:00,13.575105263157896
2023-02-26 19:30:00,12.9070350877193
2023-02-26 20:00:00,12.20076315789474
2023-02-26 20:30:00,11.089496527365391
2023-02-26 21:00:00,9.653870247713236
2023-02-26 21:30:00,8.404414107362358
2023-02-26 22:00:00,8.031387182686018
2023-02-26 22:30:00,8.516675438596492
2023-02-26 23:00:00,9.004526315789477
2023-02-26 23:30:00,9.312285087719301
2023-02-27 00:00:00,8.708947368421056
2023-02-27 00:30:00,9.418947368421053
2023-02-27 01:00:00,10.07543859649123
2023-02-27 01:30:00,10.175789473684212
2023-02-27 02:00:00,9.810034437244017
2023-02-27 02:30:00,9.069078912224889
2023-02-27 03:00:00,9.398584632314344
2023-02-27 03:30:00,11.718063162905445
2023-02-27 04:00:00,16.29863428250376
2023-02-27 04:30:00,20.935312122869515
2023-02-27 05:00:00,24.228736834101706
2023-02-27 05:30:00,26.398951114224985
2023-02-27 06:00:00,28.35122807017544
2023-02-27 06:30:00,30.288771929824566
2023-02-27 07:00:00,31.19252631578948
2023-02-27 07:30:00,31.22104385964913
2023-02-27 08:00:00,31.204000000000004
2023-02-27 08:30:00,31.187614035087723
2023-02-27 09:00:00,31.195000000000004
2023-02-27 09:30:00,31.20928070175439
2023-02-27 10:00:00,31.197377192982458
2023-02-27 10:30:00,31.219885964912283
2023-02-27 11:00:00,31.270807017543863
2023-02-27 11:30:00,31.277631578947375
2023-02-27 12:00:00,31.174771929824562
2023-02-27 12:30:00,31.078004229293168
2023-02-27 13:00:00,30.9589776001602
2023-02-27 13:30:00,30.864714442265463
2023-02-27 14:00:00,30.54387022235572
2023-02-27 14:30:00,30.41125245117838
2023-02-27 15:00:00,30.29854397725995
2023-02-27 15:30:00,29.603734026416074
2023-02-27 16:00:00,26.47887489487087
2023-02-27 16:30:00,21.79068487432041
2023-02-27 17:00:00,16.817916389516963
2023-02-27 17:30:00,13.437287681133474
2023-02-27 18:00:00,11.387368421052633
2023-02-27 18:30:00,10.424912280701756
2023-02-27 19:00:00,10.307368421052633
2023-02-27 19:30:00,10.70701754385965
2023-02-27 20:00:00,11.08793859649123
2023-02-27 20:30:00,11.324543859649124
2023-02-27 21:00:00,11.777175438596492
2023-02-27 21:30:00,12.066473684210527
2023-02-27 22:00:00,11.89782456140351
2023-02-27 22:30:00,11.321684210526316
2023-02-27 23:00:00,10.628364912280704
2023-02-27 23:30:00,10.14738947368421
2023-02-28 00:00:00,10.033594040677404
2023-02-28 00:30:00,9.811266952896164
2023-02-28 01:00:00,9.685859649122808
2023-02-28 01:30:00,9.788666666666668
2023-02-28 02:00:00,10.200535087719299
2023-02-28 02:30:00,10.951623005860386
2023-02-28 03:00:00,12.183782334005654
2023-02-28 03:30:00,14.29148489205294
2023-02-28 04:00:00,17.472113293115523
2023-02-28 04:30:00,21.662520247305626
2023-02-28 05:00:00,25.811249373518468
2023-02-28 05:30:00,28.967495855915804
2023-02-28 06:00:00,30.563107846462866
2023-02-28 06:30:00,30.9554905495702
2023-02-28 07:00:00,30.928771929824563
2023-02-28 07:30:00,30.775087719298245
2023-02-28 08:00:00,30.793333333333337
2023-02-28 08:30:00,30.862000000000005
2023-02-28 09:00:00,30.91500877192983
2023-02-28 09:30:00,30.92483333333334
2023-02-28 10:00:00,30.934263157894744
2023-02-28 10:30:00,30.99497368421053
2023-02-28 11:00:00,31.087368421052634
2023-02-28 11:30:00,31.107491228070177
2023-02-28 12:00:00,31.062561403508777
2023-02-28 12:30:00,30.915087719298253
2023-02-28 13:00:00,30.601491228070177
2023-02-28 13:30:00,30.229719298245616
2023-02-28 14:00:00,29.80986842105263
2023-02-28 14:30:00,29.002807017543862
2023-02-28 15:00:00,27.471929824561403
2023-02-28 15:30:00,25.26491228070176
2023-02-28 16:00:00,22.73649122807018
2023-02-28 16:30:00,20.741754385964914
2023-02-28 17:00:00,18.800350877192987
2023-02-28 17:30:00,17.141754385964916
2023-02-28 18:00:00,15.395438596491227
2023-02-28 18:30:00,13.982035087719302
2023-02-28 19:00:00,12.84778947368421
2023-02-28 19:30:00,11.706736842105265
2023-02-28 20:00:00,10.56722807017544
2023-02-28 20:30:00,9.552982456140352
2023-02-28 21:00:00,8.859868421052633
2023-02-28 21:30:00,8.753473684210528
2023-02-28 22:00:00,8.91163157894737
2023-02-28 22:30:00,9.236692982456141
2023-02-28 23:00:00,9.481326315789474
2023-02-28 23:30:00,9.676392982456138
2023-03-01 00:00:00,10.080957904171088
2023-03-01 00:30:00,10.133958457045852
2023-03-01 01:00:00,9.982456140350878
2023-03-01 01:30:00,9.419701754385967
2023-03-01 02:00:00,8.802220318192518
2023-03-01 02:30:00,8.625154661888416
2023-03-01 03:00:00,9.337850307397668
2023-03-01 03:30:00,11.345381723952102
2023-03-01 04:00:00,14.334549894593573
2023-03-01 04:30:00,17.781390518374938
2023-03-01 05:00:00,20.92701754385965
2023-03-01 05:30:00,23.285964912280708
2023-03-01 06:00:00,25.227719298245617
2023-03-01 06:30:00,26.988771929824566
2023-03-01 07:00:00,28.686315789473685
2023-03-01 07:30:00,30.055438596491232
2023-03-01 08:00:00,30.869122807017547
2023-03-01 08:30:00,31.310385964912285
2023-03-01 09:00:00,31.482947368421055
2023-03-01 09:30:00,31.510298245614038
2023-03-01 10:00:00,31.39528070175439
2023-03-01 10:30:00,31.429035087719303
2023-03-01 11:00:00,31.407438596491232
2023-03-01 11:30:00,31.47995614035088
2023-03-01 12:00:00,31.26826315789474
2023-03-01 12:30:00,31.00449122807018
2023-03-01 13:00:00,30.749675438596494
2023-03-01 13:30:00,30.450647515767372
2023-03-01 14:00:00,29.79054111925349
2023-03-01 14:30:00,28.2694007683763
2023-03-01 15:00:00,26.095074433303225
2023-03-01 15:30:00,23.682964912280706
2023-03-01 16:00:00,21.548421052631582
2023-03-01 16:30:00,19.783157894736846
2023-03-01 17:00:00,18.03921052631579
2023-03-01 17:30:00,16.815192982456143
2023-03-01 18:00:00,15.69624561403509
2023-03-01 18:30:00,14.979333333333335
2023-03-01 19:00:00,13.954385964912282
2023-03-01 19:30:00,13.015087719298245
2023-03-01 20:00:00,12.25543859649123
2023-03-01 20:30:00,11.72982456140351
2023-03-01 21:00:00,11.377543859649125
2023-03-01 21:30:00,11.099859649122807
2023-03-01 22:00:00,10.95740350877193
2023-03-01 22:30:00,10.847070175438597
2023-03-01 23:00:00,10.808215789473683
2023-03-01 23:30:00,10.803849999999995
2023-03-02 00:00:00,6.7677102006046495
2023-03-02 00:30:00,8.493649977727555
2023-03-02 01:00:00,9.69435527743514
2023-03-02 01:30:00,10.368323904817395
2023-03-02 02:00:00,10.211648614184043
2023-03-02 02:30:00,10.164239910763042
2023-03-02 03:00:00,11.449342749186336
2023-03-02 03:30:00,14.857272573863815
2023-03-02 04:00:00,18.977088982028395
2023-03-02 04:30:00,22.979034941601
2023-03-02 05:00:00,25.699407424184173
2023-03-02 05:30:00,28.09114629214473
2023-03-02 06:00:00,29.778744172346737
2023-03-02 06:30:00,30.726721124243294
2023-03-02 07:00:00,31.06447272850834
2023-03-02 07:30:00,31.26329865806534
2023-03-02 08:00:00,31.425964912280705
2023-03-02 08:30:00,31.468771929824566
2023-03-02 09:00:00,31.51017543859649
2023-03-02 09:30:00,31.482122807017547
2023-03-02 10:00:00,31.534736842105264
2023-03-02 10:30:00,31.556824561403513
2023-03-02 11:00:00,31.5896403508772
2023-03-02 11:30:00,31.561087719298246
2023-03-02 12:00:00,31.526289473684216
2023-03-02 12:30:00,31.513894736842108
2023-03-02 13:00:00,31.488464912280705
2023-03-02 13:30:00,31.262631578947374
2023-03-02 14:00:00,30.585368421052635
2023-03-02 14:30:00,29.214105263157894
2023-03-02 15:00:00,27.480350877192986
2023-03-02 15:30:00,25.460963257775813
2023-03-02 16:00:00,23.80096325777581
2023-03-02 16:30:00,22.346226415670543
2023-03-02 17:00:00,21.156476332436323
2023-03-02 17:30:00,19.87508771929825
2023-03-02 18:00:00,18.38070175438597
2023-03-02 18:30:00,16.467368421052633
2023-03-02 19:00:00,14.570175438596493
2023-03-02 19:30:00,12.864912280701757
2023-03-02 20:00:00,11.867017543859651
2023-03-02 20:30:00,11.365614035087722
2023-03-02 21:00:00,11.128070175438596
2023-03-02 21:30:00,10.823228070175439
2023-03-02 22:00:00,10.452482456140352
2023-03-02 22:30:00,10.107877192982457
2023-03-02 23:00:00,9.989985964912282
2023-03-02 23:30:00,10.019961403508773
2023-03-03 00:00:00,10.335872807017546
2023-03-03 00:30:00,10.340043859649125
2023-03-03 01:00:00,10.285008771929826
2023-03-03 01:30:00,10.196207159431127
2023-03-03 02:00:00,9.844177377667107
2023-03-03 02:30:00,9.96884012439166
2023-03-03 03:00:00,11.039444040632716
2023-03-03 03:30:00,13.577858368230231
2023-03-03 04:00:00,16.631671915649587
2023-03-03 04:30:00,19.283578947368422
2023-03-03 05:00:00,21.3541052631579
2023-03-03 05:30:00,23.227789473684215
2023-03-03 06:00:00,24.699192982456143
2023-03-03 06:30:00,26.199298245614035
2023-03-03 07:00:00,27.60982456140351
2023-03-03 07:30:00,28.99263157894737
2023-03-03 08:00:00,30.019175438596495
2023-03-03 08:30:00,30.40730701754386
2023-03-03 09:00:00,30.747719298245617
2023-03-03 09:30:00,31.114254385964916
2023-03-03 10:00:00,31.318561403508777
2023-03-03 10:30:00,31.454736842105266
2023-03-03 11:00:00,31.35789473684211
2023-03-03 11:30:00,31.417192982456143
2023-03-03 12:00:00,31.303157894736845
2023-03-03 12:30:00,31.242578947368425
2023-03-03 13:00:00,31.121771929824565
2023-03-03 13:30:00,31.2065701754386
2023-03-03 14:00:00,31.173660148923542
2023-03-03 14:30:00,30.517233406603264
2023-03-03 15:00:00,28.69440884519975
2023-03-03 15:30:00,26.310404556441085
2023-03-03 16:00:00,23.606482456140355
2023-03-03 16:30:00,21.58385964912281
2023-03-03 17:00:00,20.19355263157895
2023-03-03 17:30:00,19.359210526315792
2023-03-03 18:00:00,18.18061403508772
2023-03-03 18:30:00,16.483245614035088
2023-03-03 19:00:00,14.661052631578949
2023-03-03 19:30:00,12.965964912280704
2023-03-03 20:00:00,11.424210526315791
2023-03-03 20:30:00,10.203508771929826
2023-03-03 21:00:00,9.530877192982457
2023-03-03 21:30:00,9.617894736842105
2023-03-03 22:00:00,10.06561403508772
2023-03-03 22:30:00,10.62561403508772
2023-03-03 23:00:00,11.11585964912281
2023-03-03 23:30:00,11.48501754385965
2023-03-04 00:00:00,8.671328682176421
2023-03-04 00:30:00,9.607261031848891
2023-03-04 01:00:00,10.275632367349985
2023-03-04 01:30:00,10.433198127808168
2023-03-04 02:00:00,10.863544420332564
2023-03-04 02:30:00,12.552328315014465
2023-03-04 03:00:00,15.474506506664499
2023-03-04 03:30:00,19.68710627554221
2023-03-04 04:00:00,24.145045138662706
2023-03-04 04:30:00,27.873992325710276
2023-03-04 05:00:00,30.052455471066622
2023-03-04 05:30:00,30.523750030991213
2023-03-04 06:00:00,30.34401754385965
2023-03-04 06:30:00,30.41942105263158
2023-03-04 07:00:00,31.010473684210535
2023-03-04 07:30:00,31.49120175438597
2023-03-04 08:00:00,31.74425438596492
2023-03-04 08:30:00,31.739526315789476
2023-03-04 09:00:00,31.683017543859652
2023-03-04 09:30:00,31.633061403508776
2023-03-04 10:00:00,31.515745614035094
2023-03-04 10:30:00,31.32021929824562
2023-03-04 11:00:00,30.84116666666667
2023-03-04 11:30:00,30.486298245614037
2023-03-04 12:00:00,30.208070175438596
2023-03-04 12:30:00,30.300157894736845
2023-03-04 13:00:00,30.109947368421057
2023-03-04 13:30:00,30.097140350877197
2023-03-04 14:00:00,30.167535633834344
2023-03-04 14:30:00,30.497706218919504
2023-03-04 15:00:00,30.177255874906766
2023-03-04 15:30:00,28.788451929242807
2023-03-04 16:00:00,26.85106423781464
2023-03-04 16:30:00,24.95701859804227
2023-03-04 17:00:00,23.12842105263158
2023-03-04 17:30:00,20.97859649122807
2023-03-04 18:00:00,18.600350877192984
2023-03-04 18:30:00,16.16070175438597
2023-03-04 19:00:00,13.791929824561405
2023-03-04 19:30:00,11.984561403508772
2023-03-04 20:00:00,10.631857500515776
2023-03-04 20:30:00,10.194007502771992
2023-03-04 21:00:00,10.065182941368484
2023-03-04 21:30:00,10.092260901841023
2023-03-04 22:00:00,10.047298245614035
2023-03-04 22:30:00,9.79732456140351
2023-03-04 23:00:00,9.582033333333333
2023-03-04 23:30:00,9.473484210526314
2023-03-05 00:00:00,7.318738079084441
2023-03-05 00:30:00,8.86565526620371
2023-03-05 01:00:00,10.073977346795811
2023-03-05 01:30:00,10.38195708363591
2023-03-05 02:00:00,10.316699978079972
2023-03-05 02:30:00,11.870013539106056
2023-03-05 03:00:00,15.193663730517537
2023-03-05 03:30:00,19.422426161266813
2023-03-05 04:00:00,23.183943202393863
2023-03-05 04:30:00,25.656434625202092
2023-03-05 05:00:00,27.650066204149457
2023-03-05 05:30:00,29.070766657651973
2023-03-05 06:00:00,29.98626315789474
2023-03-05 06:30:00,30.78266666666667
2023-03-05 07:00:00,31.33334210526316
2023-03-05 07:30:00,31.642500000000002
2023-03-05 08:00:00,31.75091228070176
2023-03-05 08:30:00,31.765973684210532
2023-03-05 09:00:00,31.74326315789474
2023-03-05 09:30:00,31.745982456140354
2023-03-05 10:00:00,31.758929824561406
2023-03-05 10:30:00,31.7645350877193
2023-03-05 11:00:00,31.71512280701755
2023-03-05 11:30:00,31.64811403508772
2023-03-05 12:00:00,31.585719298245618
2023-03-05 12:30:00,31.598210526315796
00:00,3
2023-03-05 13:30:00,31.59651754385965
2023-03-05 14:00:00,31.29847368421053
2023-03-05 14:30:00,30.546745614035093
2023-03-05 15:00:00,29.725000000000005
2023-03-05 15:30:00,28.42101754385965
2023-03-05 16:00:00,27.180535087719303
2023-03-05 16:30:00,25.440614035087723
2023-03-05 17:00:00,23.11149122807018
2023-03-05 17:30:00,20.69429824561404
2023-03-05 18:00:00,18.185964912280706
2023-03-05 18:30:00,16.556140350877193
2023-03-05 19:00:00,15.067719298245615
2023-03-05 19:30:00,13.489533716964319
2023-03-05 20:00:00,11.986195109228317
2023-03-05 20:30:00,10.834265284666913
2023-03-05 21:00:00,10.494477536199714
2023-03-05 21:30:00,10.784912280701755
2023-03-05 22:00:00,11.455245178584496
2023-03-05 22:30:00,12.115013774382101
2023-03-05 23:00:00,12.512646191963318
2023-03-05 23:30:00,12.71507624304598
2023-03-11 00:00:00,9.992959637626942
2023-03-11 00:30:00,11.105121228538858
2023-03-11 01:00:00,11.912434836887611
2023-03-11 01:30:00,12.028640695629969
2023-03-11 02:00:00,12.268462560120748
2023-03-11 02:30:00,13.555556076659888
2023-03-11 03:00:00,16.422889528767787
2023-03-11 03:30:00,20.84108906938138
2023-03-11 04:00:00,25.44494588588636
2023-03-11 04:30:00,28.341265018134465
2023-03-11 05:00:00,30.049549613536357
2023-03-11 05:30:00,30.42661396610025
2023-03-11 06:00:00,30.81585964912281
2023-03-11 06:30:00,31.040280701754387
2023-03-11 07:00:00,31.37108771929825
2023-03-11 07:30:00,31.724631578947367
2023-03-11 08:00:00,31.775754385964913
2023-03-11 08:30:00,31.69771929824562
2023-03-11 09:00:00,31.601763157894737
2023-03-11 09:30:00,31.570964912280704
2023-03-11 10:00:00,31.601491228070177
2023-03-11 10:30:00,31.634140350877193
2023-03-11 11:00:00,31.625982456140353
2023-03-11 11:30:00,31.644412280701758
2023-03-11 12:00:00,31.630061403508776
2023-03-11 12:30:00,31.632789473684213
2023-03-11 13:00:00,31.58279824561404
2023-03-11 13:30:00,31.609096491228076
2023-03-11 14:00:00,31.630701754385967
2023-03-11 14:30:00,31.612254385964917
2023-03-11 15:00:00,30.96892982456141
2023-03-11 15:30:00,29.410394736842107
2023-03-11 16:00:00,27.529122807017547
2023-03-11 16:30:00,25.424210526315793
2023-03-11 17:00:00,23.50666666666667
2023-03-11 17:30:00,21.771228070175443
2023-03-11 18:00:00,20.40293859649123
2023-03-11 18:30:00,19.647421052631582
2023-03-11 19:00:00,18.5730350877193
2023-03-11 19:30:00,16.68964912280702
2023-03-11 20:00:00,14.58405263157895
2023-03-11 20:30:00,13.08124561403509
2023-03-11 21:00:00,12.671675438596493
2023-03-11 21:30:00,12.91157894736842
2023-03-11 22:00:00,13.070280701754386
2023-03-11 22:30:00,13.117754385964915
2023-03-11 23:00:00,12.77858245614035
2023-03-11 23:30:00,12.377522807017542
2023-03-15 00:00:00,13.13545486349068
2023-03-15 00:30:00,13.025441646107469
2023-03-15 01:00:00,12.80784918867264
2023-03-15 01:30:00,12.100162425368035
2023-03-15 02:00:00,11.697173984961838
2023-03-15 02:30:00,11.853417205238605
2023-03-15 03:00:00,13.061918593021643
2023-03-15 03:30:00,15.338192800981256
2023-03-15 04:00:00,17.883157894736843
2023-03-15 04:30:00,19.75911985185437
2023-03-15 05:00:00,20.76991541210305
2023-03-15 05:30:00,20.496094167485882
2023-03-15 06:00:00,19.483954403348562
2023-03-15 06:30:00,18.382085707276016
2023-03-15 07:00:00,17.987971451961023
2023-03-15 07:30:00,18.494355184623796
2023-03-15 08:00:00,19.423416588132568
2023-03-15 08:30:00,20.197482403784285
2023-03-15 09:00:00,21.144912280701757
2023-03-15 09:30:00,22.109122807017545
2023-03-15 10:00:00,23.100701754385966
2023-03-15 10:30:00,23.578596491228073
2023-03-15 11:00:00,23.699491228070183
2023-03-15 11:30:00,23.73374561403509
2023-03-15 12:00:00,24.19526315789474
2023-03-15 12:30:00,24.66978070175439
2023-03-15 13:00:00,25.042684210526318
2023-03-15 13:30:00,25.144782490352338
2023-03-15 14:00:00,25.15826319105051
2023-03-15 14:30:00,24.833428884320792
2023-03-15 15:00:00,24.138417719099593
2023-03-15 15:30:00,22.623501488115917
2023-03-15 16:00:00,21.118438941143328
2023-03-15 16:30:00,19.9161235060199
2023-03-15 17:00:00,18.967710875816966
2023-03-15 17:30:00,17.861754385964915
2023-03-15 18:00:00,16.444210526315793
2023-03-15 18:30:00,15.385964912280704
2023-03-15 19:00:00,14.697192982456142
2023-03-15 19:30:00,14.375087719298248
2023-03-15 20:00:00,14.007719298245616
2023-03-15 20:30:00,13.536491228070176
2023-03-15 21:00:00,12.910526315789475
2023-03-15 21:30:00,12.261754385964913
2023-03-15 22:00:00,11.322105263157896
2023-03-15 22:30:00,10.222105263157896
2023-03-15 23:00:00,9.199929824561403
2023-03-15 23:30:00,8.27112280701754
2023-03-16 00:00:00,7.316564558205424
2023-03-16 00:30:00,8.762195500578711
2023-03-16 01:00:00,10.130598226070097
2023-03-16 01:30:00,11.303558244624353
2023-03-16 02:00:00,12.551937430837581
2023-03-16 02:30:00,14.010471424616398
2023-03-16 03:00:00,16.312486598085446
2023-03-16 03:30:00,19.147860707101202
2023-03-16 04:00:00,21.807185992162104
2023-03-16 04:30:00,23.723608464476268
2023-03-16 05:00:00,25.375249434460528
2023-03-16 05:30:00,27.652330267004317
2023-03-16 06:00:00,29.834582339065832
2023-03-16 06:30:00,31.251608263850315
2023-03-16 07:00:00,31.634259053611757
2023-03-16 07:30:00,31.643243078288823
2023-03-16 08:00:00,31.631807017543863
2023-03-16 08:30:00,31.58152631578948
2023-03-16 09:00:00,31.50973684210527
2023-03-16 09:30:00,31.50028070175439
2023-03-16 10:00:00,31.49650877192983
2023-03-16 10:30:00,31.539315789473687
2023-03-16 11:00:00,31.52966666666667
2023-03-16 11:30:00,31.575535087719302
2023-03-16 12:00:00,31.56534210526316
2023-03-16 12:30:00,31.454903508771935
2023-03-16 13:00:00,31.279929824561407
2023-03-16 13:30:00,31.216610424066232
2023-03-16 14:00:00,31.116986397221552
2023-03-16 14:30:00,30.83185855739433
2023-03-16 15:00:00,29.650525224061
2023-03-16 15:30:00,27.70873961156404
2023-03-16 16:00:00,25.7106643199904
2023-03-16 16:30:00,24.211072875712446
2023-03-16 17:00:00,22.95293072465269
2023-03-16 17:30:00,21.6140350877193
2023-03-16 18:00:00,19.73824561403509
2023-03-16 18:30:00,17.975789473684213
2023-03-16 19:00:00,16.31684210526316
2023-03-16 19:30:00,15.010807017543861
2023-03-16 20:00:00,14.068912280701758
2023-03-16 20:30:00,13.455228070175439
2023-03-16 21:00:00,13.065263157894739
2023-03-16 21:30:00,12.911210526315791
2023-03-16 22:00:00,12.782631578947369
2023-03-16 22:30:00,12.578701754385966
2023-03-16 23:00:00,12.31765964912281
2023-03-16 23:30:00,12.057910526315789
2023-03-17 00:00:00,8.390825227007987
2023-03-17 00:30:00,9.809747339866613
2023-03-17 01:00:00,10.787763488174654
2023-03-17 01:30:00,11.199522132769934
2023-03-17 02:00:00,11.178728576381502
2023-03-17 02:30:00,11.931297348105877
2023-03-17 03:00:00,14.476022689011513
2023-03-17 03:30:00,18.491620453320227
2023-03-17 04:00:00,22.744217083188932
2023-03-17 04:30:00,26.027879942965384
2023-03-17 05:00:00,27.91945889033381
2023-03-17 05:30:00,28.92921780299506
2023-03-17 06:00:00,29.83087719298246
2023-03-17 06:30:00,30.421754385964913
2023-03-17 07:00:00,31.102105263157895
2023-03-17 07:30:00,31.23699122807018
2023-03-17 08:00:00,31.143877192982462
2023-03-17 08:30:00,31.09637719298246
2023-03-17 09:00:00,31.1800701754386
2023-03-17 09:30:00,31.27955263157895
2023-03-17 10:00:00,31.315508771929828
2023-03-17 10:30:00,31.136210526315793
2023-03-17 11:00:00,31.122964912280707
2023-03-17 11:30:00,31.118991228070175
2023-03-17 12:00:00,31.171622807017545
2023-03-17 12:30:00,31.191859649122808
2023-03-17 13:00:00,31.204280701754396
2023-03-17 13:30:00,31.281421052631586
2023-03-17 14:00:00,31.285877192982458
2023-03-17 14:30:00,31.198616062628627
2023-03-17 15:00:00,30.840017887900387
2023-03-17 15:30:00,29.40183367737407
2023-03-17 16:00:00,27.042153264096555
2023-03-17 16:30:00,24.709558172355354
2023-03-17 17:00:00,23.179733610951843
2023-03-17 17:30:00,22.438310638310025
2023-03-17 18:00:00,20.941052631578952
2023-03-17 18:30:00,19.092631578947373
2023-03-17 19:00:00,17.230877192982458
2023-03-17 19:30:00,15.94842105263158
2023-03-17 20:00:00,15.144912280701758
2023-03-17 20:30:00,14.497894736842108
2023-03-17 21:00:00,14.069473684210529
2023-03-17 21:30:00,13.61543859649123
2023-03-17 22:00:00,13.135087719298248
2023-03-17 22:30:00,12.631140350877194
2023-03-17 23:00:00,12.26182456140351
2023-03-17 23:30:00,11.93238596491228
2023-03-18 00:00:00,9.64961313514638
2023-03-18 00:30:00,10.864639410483688
2023-03-18 01:00:00,11.861786917108311
2023-03-18 01:30:00,12.236536524045723
2023-03-18 02:00:00,12.634477112883134
2023-03-18 02:30:00,13.715861774823454
2023-03-18 03:00:00,16.186388304818138
2023-03-18 03:30:00,19.925234750323263
2023-03-18 04:00:00,23.909574058836636
2023-03-18 04:30:00,27.0271207163587
2023-03-18 05:00:00,28.67919966372712
2023-03-18 05:30:00,29.523509251933174
2023-03-18 06:00:00,29.950842105263163
2023-03-18 06:30:00,30.55851754385965
2023-03-18 07:00:00,31.177649122807022
2023-03-18 07:30:00,31.548210526315795
2023-03-18 08:00:00,31.695192982456145
2023-03-18 08:30:00,31.719175438596494
2023-03-18 09:00:00,31.699578947368426
2023-03-18 09:30:00,31.678035087719305
2023-03-18 10:00:00,31.678096491228075
2023-03-18 10:30:00,31.70399122807018
2023-03-18 11:00:00,31.726631578947373
2023-03-18 11:30:00,31.73321929824562
2023-03-18 12:00:00,31.62108771929825
2023-03-18 12:30:00,31.56437719298246
2023-03-18 13:00:00,31.503675438596492
2023-03-18 13:30:00,31.5820350877193
2023-03-18 14:00:00,31.578263157894742
2023-03-18 14:30:00,31.36809625806215
2023-03-18 15:00:00,30.90189403734433
2023-03-18 15:30:00,29.963762458396957
2023-03-18 16:00:00,28.326402925857114
2023-03-18 16:30:00,26.41666666666667
2023-03-18 17:00:00,24.21508771929825
2023-03-18 17:30:00,21.97368421052632
2023-03-18 18:00:00,19.70982456140351
2023-03-18 18:30:00,17.38769923289485
2023-03-18 19:00:00,15.216013269190668
2023-03-18 19:30:00,13.624927577057804
2023-03-18 20:00:00,12.601769682320962
2023-03-18 20:30:00,12.311568501557945
2023-03-18 21:00:00,12.195412280701754
2023-03-18 21:30:00,12.252280701754387
2023-03-18 22:00:00,12.810175438596493
2023-03-18 22:30:00,13.862833333333334
2023-03-18 23:00:00,15.026456140350875
2023-03-18 23:30:00,16.221964912280697
2023-03-20 00:00:00,13.90251205232213
2023-03-20 00:30:00,13.452849521341406
2023-03-20 01:00:00,12.898684210526318
2023-03-20 01:30:00,12.451694292803575
2023-03-20 02:00:00,12.372775531787804
2023-03-20 02:30:00,13.257588598461647
2023-03-20 03:00:00,16.134379268827193
2023-03-20 03:30:00,19.272785010176392
2023-03-20 04:00:00,22.22572815728968
2023-03-20 04:30:00,24.000280277480602
2023-03-20 05:00:00,25.82526315789474
2023-03-20 05:30:00,27.764995652657472
2023-03-20 06:00:00,29.315010250088463
2023-03-20 06:30:00,30.126145596424553
2023-03-20 07:00:00,30.381038863501754
2023-03-20 07:30:00,30.392840868110785
2023-03-20 08:00:00,30.30329824561404
2023-03-20 08:30:00,30.125973684210532
2023-03-20 09:00:00,30.105157894736845
2023-03-20 09:30:00,30.324947368421054
2023-03-20 10:00:00,30.525403508771934
2023-03-20 10:30:00,30.576771929824563
2023-03-20 11:00:00,30.47676315789474
2023-03-20 11:30:00,30.38639473684211
2023-03-20 12:00:00,30.402929824561408
2023-03-20 12:30:00,30.392105263157898
2023-03-20 13:00:00,30.551982456140355
2023-03-20 13:30:00,30.85997368421053
2023-03-20 14:00:00,31.160094572077004
2023-03-20 14:30:00,31.355918383221567
2023-03-20 15:00:00,31.144249507692496
2023-03-20 15:30:00,29.80771099358382
2023-03-20 16:00:00,27.43351848652028
2023-03-20 16:30:00,24.94994748994549
2023-03-20 17:00:00,22.584822071462906
2023-03-20 17:30:00,20.54470705035924
2023-03-20 18:00:00,18.975894150644688
2023-03-20 18:30:00,18.52571197386467
2023-03-20 19:00:00,19.156047290189658
2023-03-20 19:30:00,19.9740350877193
2023-03-20 20:00:00,20.163508771929827
2023-03-20 20:30:00,19.142807017543863
2023-03-20 21:00:00,17.830175438596495
2023-03-20 21:30:00,16.546315789473685
2023-03-20 22:00:00,15.973333333333334
2023-03-20 22:30:00,15.36982456140351
2023-03-20 23:00:00,14.595929824561404
2023-03-20 23:30:00,13.821263157894736
2023-03-21 00:00:00,12.39323279253727
2023-03-21 00:30:00,12.763232145823183
2023-03-21 01:00:00,12.984885964912282
2023-03-21 01:30:00,13.253614035087722
2023-03-21 02:00:00,13.829122506795658
2023-03-21 02:30:00,14.926702866267682
2023-03-21 03:00:00,17.063908863098558
2023-03-21 03:30:00,19.74433609295298
2023-03-21 04:00:00,22.69421417011243
2023-03-21 04:30:00,24.920350877192984
2023-03-21 05:00:00,26.318947368421053
2023-03-21 05:30:00,27.369824561403515
2023-03-21 06:00:00,28.466315789473686
2023-03-21 06:30:00,29.555789473684214
2023-03-21 07:00:00,30.568070175438603
2023-03-21 07:30:00,31.066315789473688
2023-03-21 08:00:00,31.449824561403513
2023-03-21 08:30:00,31.413543859649128
2023-03-21 09:00:00,31.365017543859654
2023-03-21 09:30:00,31.31029824561404
2023-03-21 10:00:00,31.37942105263158
2023-03-21 10:30:00,31.413605263157894
2023-03-21 11:00:00,31.36928070175439
2023-03-21 11:30:00,31.368938596491233
2023-03-21 12:00:00,31.40945614035088
2023-03-21 12:30:00,31.4375350877193
2023-03-21 13:00:00,31.34642105263158
2023-03-21 13:30:00,31.148982456140356
2023-03-21 14:00:00,30.8670925348499
2023-03-21 14:30:00,30.562894824978898
2023-03-21 15:00:00,29.747837320857116
2023-03-21 15:30:00,28.32319024670851
2023-03-21 16:00:00,25.741374466882025
2023-03-21 16:30:00,23.092111998380542
2023-03-21 17:00:00,21.07632252469633
2023-03-21 17:30:00,19.601028525238792
2023-03-21 18:00:00,18.77649584025696
2023-03-21 18:30:00,17.96982456140351
2023-03-21 19:00:00,17.534736842105264
2023-03-21 19:30:00,17.152982456140354
2023-03-21 20:00:00,16.61964912280702
2023-03-21 20:30:00,16.177543859649123
2023-03-21 21:00:00,15.572982456140352
2023-03-21 21:30:00,14.803508771929828
2023-03-21 22:00:00,13.923070175438598
2023-03-21 22:30:00,13.489385964912282
2023-03-21 23:00:00,13.553552631578947
2023-03-21 23:30:00,13.99015350877193
2023-03-26 00:00:00,11.902775151529013
2023-03-26 00:30:00,12.47604976204618
2023-03-26 01:00:00,12.760044190514606
2023-03-26 01:30:00,12.648925718219402
2023-03-26 02:00:00,12.792737885343579
2023-03-26 02:30:00,14.28501177231693
2023-03-26 03:00:00,17.03021326580559
2023-03-26 03:30:00,20.20235762838247
2023-03-26 04:00:00,22.70350877192983
2023-03-26 04:30:00,24.37513283292523
2023-03-26 05:00:00,25.909744365972415
2023-03-26 05:30:00,26.903077699305744
2023-03-26 06:00:00,27.30904261158645
2023-03-26 06:30:00,27.656842105263163
2023-03-26 07:00:00,28.565263157894737
2023-03-26 07:30:00,29.984561403508774
2023-03-26 08:00:00,30.971903508771934
2023-03-26 08:30:00,31.407991228070177
2023-03-26 09:00:00,31.59558771929825
2023-03-26 09:30:00,31.660263157894743
2023-03-26 10:00:00,31.650929824561405
2023-03-26 10:30:00,31.371464912280704
2023-03-26 11:00:00,30.957298245614037
2023-03-26 11:30:00,30.585377192982463
2023-03-26 12:00:00,30.406578947368427
2023-03-26 12:30:00,30.40205263157895
2023-03-26 13:00:00,30.312096491228075
2023-03-26 13:30:00,30.470147145396975
2023-03-26 14:00:00,30.744597237470558
2023-03-26 14:30:00,30.986466078570956
2023-03-26 15:00:00,31.09241940527998
2023-03-26 15:30:00,30.561371123226905
2023-03-26 16:00:00,29.434839291621305
2023-03-26 16:30:00,27.43499075912987
2023-03-26 17:00:00,25.509868030748837
2023-03-26 17:30:00,23.48261811971659
2023-03-26 18:00:00,20.90457392739631
2023-03-26 18:30:00,17.53900954701538
2023-03-26 19:00:00,14.784208137072008
2023-03-26 19:30:00,13.546909785744957
2023-03-26 20:00:00,13.353003404932915
2023-03-26 20:30:00,13.089597951013252
2023-03-26 21:00:00,12.549122807017547
2023-03-26 21:30:00,12.09263157894737
2023-03-26 22:00:00,11.973333333333336
2023-03-26 22:30:00,11.919105263157896
2023-03-26 23:00:00,11.968833333333336
2023-03-26 23:30:00,11.950074561403506
2023-03-27 00:00:00,12.257707747926496
2023-03-27 00:30:00,12.70661232930199
2023-03-27 01:00:00,12.980982791483479
2023-03-27 01:30:00,12.864993239595911
2023-03-27 02:00:00,12.955152689441169
2023-03-27 02:30:00,14.306295911391139
2023-03-27 03:00:00,17.193183639924026
2023-03-27 03:30:00,20.890662449579352
2023-03-27 04:00:00,24.05929824561404
2023-03-27 04:30:00,26.13789473684211
2023-03-27 05:00:00,27.589605263157896
2023-03-27 05:30:00,28.802614035087725
2023-03-27 06:00:00,29.613491228070178
2023-03-27 06:30:00,30.33135087719299
2023-03-27 07:00:00,30.891894736842108
2023-03-27 07:30:00,31.321157894736846
2023-03-27 08:00:00,31.608964912280708
2023-03-27 08:30:00,31.504807017543865
2023-03-27 09:00:00,31.293333333333337
2023-03-27 09:30:00,31.127543859649126
2023-03-27 10:00:00,31.07570175438597
2023-03-27 10:30:00,31.28070175438597
2023-03-27 11:00:00,31.439561403508776
2023-03-27 11:30:00,31.26990051097815
2023-03-27 12:00:00,30.81621630045184
2023-03-27 12:30:00,30.331961914486925
2023-03-27 13:00:00,30.17062084539695
2023-03-27 13:30:00,30.263140350877197
2023-03-27 14:00:00,30.529571336857604
2023-03-27 14:30:00,30.83001759841457
2023-03-27 15:00:00,30.85182461595843
2023-03-27 15:30:00,30.080392177082203
2023-03-27 16:00:00,28.151929824561407
2023-03-27 16:30:00,25.921754385964913
2023-03-27 17:00:00,23.768771929824567
2023-03-27 17:30:00,21.822807017543862
2023-03-27 18:00:00,20.130175438596492
2023-03-27 18:30:00,18.80140350877193
2023-03-27 19:00:00,18.177543859649123
2023-03-27 19:30:00,17.765122807017544
2023-03-27 20:00:00,17.201333333333334
2023-03-27 20:30:00,16.27326315789474
2023-03-27 21:00:00,15.097017543859652
2023-03-27 21:30:00,13.877192982456142
2023-03-27 22:00:00,13.112280701754386
2023-03-27 22:30:00,12.857385964912282
2023-03-27 23:00:00,12.864917543859649
2023-03-27 23:30:00,12.932095614035084
2023-03-28 00:00:00,13.480842105263157
2023-03-28 00:30:00,13.741263157894737
2023-03-28 01:00:00,14.07980659674771
2023-03-28 01:30:00,14.570701613570769
2023-03-28 02:00:00,15.737568580879419
2023-03-28 02:30:00,18.073731603283324
2023-03-28 03:00:00,20.93443669040641
2023-03-28 03:30:00,23.517940079895528
2023-03-28 04:00:00,25.037192982456144
2023-03-28 04:30:00,26.14027652997874
2023-03-28 05:00:00,27.008756193847322
2023-03-28 05:30:00,27.86665093068943
2023-03-28 06:00:00,28.58936885407121
2023-03-28 06:30:00,29.36843859649123
2023-03-28 07:00:00,30.409842105263163
2023-03-28 07:30:00,31.0190701754386
2023-03-28 08:00:00,31.399298245614037
2023-03-28 08:30:00,31.44385964912281
2023-03-28 09:00:00,31.557807017543862
2023-03-28 09:30:00,31.606315789473687
2023-03-28 10:00:00,31.61837719298246
2023-03-28 10:30:00,31.64372807017544
2023-03-28 11:00:00,31.664324561403507
2023-03-28 11:30:00,31.438333333333336
2023-03-28 12:00:00,31.10168421052632
2023-03-28 12:30:00,30.721754385964914
2023-03-28 13:00:00,30.490877192982463
2023-03-28 13:30:00,30.577631578947372
2023-03-28 14:00:00,30.857903508771937
2023-03-28 14:30:00,31.1861139224973
2023-03-28 15:00:00,31.210025513244275
2023-03-28 15:30:00,30.436164479204752
2023-03-28 16:00:00,28.57936966894402
2023-03-28 16:30:00,26.35307241312354
2023-03-28 17:00:00,23.728771929824564
2023-03-28 17:30:00,21.599649122807023
2023-03-28 18:00:00,19.77351855984583
2023-03-28 18:30:00,18.30230697513145
2023-03-28 19:00:00,17.454751112977394
2023-03-28 19:30:00,16.96753228977642
2023-03-28 20:00:00,16.95378946346045
2023-03-28 20:30:00,16.906281335147234
2023-03-28 21:00:00,16.832212805744433
2023-03-28 21:30:00,16.747658985714533
2023-03-28 22:00:00,16.664851968170673
2023-03-28 22:30:00,16.325553086945916
2023-03-28 23:00:00,15.613192982456141
2023-03-28 23:30:00,14.82452631578947
2023-03-29 00:00:00,14.364122506972585
2023-03-29 00:30:00,14.53672371835946
2023-03-29 01:00:00,14.693670204547976
2023-03-29 01:30:00,15.078693590546806
2023-03-29 02:00:00,16.00843519747062
2023-03-29 02:30:00,17.74321980244552
2023-03-29 03:00:00,20.297956644550784
2023-03-29 03:30:00,23.115519369419403
2023-03-29 04:00:00,25.87237859311151
2023-03-29 04:30:00,27.639230821992594
2023-03-29 05:00:00,28.51987996786066
2023-03-29 05:30:00,28.745004802854968
2023-03-29 06:00:00,28.969824561403513
2023-03-29 06:30:00,29.422807017543864
2023-03-29 07:00:00,29.996140350877194
2023-03-29 07:30:00,30.64842105263158
2023-03-29 08:00:00,31.167017543859654
2023-03-29 08:30:00,31.532280701754388
2023-03-29 09:00:00,31.594736842105267
2023-03-29 09:30:00,31.513728070175443
2023-03-29 10:00:00,31.316447368421056
2023-03-29 10:30:00,31.225789473684216
2023-03-29 11:00:00,31.04887719298246
2023-03-29 11:30:00,30.974000000000004
2023-03-29 12:00:00,30.57245614035088
2023-03-29 12:30:00,30.161578947368426
2023-03-29 13:00:00,29.82185964912281
2023-03-29 13:30:00,29.908896708845912
2023-03-29 14:00:00,30.51069493456507
2023-03-29 14:30:00,30.948112824946467
2023-03-29 15:00:00,30.863133938639226
2023-03-29 15:30:00,29.51613407315899
2023-03-29 16:00:00,27.182329457468715
2023-03-29 16:30:00,24.434267190989598
2023-03-29 17:00:00,21.879710541720176
2023-03-29 17:30:00,20.103819803697206
2023-03-29 18:00:00,18.97908771929825
2023-03-29 18:30:00,17.941824716146467
2023-03-29 19:00:00,16.887147873712003
2023-03-29 19:30:00,15.897842165516563
2023-03-29 20:00:00,15.416560979931297
2023-03-29 20:30:00,15.352764045687039
2023-03-29 21:00:00,15.342691596898014
2023-03-29 21:30:00,15.39578947368421
2023-03-29 22:00:00,15.444166666666668
2023-03-29 22:30:00,15.566122807017544
2023-03-29 23:00:00,15.740026315789473
2023-03-29 23:30:00,15.924210526315784
2023-03-30 00:00:00,14.65783663606737
2023-03-30 00:30:00,15.061661337736394
2023-03-30 01:00:00,15.178982351672142
2023-03-30 01:30:00,14.735143396357637
2023-03-30 02:00:00,14.625564892507995
2023-03-30 02:30:00,15.645543722123954
2023-03-30 03:00:00,17.72125485874324
2023-03-30 03:30:00,20.350866963776657
2023-03-30 04:00:00,22.74939761113998
2023-03-30 04:30:00,24.7831810934882
2023-03-30 05:00:00,26.171930959256063
2023-03-30 05:30:00,26.540281836449044
2023-03-30 06:00:00,26.238235484679336
2023-03-30 06:30:00,25.925350877192987
2023-03-30 07:00:00,26.006451867891673
2023-03-30 07:30:00,26.39732906087413
2023-03-30 08:00:00,26.72925888543553
2023-03-30 08:30:00,27.40511039903458
2023-03-30 09:00:00,28.180000000000003
2023-03-30 09:30:00,28.99929824561404
2023-03-30 10:00:00,29.263035087719302
2023-03-30 10:30:00,29.032578947368425
2023-03-30 11:00:00,28.14334042078075
2023-03-30 11:30:00,27.105398455324703
2023-03-30 12:00:00,26.44112652550014
2023-03-30 12:30:00,26.47313175370626
2023-03-30 13:00:00,26.997122807017547
2023-03-30 13:30:00,27.531329417497627
2023-03-30 14:00:00,28.24759999093891
2023-03-30 14:30:00,28.61658880975452
2023-03-30 15:00:00,28.352814688202624
2023-03-30 15:30:00,27.192344686865365
2023-03-30 16:00:00,24.76221447718359
2023-03-30 16:30:00,21.89225012265851
2023-03-30 17:00:00,19.16370242371267
2023-03-30 17:30:00,17.63757654141402
2023-03-30 18:00:00,17.067523774795827
2023-03-30 18:30:00,16.65289473684211
2023-03-30 19:00:00,15.803052631578948
2023-03-30 19:30:00,14.80124561403509
2023-03-30 20:00:00,13.974228070175442
2023-03-30 20:30:00,13.516236842105267
2023-03-30 21:00:00,13.267017543859652
2023-03-30 21:30:00,12.983508771929827
2023-03-30 22:00:00,12.722456140350879
2023-03-30 22:30:00,12.66661403508772
2023-03-30 23:00:00,12.712412280701756
2023-03-30 23:30:00,12.830671052631578
2023-03-31 00:00:00,13.456178972614191
2023-03-31 00:30:00,13.936113145195506
2023-03-31 01:00:00,14.304345439811224
2023-03-31 01:30:00,13.814855819317847
2023-03-31 02:00:00,13.522707882780955
2023-03-31 02:30:00,13.962525953912044
2023-03-31 03:00:00,15.89616139990364
2023-03-31 03:30:00,18.39345842802901
2023-03-31 04:00:00,20.368421052631582
2023-03-31 04:30:00,21.608070175438602
2023-03-31 05:00:00,22.296140350877195
2023-03-31 05:30:00,23.01719298245614
2023-03-31 06:00:00,23.418596491228072
2023-03-31 06:30:00,24.327368421052636
2023-03-31 07:00:00,25.67929824561404
2023-03-31 07:30:00,27.584210526315797
2023-03-31 08:00:00,28.76771929824562
2023-03-31 08:30:00,29.28631578947369
2023-03-31 09:00:00,29.47473684210527
2023-03-31 09:30:00,29.964210526315792
2023-03-31 10:00:00,30.10385964912281
2023-03-31 10:30:00,30.189824561403512
2023-03-31 11:00:00,30.142105263157898
2023-03-31 11:30:00,30.247263157894736
2023-03-31 12:00:00,30.06287719298246
2023-03-31 12:30:00,29.351298245614036
2023-03-31 13:00:00,28.757789473684213
2023-03-31 13:30:00,28.2630701754386
2023-03-31 14:00:00,27.78180752716779
2023-03-31 14:30:00,27.668976752354894
2023-03-31 15:00:00,27.39167567748674
2023-03-31 15:30:00,26.575947133610395
2023-03-31 16:00:00,24.649220176177533
2023-03-31 16:30:00,22.450019850988966
2023-03-31 17:00:00,20.754208333298283
2023-03-31 17:30:00,19.295880020126894
2023-03-31 18:00:00,17.810482456140353
2023-03-31 18:30:00,16.404561403508776
2023-03-31 19:00:00,15.584912280701756
2023-03-31 19:30:00,15.168421052631581
2023-03-31 20:00:00,14.862105263157895
2023-03-31 20:30:00,14.538947368421054
2023-03-31 21:00:00,14.12842105263158
2023-03-31 21:30:00,13.631228070175439
2023-03-31 22:00:00,13.14385964912281
2023-03-31 22:30:00,12.743157894736845
2023-03-31 23:00:00,12.458456140350878
2023-03-31 23:30:00,12.27382456140351
2023-04-01 00:00:00,11.491544378060157
2023-04-01 00:30:00,11.873822975561806
2023-04-01 01:00:00,12.092772155513877
2023-04-01 01:30:00,12.215451255778715
2023-04-01 02:00:00,12.63925897602047
2023-04-01 02:30:00,14.06118323327594
2023-04-01 03:00:00,16.17933437359026
2023-04-01 03:30:00,18.758679840583984
2023-04-01 04:00:00,20.814736842105265
2023-04-01 04:30:00,22.219926656337407
2023-04-01 05:00:00,23.10868274504198
2023-04-01 05:30:00,23.937805552059526
2023-04-01 06:00:00,24.77850730644549
2023-04-01 06:30:00,25.7821052631579
2023-04-01 07:00:00,26.56608372524705
2023-04-01 07:30:00,27.42514990663445
2023-04-01 08:00:00,28.213921836459008
2023-04-01 08:30:00,29.340509294481446
2023-04-01 09:00:00,30.131228070175442
2023-04-01 09:30:00,30.57397506902748
2023-04-01 10:00:00,30.474025852761354
2023-04-01 10:30:00,29.931920589603454
2023-04-01 11:00:00,29.288989574181723
2023-04-01 11:30:00,28.37278835940575
2023-04-01 12:00:00,28.121774573564895
2023-04-01 12:30:00,28.310083686523424
2023-04-01 13:00:00,29.094029609877328
2023-04-01 13:30:00,29.299508771929826
2023-04-01 14:00:00,28.892877192982457
2023-04-01 14:30:00,28.05369017004224
2023-04-01 15:00:00,27.378753496666093
2023-04-01 15:30:00,26.793330985756683
2023-04-01 16:00:00,25.33209934424325
2023-04-01 16:30:00,23.887748013288004
2023-04-01 17:00:00,22.56822700269625
2023-04-01 17:30:00,21.706985202203764
2023-04-01 18:00:00,19.81251254644352
2023-04-01 18:30:00,17.4324590255511
2023-04-01 19:00:00,15.471420283541292
2023-04-01 19:30:00,14.727836866418167
2023-04-01 20:00:00,14.601499836745397
2023-04-01 20:30:00,14.46282456140351
00:00,1
2023-04-01 21:30:00,14.564947368421054
2023-04-01 22:00:00,14.915397343891646
2023-04-01 22:30:00,14.973130446583413
2023-04-01 23:00:00,14.159251232457278
2023-04-01 23:30:00,13.028178712658276
2023-04-02 00:00:00,12.252912280701759
2023-04-02 00:30:00,12.163578947368423
2023-04-02 01:00:00,12.030175438596492
2023-04-02 01:30:00,11.917289473684212
2023-04-02 02:00:00,11.857385964912282
2023-04-02 02:30:00,13.088263157894739
2023-04-02 03:00:00,15.64024561403509
2023-04-02 03:30:00,19.08421052631579
2023-04-02 04:00:00,22.010061403508775
2023-04-02 04:30:00,23.43205263157895
2023-04-02 05:00:00,24.198368421052635
2023-04-02 05:30:00,24.891894736842108
2023-04-02 06:00:00,25.31368421052632
2023-04-02 06:30:00,25.543157894736847
2023-04-02 07:00:00,25.874736842105268
2023-04-02 07:30:00,26.9740350877193
2023-04-02 08:00:00,28.731228070175444
2023-04-02 08:30:00,30.298833333333334
2023-04-02 09:00:00,31.21528070175439
2023-04-02 09:30:00,31.65879824561404
2023-04-02 10:00:00,31.68794736842106
2023-04-02 10:30:00,31.692447368421057
2023-04-02 11:00:00,31.737929824561405
2023-04-02 11:30:00,31.624342105263164
2023-04-02 12:00:00,31.321631578947372
2023-04-02 12:30:00,30.77671929824562
2023-04-02 13:00:00,30.15635087719299
2023-04-02 13:30:00,29.67788596491228
2023-04-02 14:00:00,29.354052631578952
2023-04-02 14:30:00,29.2076186155788
2023-04-02 15:00:00,28.91166378289051
2023-04-02 15:30:00,27.838040975872968
2023-04-02 16:00:00,25.079055044824756
2023-04-02 16:30:00,20.44807381215503
2023-04-02 17:00:00,15.099247029680052
2023-04-02 17:30:00,11.746352852619458
2023-04-02 18:00:00,11.859750160485135
2023-04-02 18:30:00,13.537943118224169
2023-04-02 19:00:00,14.921365437632415
2023-04-02 19:30:00,14.833127966770427
2023-04-02 20:00:00,14.445982456140351
2023-04-02 20:30:00,14.186026315789475
2023-04-02 21:00:00,13.640350877192985
2023-04-02 21:30:00,12.950877192982459
2023-04-02 22:00:00,12.25684210526316
2023-04-02 22:30:00,11.882807017543861
2023-04-02 23:00:00,11.829263157894738
2023-04-02 23:30:00,11.94021052631579
2023-04-03 00:00:00,12.323894736842105
2023-04-03 00:30:00,12.14961403508772
2023-04-03 01:00:00,12.06408756296038
2023-04-03 01:30:00,12.16907132110137
2023-04-03 02:00:00,12.959597636890841
2023-04-03 02:30:00,14.836144767798238
2023-04-03 03:00:00,17.328070175438597
2023-04-03 03:30:00,19.50561403508772
2023-04-03 04:00:00,21.10105263157895
2023-04-03 04:30:00,22.274850740961366
2023-04-03 05:00:00,23.751394521002297
2023-04-03 05:30:00,24.506056119332545
2023-04-03 06:00:00,25.22836406289433
2023-04-03 06:30:00,26.1798168955672
2023-04-03 07:00:00,27.670843040694194
2023-04-03 07:30:00,29.436096491228074
2023-04-03 08:00:00,30.493684210526315
2023-04-03 08:30:00,31.02947368421053
2023-04-03 09:00:00,31.061017543859652
2023-04-03 09:30:00,30.866318631768834
2023-04-03 10:00:00,30.763608105453045
2023-04-03 10:30:00,30.605739684400415
2023-04-03 11:00:00,30.30029871932989
2023-04-03 11:30:00,30.09169298245614
2023-04-03 12:00:00,30.04035087719298
2023-04-03 12:30:00,30.215438596491236
2023-04-03 13:00:00,30.330350877192984
2023-04-03 13:30:00,30.145404848902107
2023-04-03 14:00:00,29.627116610064764
2023-04-03 14:30:00,28.91865169778406
2023-04-03 15:00:00,28.34178387766654
2023-04-03 15:30:00,27.427125696407543
2023-04-03 16:00:00,25.753784036470762
2023-04-03 16:30:00,23.269952890554404
2023-04-03 17:00:00,21.198212000584036
2023-04-03 17:30:00,20.04786249747273
2023-04-03 18:00:00,19.595831158739397
2023-04-03 18:30:00,18.96918393041656
2023-04-03 19:00:00,17.977050999400916
2023-04-03 19:30:00,17.18472267409607
2023-04-03 20:00:00,16.812091095148702
2023-04-03 20:30:00,16.748327937253965
2023-04-03 21:00:00,16.741754385964914
2023-04-03 21:30:00,16.71261403508772
2023-04-03 22:00:00,16.82445614035088
2023-04-03 22:30:00,16.840596491228073
2023-04-03 23:00:00,16.663284210526314
2023-04-03 23:30:00,16.322803508771923
2023-04-04 00:00:00,14.736653634411548
2023-04-04 00:30:00,14.299702340704192
2023-04-04 01:00:00,13.843859649122807
2023-04-04 01:30:00,13.654736842105264
2023-04-04 02:00:00,14.126666666666667
2023-04-04 02:30:00,15.502456140350878
2023-04-04 03:00:00,17.158245614035092
2023-04-04 03:30:00,18.728201754385967
2023-04-04 04:00:00,19.48622807017544
2023-04-04 04:30:00,19.519210526315792
2023-04-04 05:00:00,19.26578947368421
2023-04-04 05:30:00,19.340350877192986
2023-04-04 06:00:00,19.75308913386893
2023-04-04 06:30:00,20.2338068527096
2023-04-04 07:00:00,21.17425752132926
2023-04-04 07:30:00,22.710783826937767
2023-04-04 08:00:00,24.31233677817576
2023-04-04 08:30:00,25.35626208555782
2023-04-04 09:00:00,25.702347905526153
2023-04-04 09:30:00,26.075062677562666
2023-04-04 10:00:00,26.49568092968998
2023-04-04 10:30:00,26.875271929824567
2023-04-04 11:00:00,26.966666666666672
2023-04-04 11:30:00,26.76934040364522
2023-04-04 12:00:00,26.20487619577352
2023-04-04 12:30:00,25.867346732427592
2023-04-04 13:00:00,25.942989137506018
2023-04-04 13:30:00,26.423990675509945
2023-04-04 14:00:00,26.95066645296266
2023-04-04 14:30:00,27.155793499780362
2023-04-04 15:00:00,27.16617732734105
2023-04-04 15:30:00,26.694467111031518
2023-04-04 16:00:00,25.39598640634694
2023-04-04 16:30:00,23.212950903302225
2023-04-04 17:00:00,20.83243320857422
2023-04-04 17:30:00,18.62646829629352
2023-04-04 18:00:00,17.33884818323448
2023-04-04 18:30:00,16.596140350877196
2023-04-04 19:00:00,16.04603907218899
2023-04-04 19:30:00,15.425060600518323
2023-04-04 20:00:00,14.615937793500782
2023-04-04 20:30:00,13.81506964011163
2023-04-04 21:00:00,13.040701754385966
2023-04-04 21:30:00,12.317192982456142
2023-04-04 22:00:00,12.097543859649123
2023-04-04 22:30:00,12.149122807017546
2023-04-04 23:00:00,12.122666666666667
2023-04-04 23:30:00,11.8980350877193
2023-04-05 00:00:00,11.659736752539446
2023-04-05 00:30:00,11.84874712101253
2023-04-05 01:00:00,12.04105263157895
2023-04-05 01:30:00,12.238261196178513
2023-04-05 02:00:00,12.935303657469753
2023-04-05 02:30:00,14.640215938171508
2023-04-05 03:00:00,17.095265585489418
2023-04-05 03:30:00,19.842736842105264
2023-04-05 04:00:00,22.004350877192987
2023-04-05 04:30:00,23.4580350877193
2023-04-05 05:00:00,24.217245614035093
2023-04-05 05:30:00,24.758929824561406
2023-04-05 06:00:00,25.448403508771932
2023-04-05 06:30:00,26.46758771929825
2023-04-05 07:00:00,27.33964912280702
2023-04-05 07:30:00,28.252631578947373
2023-04-05 08:00:00,28.878596491228077
2023-04-05 08:30:00,29.27649122807018
2023-04-05 09:00:00,29.122807017543863
2023-04-05 09:30:00,28.899568852554186
2023-04-05 10:00:00,29.06864118550054
2023-04-05 10:30:00,29.216009606553172
2023-04-05 11:00:00,29.293097325851416
2023-04-05 11:30:00,29.008964912280703
2023-04-05 12:00:00,28.557561403508775
30:00,3
2023-04-05 13:00:00,27.16280701754386
2023-04-05 13:30:00,26.80070175438597
2023-04-05 14:00:00,27.085415888972296
2023-04-05 14:30:00,27.760513333967697
2023-04-05 15:00:00,28.238796604107694
2023-04-05 15:30:00,28.15455796799398
2023-04-05 16:00:00,27.092870363580072
2023-04-05 16:30:00,25.4419952144509
2023-04-05 17:00:00,23.94745630869525
2023-04-05 17:30:00,22.340013906820676
2023-04-05 18:00:00,20.414563377360057
2023-04-05 18:30:00,17.974675405360827
2023-04-05 19:00:00,15.861567470788032
2023-04-05 19:30:00,14.677512793453753
2023-04-05 20:00:00,14.248655683119528
2023-04-05 20:30:00,14.080094622152304
2023-04-05 21:00:00,14.044569355589923
2023-04-05 21:30:00,13.975754385964914
2023-04-05 22:00:00,13.97084210526316
2023-04-05 22:30:00,14.11821052631579
2023-04-05 23:00:00,14.41905263157895
2023-04-05 23:30:00,14.803214912280703
2023-04-06 00:00:00,14.42602543859649
2023-04-06 00:30:00,14.031373684210527
2023-04-06 01:00:00,13.763801941494146
2023-04-06 01:30:00,13.691504898182865
2023-04-06 02:00:00,14.182069817078343
2023-04-06 02:30:00,15.4729470100608
2023-04-06 03:00:00,17.399675198376382
2023-04-06 03:30:00,19.498596491228074
2023-04-06 04:00:00,20.907368421052634
2023-04-06 04:30:00,21.794736842105266
2023-04-06 05:00:00,22.55824561403509
2023-04-06 05:30:00,23.55894736842106
2023-04-06 06:00:00,24.294736842105266
2023-04-06 06:30:00,24.981754385964916
2023-04-06 07:00:00,25.384912280701755
2023-04-06 07:30:00,26.08385964912281
2023-04-06 08:00:00,26.89824561403509
2023-04-06 08:30:00,27.721017543859656
2023-04-06 09:00:00,28.38726315789474
2023-04-06 09:30:00,28.753228070175442
2023-04-06 10:00:00,28.859421052631586
2023-04-06 10:30:00,28.824491228070176
2023-04-06 11:00:00,28.832561403508777
2023-04-06 11:30:00,28.869807017543863
2023-04-06 12:00:00,29.183824561403515
2023-04-06 12:30:00,29.56635087719299
2023-04-06 13:00:00,29.76249122807018
2023-04-06 13:30:00,29.867508771929824
2023-04-06 14:00:00,29.691736842105268
2023-04-06 14:30:00,29.762051142807533
2023-04-06 15:00:00,29.55771606432371
2023-04-06 15:30:00,28.93421028434926
2023-04-06 16:00:00,27.25362041425046
2023-04-06 16:30:00,24.643536457764288
2023-04-06 17:00:00,21.44511649992049
2023-04-06 17:30:00,18.761581909933636
2023-04-06 18:00:00,17.03928335231963
2023-04-06 18:30:00,16.276342767535102
2023-04-06 19:00:00,15.82282311383794
2023-04-06 19:30:00,15.34666666666667
2023-04-06 20:00:00,14.897614035087722
2023-04-06 20:30:00,14.622035087719299
2023-04-06 21:00:00,14.668701754385966
2023-04-06 21:30:00,15.122315789473687
2023-04-06 22:00:00,15.562736842105267
2023-04-06 22:30:00,15.602912280701757
2023-04-06 23:00:00,15.14923157894737
2023-04-06 23:30:00,14.503812280701752
2023-04-07 00:00:00,12.525139849746461
2023-04-07 00:30:00,12.740704352841751
2023-04-07 01:00:00,12.808461599299106
2023-04-07 01:30:00,12.61267179419931
2023-04-07 02:00:00,13.074530038204003
2023-04-07 02:30:00,15.110197913293343
2023-04-07 03:00:00,18.16477980501631
2023-04-07 03:30:00,21.285935662055234
2023-04-07 04:00:00,23.55433066585029
2023-04-07 04:30:00,24.74778947368421
2023-04-07 05:00:00,25.077754385964912
2023-04-07 05:30:00,24.793894736842105
2023-04-07 06:00:00,24.69549122807018
2023-04-07 06:30:00,25.184087719298248
2023-04-07 07:00:00,26.171105263157898
2023-04-07 07:30:00,26.677114035087722
2023-04-07 08:00:00,27.22491228070176
2023-04-07 08:30:00,27.72140350877193
2023-04-07 09:00:00,28.241868695094933
2023-04-07 09:30:00,28.610167488793554
2023-04-07 10:00:00,28.38700959405671
2023-04-07 10:30:00,28.136601562298722
2023-04-07 11:00:00,27.604784094896328
2023-04-07 11:30:00,27.322295480524062
2023-04-07 12:00:00,27.077734077015293
2023-04-07 12:30:00,27.22935595401918
2023-04-07 13:00:00,27.75087719298246
2023-04-07 13:30:00,28.616810085392704
2023-04-07 14:00:00,29.540796456679264
2023-04-07 14:30:00,30.069574265395435
2023-04-07 15:00:00,30.151784404659693
2023-04-07 15:30:00,29.358758415297554
2023-04-07 16:00:00,27.69175366680902
2023-04-07 16:30:00,24.98353499658509
2023-04-07 17:00:00,22.45550877192983
2023-04-07 17:30:00,20.313964912280706
2023-04-07 18:00:00,18.510175438596495
2023-04-07 18:30:00,17.0557575395025
2023-04-07 19:00:00,15.813613280767782
2023-04-07 19:30:00,15.4039411294748
2023-04-07 20:00:00,15.238438764321609
2023-04-07 20:30:00,15.131197365527484
2023-04-07 21:00:00,14.736175438596492
2023-04-07 21:30:00,14.323263157894738
2023-04-07 22:00:00,14.019754385964914
2023-04-07 22:30:00,14.00482456140351
2023-04-07 23:00:00,14.00461754385965
2023-04-07 23:30:00,13.952049122807017
2023-04-08 00:00:00,13.359645548550205
2023-04-08 00:30:00,13.706740825008126
2023-04-08 01:00:00,13.989051347509475
2023-04-08 01:30:00,14.432313948278827
2023-04-08 02:00:00,15.513865798660804
2023-04-08 02:30:00,17.529522920641472
2023-04-08 03:00:00,20.132337969364
2023-04-08 03:30:00,22.433491523827616
2023-04-08 04:00:00,23.885691626039716
2023-04-08 04:30:00,24.576321299172136
2023-04-08 05:00:00,24.9221052631579
2023-04-08 05:30:00,25.177894736842106
2023-04-08 06:00:00,25.72385964912281
2023-04-08 06:30:00,26.59368421052632
2023-04-08 07:00:00,27.932982456140355
2023-04-08 07:30:00,28.9481403508772
2023-04-08 08:00:00,29.739929824561404
2023-04-08 08:30:00,30.007298245614038
2023-04-08 09:00:00,30.182947368421054
2023-04-08 09:30:00,30.358245614035095
2023-04-08 10:00:00,30.51368421052632
2023-04-08 10:30:00,30.63649122807018
2023-04-08 11:00:00,30.662456140350884
2023-04-08 11:30:00,30.44771929824562
2023-04-08 12:00:00,30.142807017543863
2023-04-08 12:30:00,29.838947368421056
2023-04-08 13:00:00,29.604070175438597
2023-04-08 13:30:00,29.323719298245617
2023-04-08 14:00:00,28.86056140350878
2023-04-08 14:30:00,28.285311535359796
2023-04-08 15:00:00,28.112149281028252
2023-04-08 15:30:00,28.110445661807944
2023-04-08 16:00:00,27.97742095060009
2023-04-08 16:30:00,26.87800158078296
2023-04-08 17:00:00,25.19749091900375
2023-04-08 17:30:00,23.154576893063567
2023-04-08 18:00:00,21.077990956397958
2023-04-08 18:30:00,19.35558480896427
2023-04-08 19:00:00,17.657268545383836
2023-04-08 19:30:00,16.650871593578323
2023-04-08 20:00:00,15.82565408559573
2023-04-08 20:30:00,15.384601262066658
2023-04-08 21:00:00,15.044338139717299
2023-04-08 21:30:00,14.678017543859651
2023-04-08 22:00:00,14.272754385964914
2023-04-08 22:30:00,13.75482456140351
2023-04-08 23:00:00,13.282021052631578
2023-04-08 23:30:00,12.870018421052627
2023-04-09 00:00:00,12.15255381030704
2023-04-09 00:30:00,12.682175280214436
2023-04-09 01:00:00,13.020609748076694
2023-04-09 01:30:00,13.643206774750503
2023-04-09 02:00:00,14.837986742690775
2023-04-09 02:30:00,17.37636580075817
2023-04-09 03:00:00,20.100598308421734
2023-04-09 03:30:00,22.663516073606946
2023-04-09 04:00:00,24.723733886970425
2023-04-09 04:30:00,26.333954176136203
2023-04-09 05:00:00,27.51941712420223
2023-04-09 05:30:00,27.90415396630749
2023-04-09 06:00:00,28.00152369683657
2023-04-09 06:30:00,28.29528070175439
2023-04-09 07:00:00,28.644271929824566
2023-04-09 07:30:00,28.89124561403509
2023-04-09 08:00:00,29.265771929824563
2023-04-09 08:30:00,29.794192982456142
2023-04-09 09:00:00,30.40571052631579
2023-04-09 09:30:00,30.757192982456143
2023-04-09 10:00:00,30.688421052631583
2023-04-09 10:30:00,30.5660701754386
2023-04-09 11:00:00,30.650982456140355
2023-04-09 11:30:00,30.95743859649123
2023-04-09 12:00:00,31.292736842105267
2023-04-09 12:30:00,31.1151052631579
2023-04-09 13:00:00,30.460710526315793
2023-04-09 13:30:00,29.42189473684211
2023-04-09 14:00:00,28.42993859649123
2023-04-09 14:30:00,27.77055263157895
2023-04-09 15:00:00,27.438473684210532
2023-04-09 15:30:00,27.234964912280706
2023-04-09 16:00:00,26.686350877192982
2023-04-09 16:30:00,25.38126315789474
2023-04-09 17:00:00,23.803570175438598
2023-04-09 17:30:00,22.591752734425878
2023-04-09 18:00:00,21.545509632129853
2023-04-09 18:30:00,20.00024930315002
2023-04-09 19:00:00,18.239794637438443
2023-04-09 19:30:00,16.812916251338553
2023-04-09 20:00:00,16.379849756711074
2023-04-09 20:30:00,16.177754385964914
2023-04-09 21:00:00,15.79389473684211
2023-04-09 21:30:00,15.334157894736846
2023-04-09 22:00:00,14.738368421052632
2023-04-09 22:30:00,14.489473684210529
2023-04-09 23:00:00,14.460140350877195
2023-04-09 23:30:00,14.515649122807014
2023-04-10 00:00:00,12.639025597740032
2023-04-10 00:30:00,13.761906874771576
2023-04-10 01:00:00,14.71372807017544
2023-04-10 01:30:00,15.717366314760485
2023-04-10 02:00:00,17.239987362247117
2023-04-10 02:30:00,19.727004906106767
2023-04-10 03:00:00,22.893982030350376
2023-04-10 03:30:00,26.521355082958035
2023-04-10 04:00:00,29.268150823725495
2023-04-10 04:30:00,30.476160342968928
2023-04-10 05:00:00,29.803971902545864
2023-04-10 05:30:00,28.94091809669167
2023-04-10 06:00:00,28.48505263157895
2023-04-10 06:30:00,28.90666666666667
2023-04-10 07:00:00,29.253333333333334
2023-04-10 07:30:00,29.550175438596494
2023-04-10 08:00:00,30.12701754385965
2023-04-10 08:30:00,30.606315789473687
2023-04-10 09:00:00,31.000000000000004
2023-04-10 09:30:00,31.08356140350877
2023-04-10 10:00:00,31.137000000000004
2023-04-10 10:30:00,31.321912280701756
2023-04-10 11:00:00,31.36451754385965
2023-04-10 11:30:00,31.422807017543864
2023-04-10 12:00:00,31.47473684210527
2023-04-10 12:30:00,31.42421052631579
2023-04-10 13:00:00,31.141096491228073
2023-04-10 13:30:00,30.449035087719306
2023-04-10 14:00:00,29.71885964912281
2023-04-10 14:30:00,29.13543859649123
2023-04-10 15:00:00,29.155964912280705
2023-04-10 15:30:00,29.435614035087724
2023-04-10 16:00:00,29.58122807017544
2023-04-10 16:30:00,28.963508771929828
2023-04-10 17:00:00,27.487017543859654
2023-04-10 17:30:00,25.695789473684215
2023-04-10 18:00:00,23.87964912280702
2023-04-10 18:30:00,21.673251646400598
2023-04-10 19:00:00,19.211456416969312
2023-04-10 19:30:00,17.055739781311775
2023-04-10 20:00:00,15.625632439690145
2023-04-10 20:30:00,15.200167389100228
2023-04-10 21:00:00,14.897520701559378
2023-04-10 21:30:00,14.962572507931467
2023-04-10 22:00:00,14.951543859649123
2023-04-10 22:30:00,14.952596491228071
2023-04-10 23:00:00,14.953019298245614
2023-04-10 23:30:00,14.965121052631575
2023-04-13 00:00:00,13.42798546178908
2023-04-13 00:30:00,14.011131742938808
2023-04-13 01:00:00,14.578523346571648
2023-04-13 01:30:00,15.5601514042634
2023-04-13 02:00:00,17.42399820172577
2023-04-13 02:30:00,19.87589250628092
2023-04-13 03:00:00,22.484417516274416
2023-04-13 03:30:00,25.166360239914145
2023-04-13 04:00:00,27.418694298845264
2023-04-13 04:30:00,29.64653099831001
2023-04-13 05:00:00,30.87105574659945
2023-04-13 05:30:00,31.508499539527254
2023-04-13 06:00:00,31.036620164471213
2023-04-13 06:30:00,29.900223702544366
2023-04-13 07:00:00,28.587243117127528
2023-04-13 07:30:00,27.705122267884537
2023-04-13 08:00:00,27.38442051349858
2023-04-13 08:30:00,27.39209233230176
2023-04-13 09:00:00,27.930617137956478
2023-04-13 09:30:00,28.638596491228075
2023-04-13 10:00:00,29.167368421052632
2023-04-13 10:30:00,29.27122807017544
2023-04-13 11:00:00,29.33684210526316
2023-04-13 11:30:00,29.66670175438597
2023-04-13 12:00:00,30.03189473684211
2023-04-13 12:30:00,30.106000000000005
2023-04-13 13:00:00,29.995385964912284
2023-04-13 13:30:00,29.714263157894738
2023-04-13 14:00:00,29.332403508771932
2023-04-13 14:30:00,29.02447368421053
2023-04-13 15:00:00,29.099130687967087
2023-04-13 15:30:00,29.2951126986173
2023-04-13 16:00:00,28.92771796177519
2023-04-13 16:30:00,27.902723015975315
2023-04-13 17:00:00,26.001403508771933
2023-04-13 17:30:00,24.14884210526316
2023-04-13 18:00:00,22.144140350877194
2023-04-13 18:30:00,20.336771929824565
2023-04-13 19:00:00,18.723106036795215
2023-04-13 19:30:00,17.551487726752185
2023-04-13 20:00:00,16.778505270611834
2023-04-13 20:30:00,16.34888443072577
2023-04-13 21:00:00,16.145160418368267
2023-04-13 21:30:00,16.38705263157895
2023-04-13 22:00:00,16.635473684210528
2023-04-13 22:30:00,16.54122807017544
2023-04-13 23:00:00,16.119157894736844
2023-04-13 23:30:00,15.460315789473682
2023-04-14 00:00:00,14.610142032925197
2023-04-14 00:30:00,14.520754243319528
2023-04-14 01:00:00,14.265981189511505
2023-04-14 01:30:00,14.143079081587409
2023-04-14 02:00:00,14.847943745578135
2023-04-14 02:30:00,16.894624469196376
2023-04-14 03:00:00,19.33163002728654
2023-04-14 03:30:00,21.63669432166392
2023-04-14 04:00:00,22.68372340409763
2023-04-14 04:30:00,23.40596417325831
2023-04-14 05:00:00,23.806315789473686
2023-04-14 05:30:00,24.77122807017544
2023-04-14 06:00:00,25.521052631578954
2023-04-14 06:30:00,26.24350877192983
2023-04-14 07:00:00,26.997192982456145
2023-04-14 07:30:00,27.873333333333335
2023-04-14 08:00:00,28.741403508771935
2023-04-14 08:30:00,28.974385964912283
2023-04-14 09:00:00,28.96701754385965
2023-04-14 09:30:00,28.907122807017547
2023-04-14 10:00:00,28.808578947368428
2023-04-14 10:30:00,28.617000000000004
2023-04-14 11:00:00,28.38920175438597
2023-04-14 11:30:00,28.30947368421053
2023-04-14 12:00:00,28.677903508771934
2023-04-14 12:30:00,29.106035087719302
2023-04-14 13:00:00,29.45866666666667
2023-04-14 13:30:00,29.546622807017545
2023-04-14 14:00:00,29.45449122807018
2023-04-14 14:30:00,29.4191052631579
2023-04-14 15:00:00,29.52295515264642
2023-04-14 15:30:00,29.724778088336056
2023-04-14 16:00:00,29.359962298862374
2023-04-14 16:30:00,28.127681597107983
2023-04-14 17:00:00,25.92877540593591
2023-04-14 17:30:00,23.890877192982458
2023-04-14 18:00:00,21.555087719298246
2023-04-14 18:30:00,19.421922091165637
2023-04-14 19:00:00,17.517028407506526
2023-04-14 19:30:00,16.625800337331086
2023-04-14 20:00:00,16.34932036851141
2023-04-14 20:30:00,16.3721155546394
2023-04-14 21:00:00,16.002290993235892
2023-04-14 21:30:00,15.748107289913316
2023-04-14 22:00:00,15.454127768758356
2023-04-14 22:30:00,15.678162600662711
2023-04-14 23:00:00,15.524209066588737
2023-04-14 23:30:00,15.41616226458576
2023-04-15 00:00:00,14.49673173352699
2023-04-15 00:30:00,14.54379458226249
2023-04-15 01:00:00,14.844848534335432
2023-04-15 01:30:00,15.779597637993119
2023-04-15 02:00:00,17.872319193886703
2023-04-15 02:30:00,21.074765144995975
2023-04-15 03:00:00,24.420638129552426
2023-04-15 03:30:00,26.875710475988697
2023-04-15 04:00:00,27.920747145050104
2023-04-15 04:30:00,27.9841758329118
2023-04-15 05:00:00,28.096140350877196
2023-04-15 05:30:00,28.530526315789476
2023-04-15 06:00:00,29.26291228070176
2023-04-15 06:30:00,29.790561403508775
2023-04-15 07:00:00,29.75687719298246
2023-04-15 07:30:00,29.875491228070178
2023-04-15 08:00:00,29.901754385964917
2023-04-15 08:30:00,30.35368421052632
2023-04-15 09:00:00,30.601052631578952
2023-04-15 09:30:00,31.00842105263158
2023-04-15 10:00:00,31.096491228070178
2023-04-15 10:30:00,31.09578947368421
2023-04-15 11:00:00,31.084491228070178
2023-04-15 11:30:00,31.150771929824568
2023-04-15 12:00:00,31.288947368421052
2023-04-15 12:30:00,31.269578947368426
2023-04-15 13:00:00,30.87613157894737
2023-04-15 13:30:00,30.24268421052632
2023-04-15 14:00:00,29.609771929824564
2023-04-15 14:30:00,29.4040701754386
2023-04-15 15:00:00,29.25742105263158
2023-04-15 15:30:00,28.80824561403509
2023-04-15 16:00:00,27.751254385964916
2023-04-15 16:30:00,26.54993155855225
2023-04-15 17:00:00,25.44142077358384
2023-04-15 17:30:00,24.678556356922286
2023-04-15 18:00:00,23.215074780616646
2023-04-15 18:30:00,21.06714232140185
2023-04-15 19:00:00,18.742094546460688
2023-04-15 19:30:00,17.151646572054513
2023-04-15 20:00:00,16.550432957338202
2023-04-15 20:30:00,16.264416972532036
2023-04-15 21:00:00,15.817210526315792
2023-04-15 21:30:00,15.419692982456143
2023-04-15 22:00:00,15.098333333333336
2023-04-15 22:30:00,14.913245614035091
2023-04-15 23:00:00,14.854205263157896
2023-04-15 23:30:00,14.789500877192983
2023-04-16 00:00:00,14.881017543859649
2023-04-16 00:30:00,14.640561403508771
2023-04-16 01:00:00,14.574313920810377
2023-04-16 01:30:00,14.746757335224613
2023-04-16 02:00:00,15.556974293284084
2023-04-16 02:30:00,16.929558842964656
2023-04-16 03:00:00,18.63331273372482
2023-04-16 03:30:00,19.99097716541956
2023-04-16 04:00:00,20.90514722472388
2023-04-16 04:30:00,21.276668870879348
2023-04-16 05:00:00,21.6788237395964
2023-04-16 05:30:00,22.16528587794608
2023-04-16 06:00:00,22.647005176191698
2023-04-16 06:30:00,23.43858412356012
2023-04-16 07:00:00,24.041283004938478
2023-04-16 07:30:00,24.750711705328257
2023-04-16 08:00:00,25.362134354433866
2023-04-16 08:30:00,26.17358636120504
2023-04-16 09:00:00,26.696363370393513
2023-04-16 09:30:00,27.111050471208728
2023-04-16 10:00:00,27.04057132328043
2023-04-16 10:30:00,27.174771929824562
2023-04-16 11:00:00,27.35321052631579
2023-04-16 11:30:00,27.378503513865507
2023-04-16 12:00:00,27.392984918392987
2023-04-16 12:30:00,27.00022176049825
2023-04-16 13:00:00,26.867278598528657
2023-04-16 13:30:00,26.89954385964913
2023-04-16 14:00:00,27.030947368421057
2023-04-16 14:30:00,27.32019096667551
2023-04-16 15:00:00,27.33615847592362
2023-04-16 15:30:00,27.13154607922829
2023-04-16 16:00:00,26.166403210132838
2023-04-16 16:30:00,24.496809210254764
2023-04-16 17:00:00,22.421475271729264
2023-04-16 17:30:00,20.322035087719303
2023-04-16 18:00:00,18.49424553052246
2023-04-16 18:30:00,17.04777537997074
2023-04-16 19:00:00,16.04708932559223
2023-04-16 19:30:00,15.542080282363786
2023-04-16 20:00:00,15.325554088395291
2023-04-16 20:30:00,15.357442369178836
2023-04-16 21:00:00,15.285315789473685
2023-04-16 21:30:00,15.072684210526319
2023-04-16 22:00:00,14.893350877192985
2023-04-16 22:30:00,14.636140350877193
2023-04-16 23:00:00,14.510385964912281
2023-04-16 23:30:00,14.239438596491226
2023-04-18 00:00:00,13.706315789473683
2023-04-18 00:30:00,14.179443925764076
2023-04-18 01:00:00,14.75806706335639
2023-04-18 01:30:00,15.553505659847618
2023-04-18 02:00:00,16.854207414233585
2023-04-18 02:30:00,18.853145819374557
2023-04-18 03:00:00,21.038058100076313
2023-04-18 03:30:00,23.105426521128944
2023-04-18 04:00:00,24.307901496211553
2023-04-18 04:30:00,25.285118141159952
2023-04-18 05:00:00,26.048340425907046
2023-04-18 05:30:00,26.58769130310003
2023-04-18 06:00:00,27.201619230688877
2023-04-18 06:30:00,27.678604337955154
2023-04-18 07:00:00,28.22577100462182
2023-04-18 07:30:00,28.43986192868047
2023-04-18 08:00:00,28.26943859649123
2023-04-18 08:30:00,28.038394736842108
2023-04-18 09:00:00,27.78805263157895
2023-04-18 09:30:00,27.493192982456147
2023-04-18 10:00:00,27.06337719298246
2023-04-18 10:30:00,26.850087719298248
2023-04-18 11:00:00,26.67269590283654
2023-04-18 11:30:00,26.690347946023962
2023-04-18 12:00:00,26.531163735497643
2023-04-18 12:30:00,26.3634190985189
2023-04-18 13:00:00,26.476032698487632
2023-04-18 13:30:00,26.723977677677016
2023-04-18 14:00:00,26.89497767767702
2023-04-18 14:30:00,27.01044418277883
2023-04-18 15:00:00,26.981078947368427
2023-04-18 15:30:00,27.12766108771882
2023-04-18 16:00:00,26.925928707893576
2023-04-18 16:30:00,26.169825439195108
2023-04-18 17:00:00,24.767890605986015
2023-04-18 17:30:00,22.991478940491575
2023-04-18 18:00:00,21.08390066833717
2023-04-18 18:30:00,19.71480267485855
2023-04-18 19:00:00,19.193484338124993
2023-04-18 19:30:00,19.181161952031136
2023-04-18 20:00:00,19.097487875288994
2023-04-18 20:30:00,18.53263157894737
2023-04-18 21:00:00,17.862105263157897
2023-04-18 21:30:00,17.34491228070176
2023-04-18 22:00:00,16.913333333333338
2023-04-18 22:30:00,16.49070175438597
2023-04-18 23:00:00,16.23862456140351
2023-04-18 23:30:00,16.029270175438594
2023-04-26 00:00:00,13.41461754385965
2023-04-26 00:30:00,13.357031578947371
2023-04-26 01:00:00,13.347263157894739
2023-04-26 01:30:00,13.53728070175439
2023-04-26 02:00:00,14.234736842105265
2023-04-26 02:30:00,15.437543859649125
2023-04-26 03:00:00,16.43543859649123
2023-04-26 03:30:00,17.178947368421053
2023-04-26 04:00:00,17.56105263157895
2023-04-26 04:30:00,18.23263157894737
2023-04-26 05:00:00,19.038947368421052
2023-04-26 05:30:00,19.970175438596495
2023-04-26 06:00:00,20.830526315789477
2023-04-26 06:30:00,21.891445958535837
2023-04-26 07:00:00,22.815390507186446
2023-04-26 07:30:00,24.082408051046098
2023-04-26 08:00:00,25.371246475286952
2023-04-26 08:30:00,26.40526315789474
2023-04-26 09:00:00,26.945614035087726
2023-04-26 09:30:00,26.92070175438597
2023-04-26 10:00:00,26.615157894736843
2023-04-26 10:30:00,26.162653880476245
2023-04-26 11:00:00,25.826662962746934
2023-04-26 11:30:00,25.350733138185532
2023-04-26 12:00:00,25.15598394641708
2023-04-26 12:30:00,24.795151076910773
2023-04-26 13:00:00,24.907701086857575
2023-04-26 13:30:00,25.524723025155073
2023-04-26 14:00:00,26.297631472931524
2023-04-26 14:30:00,26.986837195474767
2023-04-26 15:00:00,26.978942458632662
2023-04-26 15:30:00,26.943411880430073
2023-04-26 16:00:00,27.213788233675206
2023-04-26 16:30:00,26.965461695926674
2023-04-26 17:00:00,25.92928402294787
2023-04-26 17:30:00,23.750823174903644
2023-04-26 18:00:00,21.600314764109598
2023-04-26 18:30:00,19.598252147333238
2023-04-26 19:00:00,17.878493637049644
2023-04-26 19:30:00,16.521035344368958
2023-04-26 20:00:00,15.409534697808406
2023-04-26 20:30:00,14.795935513752518
2023-04-26 21:00:00,14.399947717367079
2023-04-26 21:30:00,14.506157894736845
2023-04-26 22:00:00,14.69232456140351
2023-04-26 22:30:00,14.99122807017544
2023-04-26 23:00:00,15.427228070175444
2023-04-26 23:30:00,15.88066666666667
2023-04-27 00:00:00,14.700184127337657
2023-04-27 00:30:00,14.397391228831628
2023-04-27 01:00:00,14.114486018341772
2023-04-27 01:30:00,13.991689589573816
2023-04-27 02:00:00,14.429935203608906
2023-04-27 02:30:00,15.174941309845225
2023-04-27 03:00:00,16.252280701754387
2023-04-27 03:30:00,17.35087719298246
2023-04-27 04:00:00,18.16909649122807
2023-04-27 04:30:00,18.70624561403509
2023-04-27 05:00:00,19.030008771929825
2023-04-27 05:30:00,19.546622807017545
2023-04-27 06:00:00,20.20335964912281
2023-04-27 06:30:00,20.913482456140354
2023-04-27 07:00:00,21.672035087719298
2023-04-27 07:30:00,22.474105263157895
2023-04-27 08:00:00,23.31468421052632
2023-04-27 08:30:00,24.18828070175439
2023-04-27 09:00:00,25.070943978965772
2023-04-27 09:30:00,26.202407737345784
2023-04-27 10:00:00,26.38179366601462
2023-04-27 10:30:00,26.080007969682537
2023-04-27 11:00:00,25.86844073167015
2023-04-27 11:30:00,26.328913658711652
2023-04-27 12:00:00,27.257701754385966
2023-04-27 12:30:00,27.621807017543862
2023-04-27 13:00:00,27.752819646274606
2023-04-27 13:30:00,27.56496631151718
2023-04-27 14:00:00,27.06591367993823
2023-04-27 14:30:00,26.31603578733754
2023-04-27 15:00:00,25.68092105263158
2023-04-27 15:30:00,25.469336916386478
2023-04-27 16:00:00,25.202450373696184
2023-04-27 16:30:00,24.364527918340425
2023-04-27 17:00:00,22.75443708352225
2023-04-27 17:30:00,20.87890775355957
2023-04-27 18:00:00,19.22280701754386
2023-04-27 18:30:00,17.959298245614036
2023-04-27 19:00:00,16.794682862302956
2023-04-27 19:30:00,15.80792765050416
2023-04-27 20:00:00,15.182489054012933
2023-04-27 20:30:00,14.891835069133185
2023-04-27 21:00:00,14.792947368421054
2023-04-27 21:30:00,14.543570175438598
2023-04-27 22:00:00,14.135578947368423
2023-04-27 22:30:00,13.886719298245616
2023-04-27 23:00:00,14.071164912280702
2023-04-27 23:30:00,14.573685964912281
2023-04-28 00:00:00,13.800248579055733
2023-04-28 00:30:00,12.924549721570292
2023-04-28 01:00:00,12.241595535536185
2023-04-28 01:30:00,12.28229728992215
2023-04-28 02:00:00,12.942078788086441
2023-04-28 02:30:00,14.009473684210526
2023-04-28 03:00:00,15.097192982456143
2023-04-28 03:30:00,16.494736842105265
2023-04-28 04:00:00,18.409194104978493
2023-04-28 04:30:00,20.433059771644267
2023-04-28 05:00:00,21.380847301394812
2023-04-28 05:30:00,21.210874231742817
2023-04-28 06:00:00,20.86071875808926
2023-04-28 06:30:00,21.292764264072463
2023-04-28 07:00:00,22.47332352913408
2023-04-28 07:30:00,23.796842105263163
2023-04-28 08:00:00,25.26666666666667
2023-04-28 08:30:00,26.259649122807023
2023-04-28 09:00:00,26.822807017543866
2023-04-28 09:30:00,26.910877192982458
2023-04-28 10:00:00,26.666271929824564
2023-04-28 10:30:00,26.46570175438597
2023-04-28 11:00:00,25.683947368421055
2023-04-28 11:30:00,25.275000000000006
2023-04-28 12:00:00,24.6848239612427
2023-04-28 12:30:00,24.459148762411548
2023-04-28 13:00:00,24.37072770977997
2023-04-28 13:30:00,24.629611810553666
2023-04-28 14:00:00,25.20369392470133
2023-04-28 14:30:00,25.457894736842107
2023-04-28 15:00:00,26.088038371707587
2023-04-28 15:30:00,26.671321177812718
2023-04-28 16:00:00,26.905668411735565
2023-04-28 16:30:00,26.50679102580723
2023-04-28 17:00:00,25.21994286946622
2023-04-28 17:30:00,23.777277306505756
2023-04-28 18:00:00,21.62801793252373
2023-04-28 18:30:00,19.118247342770122
2023-04-28 19:00:00,16.982203064164946
2023-04-28 19:30:00,15.556703585129135
2023-04-28 20:00:00,14.891093915860033
2023-04-28 20:30:00,14.401943318907477
2023-04-28 21:00:00,13.787358299284952
2023-04-28 21:30:00,13.280701754385966
2023-04-28 22:00:00,12.93684210526316
2023-04-28 22:30:00,12.883157894736845
2023-04-28 23:00:00,12.852701754385967
2023-04-28 23:30:00,12.823964912280701
2023-04-29 00:00:00,12.60726315789474
2023-04-29 00:30:00,12.688350877192983
2023-04-29 01:00:00,13.085964912280703
2023-04-29 01:30:00,13.972280701754388
00:00,1
2023-04-29 02:30:00,16.220350877192985
2023-04-29 03:00:00,17.67775661196612
2023-04-29 03:30:00,19.51039932091952
2023-04-29 04:00:00,20.65566247881426
2023-04-29 04:30:00,20.816013356007243
2023-04-29 05:00:00,20.657543859649124
2023-04-29 05:30:00,20.59684210526316
2023-04-29 06:00:00,20.75508771929825
2023-04-29 06:30:00,20.903508771929825
2023-04-29 07:00:00,21.36414778506661
2023-04-29 07:30:00,21.009549518794326
2023-04-29 08:00:00,20.107474384334925
2023-04-29 08:30:00,18.962606477136934
2023-04-29 09:00:00,19.715807449847848
2023-04-29 09:30:00,21.91633963744198
2023-04-29 10:00:00,24.288723551108887
2023-04-29 10:30:00,25.49346839324761
2023-04-29 11:00:00,25.60436029960645
2023-04-29 11:30:00,25.286685717592324
2023-04-29 12:00:00,25.56491228070176
2023-04-29 12:30:00,26.25488937539353
2023-04-29 13:00:00,26.747699288974776
2023-04-29 13:30:00,26.56980455213267
2023-04-29 14:00:00,25.96619839156827
2023-04-29 14:30:00,25.93087719298246
2023-04-29 15:00:00,25.968771929824566
2023-04-29 15:30:00,25.8880701754386
2023-04-29 16:00:00,25.448771929824563
2023-04-29 16:30:00,24.12771929824562
2023-04-29 17:00:00,22.68105263157895
2023-04-29 17:30:00,21.0621052631579
2023-04-29 18:00:00,19.835789473684216
2023-04-29 18:30:00,18.74245614035088
2023-04-29 19:00:00,17.26842105263158
2023-04-29 19:30:00,16.025964912280703
2023-04-29 20:00:00,15.157736842105265
2023-04-29 20:30:00,14.779754385964914
2023-04-29 21:00:00,14.617298245614037
2023-04-29 21:30:00,14.56166666666667
2023-04-29 22:00:00,14.631350877192984
2023-04-29 22:30:00,14.820473684210528
2023-04-29 23:00:00,15.052152631578949
2023-04-29 23:30:00,15.1697201754386
2023-04-30 00:00:00,14.46755789473684
2023-04-30 00:30:00,13.87717894736842
2023-04-30 01:00:00,13.281403508771932
2023-04-30 01:30:00,12.744784948619147
2023-04-30 02:00:00,13.1112156225535
2023-04-30 02:30:00,13.932970008518412
2023-04-30 03:00:00,15.261984154886257
2023-04-30 03:30:00,16.373684210526317
2023-04-30 04:00:00,17.396140350877193
2023-04-30 04:30:00,18.316140350877195
2023-04-30 05:00:00,18.884210526315794
2023-04-30 05:30:00,19.11684210526316
2023-04-30 06:00:00,19.52982456140351
2023-04-30 06:30:00,20.286982456140354
2023-04-30 07:00:00,21.52364912280702
2023-04-30 07:30:00,22.776280701754388
2023-04-30 08:00:00,23.759438596491233
2023-04-30 08:30:00,24.404912280701755
2023-04-30 09:00:00,24.417894736842104
2023-04-30 09:30:00,24.38947368421053
2023-04-30 10:00:00,24.390526315789476
2023-04-30 10:30:00,24.5621052631579
2023-04-30 11:00:00,25.22421052631579
2023-04-30 11:30:00,26.003374525843423
2023-04-30 12:00:00,27.1379478434624
2023-04-30 12:30:00,27.652354238381204
2023-04-30 13:00:00,27.075512133118043
2023-04-30 13:30:00,26.44092716611553
2023-04-30 14:00:00,26.01477292813505
2023-04-30 14:30:00,26.220762538177866
2023-04-30 15:00:00,26.384903346713873
2023-04-30 15:30:00,25.88232044168227
2023-04-30 16:00:00,24.75210828752252
2023-04-30 16:30:00,23.25490277683664
2023-04-30 17:00:00,21.933428071817
2023-04-30 17:30:00,21.50203354019948
2023-04-30 18:00:00,21.344736570204415
2023-04-30 18:30:00,20.80504716634393
2023-04-30 19:00:00,20.1786909061396
2023-04-30 19:30:00,19.603851305549703
2023-04-30 20:00:00,19.579683416984256
30:00,2
00:00,2
30:00,2
00:00,2
30:00,2
00:00,2
2023-04-30 23:30:00,19.649999999999995
2023-05-03 00:00:00,15.338209649122811
2023-05-03 00:30:00,15.427812280701756
2023-05-03 01:00:00,15.41414844182578
2023-05-03 01:30:00,15.66719785544663
2023-05-03 02:00:00,16.570706627376456
2023-05-03 02:30:00,17.941335614811802
2023-05-03 03:00:00,19.442773090506297
2023-05-03 03:30:00,20.469122807017545
2023-05-03 04:00:00,21.295087719298248
2023-05-03 04:30:00,22.255592823351396
2023-05-03 05:00:00,23.389950233644925
2023-05-03 05:30:00,23.672923380839546
2023-05-03 06:00:00,22.913165884007196
2023-05-03 06:30:00,22.499620040152607
2023-05-03 07:00:00,22.688801264522848
2023-05-03 07:30:00,23.999995672003973
2023-05-03 08:00:00,24.68644188930655
2023-05-03 08:30:00,25.25569519548841
2023-05-03 09:00:00,25.31171763577269
2023-05-03 09:30:00,24.943014047720414
2023-05-03 10:00:00,24.019687273284642
2023-05-03 10:30:00,23.62743288731973
2023-05-03 11:00:00,23.93808771929825
2023-05-03 11:30:00,24.222307017543866
2023-05-03 12:00:00,24.194780701754393
2023-05-03 12:30:00,23.579175438596494
2023-05-03 13:00:00,23.313210526315796
2023-05-03 13:30:00,23.473219298245613
2023-05-03 14:00:00,23.738947368421055
2023-05-03 14:30:00,24.207017543859653
2023-05-03 15:00:00,24.595789473684217
2023-05-03 15:30:00,25.091228070175436
2023-05-03 16:00:00,25.270456140350877
2023-05-03 16:30:00,25.24308771929825
2023-05-03 17:00:00,24.466245614035092
2023-05-03 17:30:00,23.7339649122807
2023-05-03 18:00:00,23.034385964912286
2023-05-03 18:30:00,22.837894736842106
2023-05-03 19:00:00,22.630526315789478
2023-05-03 19:30:00,21.82526315789474
2023-05-03 20:00:00,20.640000000000004
2023-05-03 20:30:00,19.35122807017544
2023-05-03 21:00:00,18.409631578947373
2023-05-03 21:30:00,17.789245614035092
2023-05-03 22:00:00,17.08178947368421
2023-05-03 22:30:00,16.347622807017544
2023-05-03 23:00:00,15.637894736842105
2023-05-03 23:30:00,15.045736842105262
2023-05-04 00:00:00,14.470864035087724
2023-05-04 00:30:00,14.577412280701758
2023-05-04 01:00:00,14.685371482874904
2023-05-04 01:30:00,15.258765390243228
2023-05-04 02:00:00,16.451046091997615
2023-05-04 02:30:00,17.738840185859157
2023-05-04 03:00:00,19.11824561403509
2023-05-04 03:30:00,19.977894736842106
2023-05-04 04:00:00,20.917754385964916
2023-05-04 04:30:00,21.434315789473686
2023-05-04 05:00:00,21.900982456140355
2023-05-04 05:30:00,22.123157894736845
2023-05-04 06:00:00,22.23150877192983
2023-05-04 06:30:00,22.466245614035092
2023-05-04 07:00:00,22.98105263157895
2023-05-04 07:30:00,23.91371929824562
2023-05-04 08:00:00,24.6680701754386
2023-05-04 08:30:00,24.864912280701756
2023-05-04 09:00:00,24.965595430751033
2023-05-04 09:30:00,25.312514479524584
2023-05-04 10:00:00,25.532235985007134
2023-05-04 10:30:00,25.36627107272643
2023-05-04 11:00:00,24.63278528860698
2023-05-04 11:30:00,24.01866666666667
2023-05-04 12:00:00,23.62020175438597
2023-05-04 12:30:00,23.55963157894737
2023-05-04 13:00:00,23.508684210526315
2023-05-04 13:30:00,23.747192982456145
2023-05-04 14:00:00,23.961403508771934
2023-05-04 14:30:00,24.343350877192986
2023-05-04 15:00:00,24.575982456140352
2023-05-04 15:30:00,24.66683333333334
2023-05-04 16:00:00,24.565263157894737
2023-05-04 16:30:00,24.398894369853505
2023-05-04 17:00:00,24.331546380017055
2023-05-04 17:30:00,24.33964359302227
2023-05-04 18:00:00,23.974067465478996
2023-05-04 18:30:00,22.921164279455116
2023-05-04 19:00:00,21.030248661443558
2023-05-04 19:30:00,19.28782228479218
2023-05-04 20:00:00,17.881845848299143
2023-05-04 20:30:00,16.958931151391642
2023-05-04 21:00:00,16.09411403508772
2023-05-04 21:30:00,15.410736842105266
2023-05-04 22:00:00,15.135719298245617
2023-05-04 22:30:00,15.174526315789477
2023-05-04 23:00:00,15.241533333333335
2023-05-04 23:30:00,15.353256140350874
2023-05-05 00:00:00,14.6702666356454
2023-05-05 00:30:00,14.994028237299768
2023-05-05 01:00:00,14.752153096640578
2023-05-05 01:30:00,15.760422213250303
2023-05-05 02:00:00,17.286356847716352
2023-05-05 02:30:00,19.793606480408414
2023-05-05 03:00:00,21.71699768529977
2023-05-05 03:30:00,23.016599920116914
2023-05-05 04:00:00,23.946315789473687
2023-05-05 04:30:00,24.62912280701755
2023-05-05 05:00:00,25.02631578947369
2023-05-05 05:30:00,25.2880701754386
2023-05-05 06:00:00,25.649122807017548
2023-05-05 06:30:00,26.03649122807018
2023-05-05 07:00:00,25.85150519155168
2023-05-05 07:30:00,25.35817820576936
2023-05-05 08:00:00,25.131862416295675
2023-05-05 08:30:00,25.390815949840686
2023-05-05 09:00:00,25.498013819456773
2023-05-05 09:30:00,25.335557679105893
2023-05-05 10:00:00,25.101715753535192
2023-05-05 10:30:00,25.04280701754386
2023-05-05 11:00:00,24.904271929824564
2023-05-05 11:30:00,24.79455263157895
2023-05-05 12:00:00,24.741684210526316
2023-05-05 12:30:00,24.943614035087723
2023-05-05 13:00:00,25.04385964912281
2023-05-05 13:30:00,25.11355263157895
2023-05-05 14:00:00,25.252000000000006
2023-05-05 14:30:00,25.62084210526316
2023-05-05 15:00:00,26.029263157894743
2023-05-05 15:30:00,26.288685953073898
2023-05-05 16:00:00,26.472091189347193
2023-05-05 16:30:00,26.417225463179275
2023-05-05 17:00:00,26.035658461665623
2023-05-05 17:30:00,25.08925017884576
2023-05-05 18:00:00,24.039978596746888
2023-05-05 18:30:00,22.993576699753618
2023-05-05 19:00:00,22.23925030432734
2023-05-05 19:30:00,21.57898747228093
2023-05-05 20:00:00,20.62073805859522
2023-05-05 20:30:00,19.3722155759878
2023-05-05 21:00:00,18.038874568260564
2023-05-05 21:30:00,17.231506147207934
2023-05-05 22:00:00,16.97411380873916
2023-05-05 22:30:00,16.835789473684212
2023-05-05 23:00:00,16.76178947368421
2023-05-05 23:30:00,16.686017543859645
2023-05-06 00:00:00,16.259122807017548
2023-05-06 00:30:00,16.434736842105266
2023-05-06 01:00:00,16.948421052631584
2023-05-06 01:30:00,18.12666666666667
2023-05-06 02:00:00,19.527368421052632
2023-05-06 02:30:00,20.38736842105263
2023-05-06 03:00:00,20.620701754385966
2023-05-06 03:30:00,20.92350877192983
2023-05-06 04:00:00,21.570877192982454
2023-05-06 04:30:00,21.89964912280702
2023-05-06 05:00:00,21.790175438596492
2023-05-06 05:30:00,21.33198750696104
2023-05-06 06:00:00,20.63731662889938
2023-05-06 06:30:00,20.827072232475853
2023-05-06 07:00:00,22.12973283270063
2023-05-06 07:30:00,24.512645063164182
2023-05-06 08:00:00,26.35423577536339
2023-05-06 08:30:00,26.729217272952834
2023-05-06 09:00:00,26.21232360119586
2023-05-06 09:30:00,24.984193557986828
2023-05-06 10:00:00,23.807227356307248
2023-05-06 10:30:00,23.2661747247283
2023-05-06 11:00:00,23.47817110624297
2023-05-06 11:30:00,23.696140350877197
2023-05-06 12:00:00,23.952631578947372
2023-05-06 12:30:00,24.1740350877193
2023-05-06 13:00:00,24.598947368421054
2023-05-06 13:30:00,24.66140350877193
2023-05-06 14:00:00,24.543859649122812
2023-05-06 14:30:00,24.54157894736842
2023-05-06 15:00:00,24.640350877192986
2023-05-06 15:30:00,24.91122807017544
2023-05-06 16:00:00,24.861052631578954
2023-05-06 16:30:00,24.345964912280703
2023-05-06 17:00:00,23.17649122807018
2023-05-06 17:30:00,21.78602840764216
2023-05-06 18:00:00,20.908715111368945
2023-05-06 18:30:00,20.00555036580528
2023-05-06 19:00:00,19.002436488197723
2023-05-06 19:30:00,17.29911263257011
2023-05-06 20:00:00,15.881067585062041
2023-05-06 20:30:00,15.06247109383397
2023-05-06 21:00:00,14.919540072213664
2023-05-06 21:30:00,14.785622807017544
2023-05-06 22:00:00,14.693877192982457
2023-05-06 22:30:00,14.760315789473687
2023-05-06 23:00:00,15.004638596491228
2023-05-06 23:30:00,15.342326315789473
2023-05-07 00:00:00,15.69509892421049
2023-05-07 00:30:00,17.150614267544785
2023-05-07 01:00:00,18.442849719205128
2023-05-07 01:30:00,19.416133371666536
2023-05-07 02:00:00,20.12831442717501
2023-05-07 02:30:00,20.8502400862309
2023-05-07 03:00:00,21.532313684564098
2023-05-07 03:30:00,22.489730039359866
2023-05-07 04:00:00,23.770942787533215
2023-05-07 04:30:00,25.17401924996444
2023-05-07 05:00:00,26.497217834103665
2023-05-07 05:30:00,27.471276985984048
2023-05-07 06:00:00,27.878947368421056
2023-05-07 06:30:00,28.23452500578743
2023-05-07 07:00:00,28.159976121963084
2023-05-07 07:30:00,28.18004252373599
2023-05-07 08:00:00,28.0726758732178
2023-05-07 08:30:00,27.960377061751192
2023-05-07 09:00:00,27.796513406548215
2023-05-07 09:30:00,27.60464500329807
2023-05-07 10:00:00,27.537461608018646
2023-05-07 10:30:00,27.364376121009002
2023-05-07 11:00:00,27.025253272735416
2023-05-07 11:30:00,26.715795150003032
2023-05-07 12:00:00,26.55048813245917
2023-05-07 12:30:00,26.524749712514605
2023-05-07 13:00:00,26.561384774772666
2023-05-07 13:30:00,26.652625393346398
2023-05-07 14:00:00,26.546835920363595
2023-05-07 14:30:00,26.13944559919746
2023-05-07 15:00:00,25.461674737545895
2023-05-07 15:30:00,24.951112618205414
2023-05-07 16:00:00,24.766682793644012
2023-05-07 16:30:00,24.68510070175833
2023-05-07 17:00:00,24.639895870398988
2023-05-07 17:30:00,24.308616183159497
2023-05-07 18:00:00,23.932366050431412
2023-05-07 18:30:00,23.39627665905539
2023-05-07 19:00:00,22.765085742873854
2023-05-07 19:30:00,22.102702863819445
2023-05-07 20:00:00,21.32912139259143
2023-05-07 20:30:00,20.69420177497637
2023-05-07 21:00:00,20.23012208798563
2023-05-07 21:30:00,19.76101749504144
2023-05-07 22:00:00,19.30920348819321
2023-05-07 22:30:00,18.51364912280702
2023-05-07 23:00:00,17.789857894736844
2023-05-07 23:30:00,16.94381315789474
2023-05-08 00:00:00,16.956368421052627
2023-05-08 00:30:00,17.361087719298244
2023-05-08 01:00:00,17.527875409316064
2023-05-08 01:30:00,17.935970906846602
2023-05-08 02:00:00,18.619604280818802
2023-05-08 02:30:00,20.72477653574857
2023-05-08 03:00:00,23.355040366127923
2023-05-08 03:30:00,25.24174587271283
2023-05-08 04:00:00,25.42504423454497
2023-05-08 04:30:00,24.964217880067732
2023-05-08 05:00:00,25.034736842105264
2023-05-08 05:30:00,26.04385964912281
2023-05-08 06:00:00,26.216140350877197
2023-05-08 06:30:00,25.85499795223174
2023-05-08 07:00:00,25.44726272651884
2023-05-08 07:30:00,25.904104831781996
2023-05-08 08:00:00,26.109498620519776
2023-05-08 08:30:00,26.46175438596492
2023-05-08 09:00:00,27.033333333333335
2023-05-08 09:30:00,28.278000000000002
2023-05-08 10:00:00,29.304491228070177
2023-05-08 10:30:00,29.31922807017544
2023-05-08 11:00:00,28.715368421052634
2023-05-08 11:30:00,27.785614035087722
2023-05-08 12:00:00,26.68105263157895
2023-05-08 12:30:00,25.641052631578948
2023-05-08 13:00:00,24.858596491228074
2023-05-08 13:30:00,24.510526315789477
2023-05-08 14:00:00,24.21333333333334
2023-05-08 14:30:00,23.793333333333337
2023-05-08 15:00:00,22.862825768182983
2023-05-08 15:30:00,22.01740050722228
2023-05-08 16:00:00,21.877751384415262
2023-05-08 16:30:00,22.40876137328395
2023-05-08 17:00:00,23.26771929824562
2023-05-08 17:30:00,23.950526315789478
2023-05-08 18:00:00,24.167017543859654
2023-05-08 18:30:00,24.17824561403509
2023-05-08 19:00:00,23.531578947368427
2023-05-08 19:30:00,22.462807017543863
2023-05-08 20:00:00,20.85729824561404
2023-05-08 20:30:00,19.361719298245617
2023-05-08 21:00:00,17.980666666666668
2023-05-08 21:30:00,17.085000000000004
2023-05-08 22:00:00,16.161754385964915
2023-05-08 22:30:00,15.467017543859653
2023-05-08 23:00:00,14.892561403508772
2023-05-08 23:30:00,14.488666666666662
2023-05-09 00:00:00,14.398350877192984
2023-05-09 00:30:00,14.260771929824562
2023-05-09 01:00:00,14.266154978379829
2023-05-09 01:30:00,14.482507010633775
2023-05-09 02:00:00,15.93755521533379
2023-05-09 02:30:00,17.980366410435416
2023-05-09 03:00:00,19.730392259836883
2023-05-09 03:30:00,20.42079825533884
2023-05-09 04:00:00,20.562233132946744
2023-05-09 04:30:00,21.166410832733096
2023-05-09 05:00:00,22.225106003629804
2023-05-09 05:30:00,22.976252085365953
2023-05-09 06:00:00,23.014403799243368
2023-05-09 06:30:00,22.834175971953304
2023-05-09 07:00:00,23.43697541798971
2023-05-09 07:30:00,24.8510895266545
2023-05-09 08:00:00,26.106721560703733
2023-05-09 08:30:00,26.68657894736842
2023-05-09 09:00:00,26.725175438596494
2023-05-09 09:30:00,26.562982456140357
2023-05-09 10:00:00,25.956505433148553
2023-05-09 10:30:00,25.35721429007371
2023-05-09 11:00:00,25.141424816389502
2023-05-09 11:30:00,25.628431706440367
2023-05-09 12:00:00,25.77122807017544
30:00,2
2023-05-09 13:00:00,24.53017543859649
2023-05-09 13:30:00,24.122105263157895
2023-05-09 14:00:00,24.33725033064927
2023-05-09 14:30:00,24.943419355623025
2023-05-09 15:00:00,25.389033390710747
2023-05-09 15:30:00,25.355095642723796
2023-05-09 16:00:00,25.170833333333338
2023-05-09 16:30:00,24.58305263157895
2023-05-09 17:00:00,24.0960350877193
2023-05-09 17:30:00,23.424166666666668
00:00,2
2023-05-09 18:30:00,21.72866666666667
2023-05-09 19:00:00,20.885578947368426
2023-05-09 19:30:00,20.309122807017545
2023-05-09 20:00:00,20.131929824561407
2023-05-09 20:30:00,19.63368421052632
2023-05-09 21:00:00,18.783157894736846
2023-05-09 21:30:00,18.054035087719303
2023-05-09 22:00:00,17.874385964912282
2023-05-09 22:30:00,17.964210526315792
2023-05-09 23:00:00,17.893052631578943
2023-05-09 23:30:00,17.610807017543852
2023-05-10 00:00:00,16.813814196570238
2023-05-10 00:30:00,15.668605020742598
2023-05-10 01:00:00,14.77558097529027
2023-05-10 01:30:00,15.205586248250752
2023-05-10 02:00:00,16.5917155365867
2023-05-10 02:30:00,18.374803918458564
2023-05-10 03:00:00,20.068621522718804
2023-05-10 03:30:00,21.074385964912285
2023-05-10 04:00:00,22.086315789473687
2023-05-10 04:30:00,22.8880701754386
2023-05-10 05:00:00,23.40140350877193
2023-05-10 05:30:00,23.33824561403509
2023-05-10 06:00:00,23.218596491228073
2023-05-10 06:30:00,23.42350877192983
2023-05-10 07:00:00,24.16245614035088
2023-05-10 07:30:00,24.539298245614034
2023-05-10 08:00:00,24.642456140350877
2023-05-10 08:30:00,24.488070175438597
2023-05-10 09:00:00,24.85789473684211
2023-05-10 09:30:00,24.928771929824563
2023-05-10 10:00:00,24.97087719298246
2023-05-10 10:30:00,25.225964912280705
2023-05-10 11:00:00,25.258596491228076
2023-05-10 11:30:00,25.36701754385965
2023-05-10 12:00:00,25.100701754385966
2023-05-10 12:30:00,25.18175438596491
2023-05-10 13:00:00,25.99772988915574
2023-05-10 13:30:00,27.062887327613154
2023-05-10 14:00:00,28.066930400319432
2023-05-10 14:30:00,28.416418992603543
2023-05-10 15:00:00,28.25066971646586
2023-05-10 15:30:00,27.876140350877197
2023-05-10 16:00:00,27.041754385964918
2023-05-10 16:30:00,25.81017543859649
2023-05-10 17:00:00,23.883327185865326
2023-05-10 17:30:00,21.773850062918086
2023-05-10 18:00:00,20.123611959812937
2023-05-10 18:30:00,20.32729413813612
2023-05-10 19:00:00,22.131497381091876
2023-05-10 19:30:00,23.52444121478814
2023-05-10 20:00:00,24.17952765261101
2023-05-10 20:30:00,23.309542564601077
2023-05-10 21:00:00,22.307597101372462
2023-05-10 21:30:00,20.64014657561707
2023-05-10 22:00:00,19.143739804503575
2023-05-10 22:30:00,18.213714081309757
2023-05-10 23:00:00,18.09822280701754
2023-05-10 23:30:00,18.071544736842096
2023-05-11 00:00:00,17.389548245614034
2023-05-11 00:30:00,17.082622807017543
2023-05-11 01:00:00,16.77076812978922
2023-05-11 01:30:00,16.52425555782406
2023-05-11 02:00:00,16.876974856069676
2023-05-11 02:30:00,17.54429902685347
2023-05-11 03:00:00,18.586315789473687
2023-05-11 03:30:00,19.121403508771934
2023-05-11 04:00:00,19.462807017543863
2023-05-11 04:30:00,20.033652157626317
2023-05-11 05:00:00,20.73599694993423
2023-05-11 05:30:00,21.28084311168703
2023-05-11 06:00:00,21.791815209529133
2023-05-11 06:30:00,22.392276301604937
2023-05-11 07:00:00,23.29192732784897
2023-05-11 07:30:00,23.76452846517655
2023-05-11 08:00:00,23.694832636720946
2023-05-11 08:30:00,21.97482515212582
2023-05-11 09:00:00,21.093515758626918
2023-05-11 09:30:00,19.84646598539592
2023-05-11 10:00:00,19.79632133335357
2023-05-11 10:30:00,19.114105847317784
2023-05-11 11:00:00,18.80416616261246
2023-05-11 11:30:00,18.385701754385966
2023-05-11 12:00:00,18.068192982456143
2023-05-11 12:30:00,17.718482456140354
2023-05-11 13:00:00,17.573087719298247
2023-05-11 13:30:00,17.56161403508772
2023-05-11 14:00:00,17.790736842105265
2023-05-11 14:30:00,18.040842105263163
2023-05-11 15:00:00,18.311578947368425
2023-05-11 15:30:00,18.644912280701757
2023-05-11 16:00:00,19.05568421052632
2023-05-11 16:30:00,19.42843859649123
2023-05-11 17:00:00,19.634758240249905
2023-05-11 17:30:00,19.610417608121953
2023-05-11 18:00:00,19.38524216952546
2023-05-11 18:30:00,18.748361893115014
2023-05-11 19:00:00,18.167174093654555
2023-05-11 19:30:00,17.666666666666668
2023-05-11 20:00:00,17.225263157894737
2023-05-11 20:30:00,16.552280701754388
2023-05-11 21:00:00,15.748859649122808
2023-05-11 21:30:00,15.080175438596493
2023-05-11 22:00:00,14.729649122807018
2023-05-11 22:30:00,14.741403508771931
2023-05-11 23:00:00,14.910947368421056
2023-05-11 23:30:00,15.222210526315791
2023-05-17 00:00:00,14.323837841844494
2023-05-17 00:30:00,15.081052901656554
2023-05-17 01:00:00,15.83647584608911
2023-05-17 01:30:00,16.33731315472347
2023-05-17 02:00:00,17.187488593319966
2023-05-17 02:30:00,18.286248813813295
2023-05-17 03:00:00,20.074441170727695
2023-05-17 03:30:00,22.023509432702735
2023-05-17 04:00:00,23.570009432702733
2023-05-17 04:30:00,24.529042802270737
2023-05-17 05:00:00,25.22967305607426
2023-05-17 05:30:00,25.8235488240832
2023-05-17 06:00:00,25.681038238474386
2023-05-17 06:30:00,24.97003836912407
2023-05-17 07:00:00,24.171376198176844
2023-05-17 07:30:00,23.951733489447623
2023-05-17 08:00:00,24.049093488468927
2023-05-17 08:30:00,23.900414453506006
2023-05-17 09:00:00,23.481600172617146
2023-05-17 09:30:00,23.146934853686773
2023-05-17 10:00:00,23.10540781219528
2023-05-17 10:30:00,23.488159743280026
2023-05-17 11:00:00,23.661033999166268
2023-05-17 11:30:00,23.45306524519717
2023-05-17 12:00:00,23.030859649122807
2023-05-17 12:30:00,22.628315789473685
2023-05-17 13:00:00,22.434543859649125
2023-05-17 13:30:00,22.252818713450296
2023-05-17 14:00:00,22.320669856459332
2023-05-17 14:30:00,22.33781791109389
2023-05-17 15:00:00,22.345768926556563
2023-05-17 15:30:00,22.900425438596496
2023-05-17 16:00:00,23.358526315789476
2023-05-17 16:30:00,24.44815262603845
2023-05-17 17:00:00,25.068687686055252
2023-05-17 17:30:00,24.78263156509612
2023-05-17 18:00:00,24.36113365609509
2023-05-17 18:30:00,26.744069336768558
2023-05-17 19:00:00,25.105471749368203
2023-05-17 19:30:00,22.787609962890553
2023-05-17 20:00:00,21.938828932002362
2023-05-17 20:30:00,25.041736370165825
2023-05-17 21:00:00,21.856442685341506
2023-05-17 21:30:00,18.604834976588077
2023-05-17 22:00:00,18.297368421052635
2023-05-17 22:30:00,18.38557286916052
2023-05-17 23:00:00,18.656281464652626
2023-05-17 23:30:00,18.289473684210524
2023-05-18 00:00:00,17.369833205488618
2023-05-18 00:30:00,17.41869850132217
2023-05-18 01:00:00,17.641154661728596
2023-05-18 01:30:00,18.006506319164497
2023-05-18 02:00:00,19.545748880317117
2023-05-18 02:30:00,21.438318493680757
2023-05-18 03:00:00,22.95570586236551
2023-05-18 03:30:00,23.575366064087774
2023-05-18 04:00:00,23.822807017543862
2023-05-18 04:30:00,24.19526315789474
2023-05-18 05:00:00,24.336787124182553
2023-05-18 05:30:00,24.32818661971828
2023-05-18 06:00:00,22.91008657368663
2023-05-18 06:30:00,25.01827673448804
2023-05-18 07:00:00,27.544534279951264
2023-05-18 07:30:00,27.429555630797136
2023-05-18 08:00:00,26.69432693396688
2023-05-18 08:30:00,25.296894252852955
2023-05-18 09:00:00,24.231110788304537
2023-05-18 09:30:00,23.5883043796412
2023-05-18 10:00:00,23.318373205741633
2023-05-18 10:30:00,23.588138022548595
2023-05-18 11:00:00,24.384147498653267
2023-05-18 11:30:00,24.52040708265997
2023-05-18 12:00:00,23.729824561403515
2023-05-18 12:30:00,23.254879262399363
2023-05-18 13:00:00,23.152268221295124
2023-05-18 13:30:00,23.316988777124156
2023-05-18 14:00:00,22.979099593287707
2023-05-18 14:30:00,22.61580323460885
2023-05-18 15:00:00,22.819122807017546
2023-05-18 15:30:00,23.38141666666667
2023-05-18 16:00:00,23.812397129186603
2023-05-18 16:30:00,24.262440191387565
2023-05-18 17:00:00,25.321345480423975
2023-05-18 17:30:00,26.169904208561107
2023-05-18 18:00:00,25.992364909505557
2023-05-18 18:30:00,25.520704838379377
2023-05-18 19:00:00,24.607086259855265
2023-05-18 19:30:00,23.178975627635346
2023-05-18 20:00:00,21.46286454526312
2023-05-18 20:30:00,19.8831527281999
2023-05-18 21:00:00,18.484030387120537
2023-05-18 21:30:00,17.6504050542153
2023-05-18 22:00:00,17.210078947368423
2023-05-18 22:30:00,17.04263157894737
2023-05-18 23:00:00,16.78649122807018
2023-05-18 23:30:00,16.621929824561406
2023-05-19 00:00:00,16.643245614035088
2023-05-19 00:30:00,17.135614035087723
2023-05-19 01:00:00,17.10791677255334
2023-05-19 01:30:00,17.50346617825001
2023-05-19 02:00:00,19.748239536177177
2023-05-19 02:30:00,22.27964912280702
2023-05-19 03:00:00,24.019023050161124
2023-05-19 03:30:00,25.34563977921745
2023-05-19 04:00:00,25.71513396835392
2023-05-19 04:30:00,25.442142010445266
2023-05-19 05:00:00,25.14335031817101
2023-05-19 05:30:00,25.10191387559809
2023-05-19 06:00:00,25.894118521178285
2023-05-19 06:30:00,26.67996669378226
2023-05-19 07:00:00,27.311603110185985
2023-05-19 07:30:00,28.107713700366745
2023-05-19 08:00:00,28.27052631578948
2023-05-19 08:30:00,27.87526315789474
2023-05-19 09:00:00,26.74482693066172
2023-05-19 09:30:00,25.949540119451356
2023-05-19 10:00:00,25.546746978712054
2023-05-19 10:30:00,25.271746451625276
2023-05-19 11:00:00,24.636159588032786
2023-05-19 11:30:00,24.04866451428395
2023-05-19 12:00:00,24.074526315789477
2023-05-19 12:30:00,24.34895693779905
2023-05-19 13:00:00,24.236914473684212
2023-05-19 13:30:00,23.74388503075275
2023-05-19 14:00:00,23.390815726177518
2023-05-19 14:30:00,23.78727272727273
2023-05-19 15:00:00,24.10272807017544
2023-05-19 15:30:00,24.04324210526316
00:00,2
2023-05-19 16:30:00,24.78586751479158
2023-05-19 17:00:00,24.858661189444543
2023-05-19 17:30:00,24.418281106227358
2023-05-19 18:00:00,26.670625940233702
2023-05-19 18:30:00,25.928029742494484
2023-05-19 19:00:00,23.507745368768184
2023-05-19 19:30:00,22.692072813702694
2023-05-19 20:00:00,22.37050187065421
2023-05-19 20:30:00,23.01488975557452
2023-05-19 21:00:00,24.061770399786386
2023-05-19 21:30:00,21.83058520447183
2023-05-19 22:00:00,19.330097500580546
2023-05-19 22:30:00,17.774301995233344
2023-05-19 23:00:00,16.93699389545242
2023-05-19 23:30:00,15.218780375669882
2023-05-20 00:00:00,14.535701754385967
2023-05-20 00:30:00,13.729314271295882
2023-05-20 01:00:00,13.968096349065206
2023-05-20 01:30:00,15.328509182814422
2023-05-20 02:00:00,15.359856017996032
2023-05-20 02:30:00,15.00574089703656
2023-05-20 03:00:00,15.804912280701757
2023-05-20 03:30:00,16.174664630352755
2023-05-20 04:00:00,16.96288758406702
2023-05-20 04:30:00,18.59855185037957
2023-05-20 05:00:00,22.35941167347686
2023-05-20 05:30:00,25.017378289894324
2023-05-20 06:00:00,23.1488968756734
2023-05-20 06:30:00,23.13303743196597
2023-05-20 07:00:00,21.30538117079743
2023-05-20 07:30:00,20.286646909154854
2023-05-20 08:00:00,21.144870658768124
2023-05-20 08:30:00,22.281929824561406
2023-05-20 09:00:00,23.708574595000737
2023-05-20 09:30:00,23.508712548289576
2023-05-20 10:00:00,23.0383621454035
2023-05-20 10:30:00,23.489009719111458
2023-05-20 11:00:00,23.643396249779315
2023-05-20 11:30:00,24.561130938265276
2023-05-20 12:00:00,24.905226791088083
2023-05-20 12:30:00,23.521821011017245
2023-05-20 13:00:00,21.710526315789476
2023-05-20 13:30:00,20.795093567251467
2023-05-20 14:00:00,20.351641148325363
2023-05-20 14:30:00,18.931942982456142
2023-05-20 15:00:00,18.04368421052632
2023-05-20 15:30:00,18.126491228070176
2023-05-20 16:00:00,18.38666666666667
2023-05-20 16:30:00,18.131228070175442
2023-05-20 17:00:00,17.577894736842108
2023-05-20 17:30:00,17.154260366335876
2023-05-20 18:00:00,17.50913172255916
2023-05-20 18:30:00,17.9786636682405
2023-05-20 19:00:00,18.85994675968032
2023-05-20 19:30:00,19.235931544409542
2023-05-20 20:00:00,18.692332626386225
2023-05-20 20:30:00,16.880964416693985
2023-05-20 21:00:00,15.224599866418508
2023-05-20 21:30:00,14.714481831723994
2023-05-20 22:00:00,14.427203033319481
2023-05-20 22:30:00,13.78089099034395
2023-05-20 23:00:00,13.136555023923448
2023-05-20 23:30:00,12.822543859649123
2023-05-21 00:00:00,12.88622807017544
2023-05-21 00:30:00,12.856315789473685
2023-05-21 01:00:00,12.911483253588518
2023-05-21 01:30:00,12.714372807017545
2023-05-21 02:00:00,13.097210526315791
2023-05-21 02:30:00,14.34087081339713
2023-05-21 03:00:00,16.241668182614337
2023-05-21 03:30:00,17.724547774980177
2023-05-21 04:00:00,18.82755084372224
2023-05-21 04:30:00,20.262949094262293
2023-05-21 05:00:00,22.244413115640725
2023-05-21 05:30:00,24.27939706956525
2023-05-21 06:00:00,22.948147002573243
2023-05-21 06:30:00,22.629590689266312
2023-05-21 07:00:00,22.924733807987398
2023-05-21 07:30:00,23.61926026954609
2023-05-21 08:00:00,23.75389701382777
2023-05-21 08:30:00,23.650812954845847
2023-05-21 09:00:00,23.464504381439415
2023-05-21 09:30:00,23.66075379724292
2023-05-21 10:00:00,24.02543859649123
2023-05-21 10:30:00,25.023684210526323
2023-05-21 11:00:00,25.795438596491234
2023-05-21 11:30:00,25.304561403508774
2023-05-21 12:00:00,23.701807338663468
2023-05-21 12:30:00,22.74692884469157
2023-05-21 13:00:00,22.85430128092253
2023-05-21 13:30:00,23.097610115553323
2023-05-21 14:00:00,23.89077414614592
2023-05-21 14:30:00,24.616535255691108
2023-05-21 15:00:00,24.59309148428608
2023-05-21 15:30:00,24.055483809262622
2023-05-21 16:00:00,24.745707275926154
2023-05-21 16:30:00,26.007884480173526
2023-05-21 17:00:00,25.799819545952786
2023-05-21 17:30:00,24.81717102049376
2023-05-21 18:00:00,23.055145496716396
2023-05-21 18:30:00,22.979258267509604
2023-05-21 19:00:00,23.79770406715455
2023-05-21 19:30:00,23.784539473141674
2023-05-21 20:00:00,20.874668961402932
2023-05-21 20:30:00,16.570714192528115
2023-05-21 21:00:00,14.219281130725902
2023-05-21 21:30:00,12.797290924978098
2023-05-21 22:00:00,11.684561403508773
2023-05-21 22:30:00,11.258086124401915
2023-05-21 23:00:00,11.795614035087722
2023-05-21 23:30:00,11.867280701754387
2023-05-22 00:00:00,12.73456140350877
2023-05-22 00:30:00,12.847543859649123
2023-05-22 01:00:00,12.706842105263158
2023-05-22 01:30:00,13.666315789473686
2023-05-22 02:00:00,14.866491228070176
2023-05-22 02:30:00,13.943508771929826
2023-05-22 03:00:00,13.211754385964914
2023-05-22 03:30:00,14.26759499098979
2023-05-22 04:00:00,15.36084567271572
2023-05-22 04:30:00,16.273395394117774
2023-05-22 05:00:00,16.93262082496798
2023-05-22 05:30:00,12.100901480217418
2023-05-22 06:00:00,15.2638673223975836
2023-05-22 07:30:00,24.03747333388173
2023-05-22 08:00:00,20.061814719774905
2023-05-22 08:30:00,19.821561316727173
2023-05-22 09:00:00,19.717211825986205
2023-05-22 09:30:00,19.222831075446894
2023-05-22 10:00:00,19.347437626220866
2023-05-22 10:30:00,19.556644469519465
2023-05-22 11:00:00,19.90498481851478
2023-05-22 11:30:00,19.548459512113194
2023-05-22 12:00:00,19.54038447876673
2023-05-22 12:30:00,19.72283877668845
2023-05-22 13:00:00,19.220563716803955
2023-05-22 13:30:00,19.18148584836919
2023-05-22 14:00:00,19.58280701754386
2023-05-22 14:30:00,19.2666985645933
2023-05-22 15:00:00,19.112824522910877
2023-05-22 15:30:00,19.628992490077092
2023-05-22 16:00:00,19.229458917076958
2023-05-22 16:30:00,18.35516358728997
2023-05-22 17:00:00,18.110526315789475
2023-05-22 17:30:00,18.264885964912285
2023-05-22 18:00:00,17.790140350877195
2023-05-22 18:30:00,17.72280701754386
2023-05-22 19:00:00,17.51842105263158
2023-05-22 19:30:00,17.326407894736843
2023-05-22 20:00:00,17.382570175438598
2023-05-22 20:30:00,16.81365071770335
2023-05-22 21:00:00,15.673907894736843
2023-05-22 21:30:00,14.92777686014391
2023-05-22 22:00:00,14.749992316779048
2023-05-22 22:30:00,14.735800529322232
2023-05-22 23:00:00,14.504385964912283
2023-05-22 23:30:00,13.790263157894735
2023-05-23 00:00:00,13.99105263157895
2023-05-23 00:30:00,14.241960526315792
2023-05-23 01:00:00,14.283736842105265
2023-05-23 01:30:00,15.504736842105265
2023-05-23 02:00:00,17.13087727324034
2023-05-23 02:30:00,17.414562366603366
2023-05-23 03:00:00,16.76811451663502
2023-05-23 03:30:00,16.567543859649124
2023-05-23 04:00:00,17.237192982456143
2023-05-23 04:30:00,19.023444976076558
2023-05-23 05:00:00,20.93637525107903
2023-05-23 05:30:00,22.304805093536526
2023-05-23 06:00:00,23.379074471770654
2023-05-23 06:30:00,25.002722564578146
2023-05-23 07:00:00,25.579122807017544
2023-05-23 07:30:00,24.97617224880383
2023-05-23 08:00:00,25.727956400001382
2023-05-23 08:30:00,26.608619678279066
2023-05-23 09:00:00,25.62289851557074
2023-05-23 09:30:00,24.088588438813755
2023-05-23 10:00:00,23.37212139611142
2023-05-23 10:30:00,23.447325950399772
2023-05-23 11:00:00,23.223186114016553
2023-05-23 11:30:00,23.143605818025907
2023-05-23 12:00:00,22.13429607131316
2023-05-23 12:30:00,22.978901568210897
2023-05-23 13:00:00,23.52381350881807
2023-05-23 13:30:00,23.605206249773968
2023-05-23 14:00:00,23.509894736842103
2023-05-23 14:30:00,23.8439649122807
2023-05-23 15:00:00,24.459798245614035
2023-05-23 15:30:00,25.041320772535787
2023-05-23 16:00:00,25.381295650940682
2023-05-23 16:30:00,25.331877914601165
2023-05-23 17:00:00,25.75760195637105
2023-05-23 17:30:00,25.639308252627842
2023-05-23 18:00:00,25.38876539325568
2023-05-23 18:30:00,23.898116824817624
2023-05-23 19:00:00,22.29151947153436
2023-05-23 19:30:00,20.936758636901885
2023-05-23 20:00:00,20.055610520251985
2023-05-23 20:30:00,19.244210526315793
2023-05-23 21:00:00,18.42701754385965
2023-05-23 21:30:00,17.752599740251053
2023-05-23 22:00:00,17.255788846070157
2023-05-23 22:30:00,16.76883705792033
2023-05-23 23:00:00,16.95206240013902
2023-05-23 23:30:00,17.227116691408224
2023-05-24 00:00:00,18.697789892309515
2023-05-24 00:30:00,21.270523136539875
2023-05-24 01:00:00,22.834929044554432
2023-05-24 01:30:00,22.14997691901569
2023-05-24 02:00:00,20.066248250295292
2023-05-24 02:30:00,17.528710141531818
2023-05-24 03:00:00,17.530047121977386
2023-05-24 03:30:00,20.251450630749314
2023-05-24 04:00:00,24.416401746719348
2023-05-24 04:30:00,28.015937239435903
2023-05-24 05:00:00,29.929964912280706
2023-05-24 05:30:00,30.022947368421054
2023-05-24 06:00:00,30.16563157894737
2023-05-24 06:30:00,30.101175438596496
2023-05-24 07:00:00,29.92592105263158
2023-05-24 07:30:00,29.548374200108544
2023-05-24 08:00:00,28.57652206336105
2023-05-24 08:30:00,27.03007537044438
2023-05-24 09:00:00,26.090280224946753
2023-05-24 09:30:00,25.827623471951288
2023-05-24 10:00:00,25.302067603741595
2023-05-24 10:30:00,23.693737279602846
2023-05-24 11:00:00,23.022104714568354
2023-05-24 11:30:00,24.715806468954316
2023-05-24 12:00:00,27.556810325990057
2023-05-24 12:30:00,29.266863218637393
2023-05-24 13:00:00,27.32492788692699
2023-05-24 13:30:00,24.805027999024414
2023-05-24 14:00:00,23.29889252762339
2023-05-24 14:30:00,25.19845098929041
2023-05-24 15:00:00,27.599054697045478
2023-05-24 15:30:00,29.422236842105267
2023-05-24 16:00:00,29.57438596491228
2023-05-24 16:30:00,29.515438596491233
2023-05-24 17:00:00,29.53687719298246
2023-05-24 17:30:00,29.407578947368425
2023-05-24 18:00:00,27.3121403508772
2023-05-24 18:30:00,25.690736842105267
2023-05-24 19:00:00,24.580517543859653
2023-05-24 19:30:00,23.96521052631579
2023-05-24 20:00:00,23.438894736842105
2023-05-24 20:30:00,21.589643462391436
2023-05-24 21:00:00,20.653204865900207
2023-05-24 21:30:00,20.066538199233538
2023-05-24 22:00:00,20.7352064327654
2023-05-24 22:30:00,21.2238790794629
2023-05-24 23:00:00,23.294015526260463
2023-05-24 23:30:00,25.134948284668727
2023-05-25 00:00:00,18.91872794245536
2023-05-25 00:30:00,19.90134344662508
2023-05-25 01:00:00,20.839047686205337
2023-05-25 01:30:00,22.109117671697394
2023-05-25 02:00:00,22.495971636104574
2023-05-25 02:30:00,22.393962289627684
2023-05-25 03:00:00,22.280774423821725
2023-05-25 03:30:00,22.08784954193332
2023-05-25 04:00:00,21.66297356589864
2023-05-25 04:30:00,21.368206780471365
2023-05-25 05:00:00,20.673251556813558
2023-05-25 05:30:00,19.949101022398523
2023-05-25 06:00:00,19.39683529230514
2023-05-25 06:30:00,19.148560693478245
2023-05-25 07:00:00,18.84710371973955
2023-05-25 07:30:00,18.115342525552016
2023-05-25 08:00:00,17.55094968003422
2023-05-25 08:30:00,17.649692436308747
2023-05-25 09:00:00,18.262217578182977
2023-05-25 09:30:00,18.91273669623394
2023-05-25 10:00:00,18.99061713258122
2023-05-25 10:30:00,18.80855088678295
2023-05-25 11:00:00,18.41466286610391
2023-05-25 11:30:00,18.121853852559262
2023-05-25 12:00:00,17.753333333333334
2023-05-25 12:30:00,17.814385964912283
2023-05-25 13:00:00,18.369122807017543
2023-05-25 13:30:00,19.02105263157895
2023-05-25 14:00:00,19.89684210526316
2023-05-25 14:30:00,20.330350877192984
2023-05-25 15:00:00,20.629824561403513
2023-05-25 15:30:00,20.7640701754386
2023-05-25 16:00:00,20.588982456140354
2023-05-25 16:30:00,20.347228070175444
2023-05-25 17:00:00,19.97580701754386
2023-05-25 17:30:00,19.446188346314184
2023-05-25 18:00:00,19.39531478186936
2023-05-25 18:30:00,19.04260558643431
2023-05-25 19:00:00,18.63201851805734
2023-05-25 19:30:00,17.35459747524398
2023-05-25 20:00:00,16.119298245614036
2023-05-25 20:30:00,15.151665462310296
2023-05-25 21:00:00,14.827057021219337
2023-05-25 21:30:00,14.822405883416288
2023-05-25 22:00:00,15.1729270424024
2023-05-25 22:30:00,15.454606433884635
2023-05-25 23:00:00,15.827198617202718
2023-05-25 23:30:00,15.951223193073806
2023-05-26 00:00:00,19.728978247478363
2023-05-26 00:30:00,18.18824251108677
2023-05-26 01:00:00,17.778508304788577
2023-05-26 01:30:00,18.208923767060714
2023-05-26 02:00:00,19.11913689173018
2023-05-26 02:30:00,20.309751254389237
2023-05-26 03:00:00,20.418589887883737
2023-05-26 03:30:00,20.451714943867188
2023-05-26 04:00:00,19.759251395231257
2023-05-26 04:30:00,19.59298245614035
2023-05-26 05:00:00,19.925263157894737
2023-05-26 05:30:00,21.405246557454706
2023-05-26 06:00:00,22.829828634554374
2023-05-26 06:30:00,23.516730720800123
2023-05-26 07:00:00,22.9371047638143
2023-05-26 07:30:00,21.25930442002799
2023-05-26 08:00:00,19.941899747289927
2023-05-26 08:30:00,19.489490615423392
2023-05-26 09:00:00,19.878154552183023
2023-05-26 09:30:00,20.524475119052543
2023-05-26 10:00:00,20.952466173252365
2023-05-26 10:30:00,21.17888292585746
2023-05-26 11:00:00,21.228186121484654
2023-05-26 11:30:00,21.1684088442781
2023-05-26 12:00:00,21.24275280827937
2023-05-26 12:30:00,21.248665088981124
2023-05-26 13:00:00,21.19196943204783
2023-05-26 13:30:00,21.537543859649123
2023-05-26 14:00:00,22.06280701754386
2023-05-26 14:30:00,22.484210526315792
2023-05-26 15:00:00,22.436842105263157
2023-05-26 15:30:00,22.208491228070177
2023-05-26 16:00:00,22.230940565793134
2023-05-26 16:30:00,22.407712109813
2023-05-26 17:00:00,22.326268044222502
2023-05-26 17:30:00,22.40818996885028
2023-05-26 18:00:00,21.99108806548267
2023-05-26 18:30:00,21.61416877961601
2023-05-26 19:00:00,20.936115809117144
2023-05-26 19:30:00,20.346194269833358
2023-05-26 20:00:00,19.6373131252127
2023-05-26 20:30:00,18.64433066907235
2023-05-26 21:00:00,17.519418388370596
2023-05-26 21:30:00,16.633667859222566
2023-05-26 22:00:00,16.15087719298246
2023-05-26 22:30:00,15.713333333333336
2023-05-26 23:00:00,15.376997932403349
2023-05-26 23:30:00,14.840548136726374
2023-05-27 00:00:00,17.009894736842103
2023-05-27 00:30:00,17.072615428561182
2023-05-27 01:00:00,16.75271645030712
2023-05-27 01:30:00,16.76664200623469
2023-05-27 02:00:00,17.729449023778553
2023-05-27 02:30:00,19.523458064078024
2023-05-27 03:00:00,21.667017543859654
2023-05-27 03:30:00,22.90947368421053
2023-05-27 04:00:00,23.642807017543863
2023-05-27 04:30:00,23.954736842105266
2023-05-27 05:00:00,24.751228070175443
2023-05-27 05:30:00,25.86680433595239
2023-05-27 06:00:00,26.97786142419214
2023-05-27 06:30:00,26.49294914349038
2023-05-27 07:00:00,25.29660709168698
2023-05-27 07:30:00,24.07578947368421
2023-05-27 08:00:00,24.482105263157894
2023-05-27 08:30:00,25.354863650361548
2023-05-27 09:00:00,26.321404173870267
2023-05-27 09:30:00,25.584997776295577
2023-05-27 10:00:00,26.073420085436748
2023-05-27 10:30:00,26.274178316137334
2023-05-27 11:00:00,26.458798770201422
2023-05-27 11:30:00,25.793118374301702
2023-05-27 12:00:00,24.038596491228073
2023-05-27 12:30:00,23.29087719298246
2023-05-27 13:00:00,22.75684210526316
2023-05-27 13:30:00,22.554385964912285
2023-05-27 14:00:00,22.555789473684214
2023-05-27 14:30:00,22.337719298245617
2023-05-27 15:00:00,22.091315789473686
2023-05-27 15:30:00,22.28219298245614
2023-05-27 16:00:00,22.965833333333336
2023-05-27 16:30:00,23.596945861744043
2023-05-27 17:00:00,25.364135495631412
2023-05-27 17:30:00,25.15223141214552
2023-05-27 18:00:00,24.729564722501078
2023-05-27 18:30:00,22.82126174585397
2023-05-27 19:00:00,21.61268421052632
2023-05-27 19:30:00,20.736192982456142
2023-05-27 20:00:00,19.786350877192984
2023-05-27 20:30:00,19.28070175438597
2023-05-27 21:00:00,19.211929824561405
2023-05-27 21:30:00,19.276219298245618
2023-05-27 22:00:00,19.240868421052635
2023-05-27 22:30:00,19.354333333333336
2023-05-27 23:00:00,19.121335087719302
2023-05-27 23:30:00,18.786335964912283
2023-05-28 00:00:00,17.707122807017544
2023-05-28 00:30:00,17.76463157894737
2023-05-28 01:00:00,18.168825425917287
2023-05-28 01:30:00,19.16993547541364
2023-05-28 02:00:00,19.771115378685668
2023-05-28 02:30:00,19.912119087773515
2023-05-28 03:00:00,19.851272099117853
2023-05-28 03:30:00,20.17522504957766
2023-05-28 04:00:00,20.98133981867432
2023-05-28 04:30:00,21.95879532121292
2023-05-28 05:00:00,23.254864513139808
2023-05-28 05:30:00,24.467940492430543
2023-05-28 06:00:00,25.955521807693046
2023-05-28 06:30:00,26.614477753000454
2023-05-28 07:00:00,27.663673342948268
2023-05-28 07:30:00,28.3480094267926
2023-05-28 08:00:00,28.84559931752534
2023-05-28 08:30:00,28.20440365589175
2023-05-28 09:00:00,27.094750402698043
2023-05-28 09:30:00,25.683563932583752
2023-05-28 10:00:00,24.94526315789474
2023-05-28 10:30:00,24.205463087353895
2023-05-28 11:00:00,23.797775226973965
2023-05-28 11:30:00,23.58575768311432
2023-05-28 12:00:00,23.558113858735613
2023-05-28 12:30:00,23.700728070175444
2023-05-28 13:00:00,23.655951597004634
2023-05-28 13:30:00,23.475374763928002
2023-05-28 14:00:00,23.42648684641556
2023-05-28 14:30:00,23.463123231724484
2023-05-28 15:00:00,23.354596519067826
2023-05-28 15:30:00,22.90655173270972
2023-05-28 16:00:00,22.581281096253203
2023-05-28 16:30:00,22.11904773993597
2023-05-28 17:00:00,21.828070175438597
2023-05-28 17:30:00,21.16140350877193
2023-05-28 18:00:00,20.44793859649123
2023-05-28 18:30:00,19.927982456140352
2023-05-28 19:00:00,19.692017543859652
2023-05-28 19:30:00,19.746912280701757
2023-05-28 20:00:00,19.202789473684213
2023-05-28 20:30:00,18.354412280701755
2023-05-28 21:00:00,17.286599040946403
2023-05-28 21:30:00,16.56484826522459
2023-05-28 22:00:00,15.935656373674952
2023-05-28 22:30:00,15.594028993477908
2023-05-28 23:00:00,15.814384254352696
2023-05-28 23:30:00,16.477736477988696
2023-05-31 00:00:00,15.095229799732868
2023-05-31 00:30:00,14.869074469672091
2023-05-31 01:00:00,14.976278000032636
2023-05-31 01:30:00,15.914574766885844
2023-05-31 02:00:00,17.845269558555383
2023-05-31 02:30:00,20.50553160887048
2023-05-31 03:00:00,22.876651608873356
2023-05-31 03:30:00,25.03749891474881
2023-05-31 04:00:00,26.788983595329597
2023-05-31 04:30:00,28.14662926903418
2023-05-31 05:00:00,28.387727312893862
2023-05-31 05:30:00,27.047872514355845
2023-05-31 06:00:00,25.04724006325731
2023-05-31 06:30:00,23.148624337859236
2023-05-31 07:00:00,22.52858659833656
2023-05-31 07:30:00,22.454371390637267
2023-05-31 08:00:00,22.15340001651374
2023-05-31 08:30:00,21.91875777792686
2023-05-31 09:00:00,22.500371080462582
2023-05-31 09:30:00,23.303660655980845
2023-05-31 10:00:00,23.783789799042648
2023-05-31 10:30:00,23.039271825374044
2023-05-31 11:00:00,22.120179232440105
2023-05-31 11:30:00,21.33477522258603
2023-05-31 12:00:00,21.085535087719304
2023-05-31 12:30:00,20.888210526315792
2023-05-31 13:00:00,20.69031578947369
2023-05-31 13:30:00,20.309263157894737
2023-05-31 14:00:00,20.17263157894737
2023-05-31 14:30:00,20.205964912280706
2023-05-31 15:00:00,20.18245614035088
2023-05-31 15:30:00,20.338947368421056
2023-05-31 16:00:00,20.62385964912281
2023-05-31 16:30:00,20.97543859649123
2023-05-31 17:00:00,21.20790350877193
2023-05-31 17:30:00,21.32222807017544
2023-05-31 18:00:00,21.880368421052637
2023-05-31 18:30:00,21.991807017543863
2023-05-31 19:00:00,21.660561403508776
2023-05-31 19:30:00,20.632982456140354
2023-05-31 20:00:00,19.93540350877193
2023-05-31 20:30:00,19.53885964912281
2023-05-31 21:00:00,18.985684210526315
2023-05-31 21:30:00,18.510016521567817
2023-05-31 22:00:00,18.442883920328615
2023-05-31 22:30:00,18.04896286769704
2023-05-31 23:00:00,18.01188271116496
2023-05-31 23:30:00,16.957064657256094
2023-06-01 00:00:00,18.713908980989427
2023-06-01 00:30:00,19.044763526858606
2023-06-01 01:00:00,18.96093992743074
2023-06-01 01:30:00,18.25810038541445
2023-06-01 02:00:00,17.891268596409287
2023-06-01 02:30:00,18.179519276921678
2023-06-01 03:00:00,18.905766775070887
2023-06-01 03:30:00,19.72692756969042
2023-06-01 04:00:00,20.287426533487622
2023-06-01 04:30:00,20.79807189531047
2023-06-01 05:00:00,20.98824949744848
2023-06-01 05:30:00,21.186581636596753
2023-06-01 06:00:00,21.189570467021174
2023-06-01 06:30:00,20.9778042979946
2023-06-01 07:00:00,20.746727170094157
2023-06-01 07:30:00,20.605348248836464
2023-06-01 08:00:00,20.580085090941726
2023-06-01 08:30:00,20.406043421589704
2023-06-01 09:00:00,20.316526315789478
2023-06-01 09:30:00,20.290421052631583
2023-06-01 10:00:00,20.600000000000005
2023-06-01 10:30:00,21.307333333333336
2023-06-01 11:00:00,22.19384210526316
2023-06-01 11:30:00,22.911228070175444
2023-06-01 12:00:00,22.754035087719302
2023-06-01 12:30:00,22.219649122807024
2023-06-01 13:00:00,21.691305630385923
2023-06-01 13:30:00,21.190954753192937
2023-06-01 14:00:00,20.496901849632025
2023-06-01 14:30:00,19.78752674670424
2023-06-01 15:00:00,19.890862515440634
2023-06-01 15:30:00,20.382903010704506
2023-06-01 16:00:00,21.037534824691758
2023-06-01 16:30:00,21.04827039707925
2023-06-01 17:00:00,20.74441074795644
2023-06-01 17:30:00,20.67857789253682
2023-06-01 18:00:00,20.598210526315793
2023-06-01 18:30:00,21.09887447624756
2023-06-01 19:00:00,21.197359283878995
2023-06-01 19:30:00,20.818797880370223
2023-06-01 20:00:00,19.711143669095303
2023-06-01 20:30:00,18.306033141887585
2023-06-01 21:00:00,17.167654709167397
2023-06-01 21:30:00,16.42552910388289
2023-06-01 22:00:00,15.78457405666626
2023-06-01 22:30:00,15.346934560471077
2023-06-01 23:00:00,14.906320265010622
2023-06-01 23:30:00,14.682733837759173
2023-06-02 00:00:00,14.985042082086176
2023-06-02 00:30:00,15.800709193378216
2023-06-02 01:00:00,16.276728068241606
2023-06-02 01:30:00,16.608045854441382
2023-06-02 02:00:00,17.178022754759308
2023-06-02 02:30:00,17.254913941694298
2023-06-02 03:00:00,18.330836608759387
2023-06-02 03:30:00,19.19188649208645
2023-06-02 04:00:00,19.98400929910399
2023-06-02 04:30:00,20.369995877622173
2023-06-02 05:00:00,20.450526315789478
2023-06-02 05:30:00,20.386315789473688
2023-06-02 06:00:00,20.33333333333334
2023-06-02 06:30:00,20.111578947368425
2023-06-02 07:00:00,20.12600757727509
2023-06-02 07:30:00,20.316121373431862
2023-06-02 08:00:00,20.698928390975723
2023-06-02 08:30:00,20.839087241436356
2023-06-02 09:00:00,20.87442105263158
2023-06-02 09:30:00,21.06845614035088
2023-06-02 10:00:00,21.117359649122807
2023-06-02 10:30:00,21.104640350877194
2023-06-02 11:00:00,20.796842105263163
2023-06-02 11:30:00,20.258947368421058
2023-06-02 12:00:00,19.628070175438598
2023-06-02 12:30:00,19.49543859649123
2023-06-02 13:00:00,19.394736842105264
2023-06-02 13:30:00,19.558596491228073
2023-06-02 14:00:00,19.802175438596493
2023-06-02 14:30:00,20.344982456140354
2023-06-02 15:00:00,20.798315789473687
2023-06-02 15:30:00,20.811195711707548
2023-06-02 16:00:00,20.761973100034922
2023-06-02 16:30:00,21.021271345648955
2023-06-02 17:00:00,21.411591284066997
2023-06-02 17:30:00,21.851765413105028
2023-06-02 18:00:00,21.832116290298007
2023-06-02 18:30:00,21.720855304643123
2023-06-02 19:00:00,21.35543859649123
2023-06-02 19:30:00,21.037377877404467
2023-06-02 20:00:00,21.73955749552248
2023-06-02 20:30:00,23.89409281928377
2023-06-02 21:00:00,25.546557583059442
2023-06-02 21:30:00,26.57192870167545
2023-06-02 22:00:00,24.949702104031047
2023-06-02 22:30:00,22.532640773824824
2023-06-02 23:00:00,21.008165105461615
2023-06-02 23:30:00,19.099219536698197
2023-06-03 00:00:00,17.13144528158407
2023-06-03 00:30:00,17.655568278588863
2023-06-03 01:00:00,18.4359351392883
2023-06-03 01:30:00,19.630752852429573
2023-06-03 02:00:00,20.663159523753
2023-06-03 02:30:00,21.500009730924194
2023-06-03 03:00:00,21.78695279339099
2023-06-03 03:30:00,21.62463485094018
2023-06-03 04:00:00,21.617977898056864
2023-06-03 04:30:00,21.660584235095147
2023-06-03 05:00:00,22.25777721755129
2023-06-03 05:30:00,22.975316391190265
2023-06-03 06:00:00,23.356378017776407
2023-06-03 06:30:00,23.684757937753076
2023-06-03 07:00:00,24.058746861962394
2023-06-03 07:30:00,24.38592914929757
2023-06-03 08:00:00,25.166415396103236
2023-06-03 08:30:00,25.32415075002332
2023-06-03 09:00:00,25.1812108793806
2023-06-03 09:30:00,24.646605799832354
2023-06-03 10:00:00,23.698579462199977
2023-06-03 10:30:00,23.41378602748145
2023-06-03 11:00:00,23.184453386799955
2023-06-03 11:30:00,23.287082566264072
2023-06-03 12:00:00,23.256205373281613
2023-06-03 12:30:00,23.089626425913195
2023-06-03 13:00:00,22.8541403508772
2023-06-03 13:30:00,22.80852631578948
2023-06-03 14:00:00,22.523684210526316
2023-06-03 14:30:00,22.444947368421055
00:00,2
2023-06-03 15:30:00,22.703175438596492
2023-06-03 16:00:00,23.035087719298247
2023-06-03 16:30:00,23.355482456140354
2023-06-03 17:00:00,23.542789473684213
2023-06-03 17:30:00,23.58664912280702
2023-06-03 18:00:00,23.39328070175439
2023-06-03 18:30:00,23.495359649122808
2023-06-03 19:00:00,23.764911846051877
2023-06-03 19:30:00,24.97223615385165
2023-06-03 20:00:00,26.543189337166936
2023-06-03 20:30:00,26.769745916907926
2023-06-03 21:00:00,24.86535527074157
2023-06-03 21:30:00,22.019853486081093
2023-06-03 22:00:00,19.852062546126792
2023-06-03 22:30:00,19.533818911269016
2023-06-03 23:00:00,19.483485515283792
2023-06-03 23:30:00,19.363215520401802
2023-06-04 00:00:00,19.032456140350877
2023-06-04 00:30:00,19.289122807017545
2023-06-04 01:00:00,19.713333333333335
2023-06-04 01:30:00,20.438273459390476
2023-06-04 02:00:00,21.40623112930727
2023-06-04 02:30:00,22.481546918780953
2023-06-04 03:00:00,23.424206717783793
2023-06-04 03:30:00,24.27654724901181
2023-06-04 04:00:00,25.06351891609624
2023-06-04 04:30:00,25.844644219844056
2023-06-04 05:00:00,26.17723550208375
2023-06-04 05:30:00,26.177790898844183
2023-06-04 06:00:00,25.5408585771866
2023-06-04 06:30:00,24.65638227016943
2023-06-04 07:00:00,23.726138496928503
2023-06-04 07:30:00,23.133409983901203
2023-06-04 08:00:00,23.384662384374113
2023-06-04 08:30:00,23.896350877192987
2023-06-04 09:00:00,24.756490895009406
2023-06-04 09:30:00,25.731975479710282
2023-06-04 10:00:00,26.393687431488274
2023-06-04 10:30:00,26.321055852540905
2023-06-04 11:00:00,25.640215745642365
2023-06-04 11:30:00,24.813333333333336
2023-06-04 12:00:00,24.302105263157898
2023-06-04 12:30:00,24.29184210526316
2023-06-04 13:00:00,24.387403508771936
2023-06-04 13:30:00,24.016916976984348
2023-06-04 14:00:00,23.09718589619354
2023-06-04 14:30:00,22.08839507290253
2023-06-04 15:00:00,21.675152175965597
2023-06-04 15:30:00,21.674419655595624
2023-06-04 16:00:00,21.949473684210528
2023-06-04 16:30:00,22.501228070175443
2023-06-04 17:00:00,23.31045614035088
2023-06-04 17:30:00,23.698245614035088
2023-06-04 18:00:00,23.810541768128143
2023-06-04 18:30:00,23.535595819240243
2023-06-04 19:00:00,22.989200698263883
2023-06-04 19:30:00,21.938433194545127
2023-06-04 20:00:00,20.49055828974718
2023-06-04 20:30:00,19.43514093090073
2023-06-04 21:00:00,19.187584967588208
2023-06-04 21:30:00,19.473577266221387
2023-06-04 22:00:00,19.942420948670968
2023-06-04 22:30:00,19.996473684210528
2023-06-04 23:00:00,19.702605263157896
2023-06-04 23:30:00,19.078736842105258
2023-06-05 00:00:00,19.37125211803571
2023-06-05 00:30:00,20.346311056637955
2023-06-05 01:00:00,21.009131728671615
2023-06-05 01:30:00,21.129126268832028
2023-06-05 02:00:00,20.51552033401012
2023-06-05 02:30:00,19.6359786845297
2023-06-05 03:00:00,19.001403508771933
2023-06-05 03:30:00,18.782492291590057
2023-06-05 04:00:00,18.902269056433123
2023-06-05 04:30:00,19.476748028638827
2023-06-05 05:00:00,20.210293751817062
2023-06-05 05:30:00,21.27505952050733
2023-06-05 06:00:00,21.854955401631468
2023-06-05 06:30:00,21.860727264642133
2023-06-05 07:00:00,21.138462821363227
2023-06-05 07:30:00,20.251820721158577
2023-06-05 08:00:00,19.738478036489372
2023-06-05 08:30:00,19.92744609268243
2023-06-05 09:00:00,20.020073197350456
2023-06-05 09:30:00,20.032383238969782
2023-06-05 10:00:00,20.039972806944764
2023-06-05 10:30:00,20.071293421864173
2023-06-05 11:00:00,19.9035630350189
2023-06-05 11:30:00,19.592011189942692
2023-06-05 12:00:00,19.636205877236147
2023-06-05 12:30:00,19.953332602453823
2023-06-05 13:00:00,19.964637420273995
2023-06-05 13:30:00,19.340536941403823
2023-06-05 14:00:00,18.777803876537135
2023-06-05 14:30:00,18.817710136147504
2023-06-05 15:00:00,19.301536066850478
2023-06-05 15:30:00,19.677192982456145
2023-06-05 16:00:00,19.711105263157897
2023-06-05 16:30:00,19.793789473684214
2023-06-05 17:00:00,20.10080701754386
2023-06-05 17:30:00,20.50568421052632
2023-06-05 18:00:00,20.286096491228072
2023-06-05 18:30:00,20.091035087719302
2023-06-05 19:00:00,19.968578947368425
2023-06-05 19:30:00,20.127771929824565
2023-06-05 20:00:00,19.977192982456142
2023-06-05 20:30:00,19.601403508771934
2023-06-05 21:00:00,18.997508771929827
2023-06-05 21:30:00,18.554684210526318
2023-06-05 22:00:00,18.072929824561406
2023-06-05 22:30:00,17.868394736842106
2023-06-05 23:00:00,17.757192982456143
2023-06-05 23:30:00,17.682456140350876
2023-06-06 00:00:00,17.54838596491228
2023-06-06 00:30:00,17.989684210526317
2023-06-06 01:00:00,18.49228070175439
2023-06-06 01:30:00,19.191929824561406
2023-06-06 02:00:00,20.100701754385966
2023-06-06 02:30:00,21.858405441017137
2023-06-06 03:00:00,23.679655927128298
2023-06-06 03:30:00,25.256823766704883
2023-06-06 04:00:00,25.32110222431937
2023-06-06 04:30:00,24.35508627146775
2023-06-06 05:00:00,23.540784955746343
2023-06-06 05:30:00,23.662700178423307
2023-06-06 06:00:00,24.55177924024528
2023-06-06 06:30:00,25.381134268351673
2023-06-06 07:00:00,25.389204443790273
2023-06-06 07:30:00,24.993515189994174
2023-06-06 08:00:00,24.173684210526318
2023-06-06 08:30:00,23.623508771929824
2023-06-06 09:00:00,23.25508771929825
2023-06-06 09:30:00,23.080315789473687
2023-06-06 10:00:00,23.21170175438597
2023-06-06 10:30:00,23.51205263157895
2023-06-06 11:00:00,23.93111403508772
2023-06-06 11:30:00,24.41192982456141
2023-06-06 12:00:00,24.81157894736842
2023-06-06 12:30:00,24.76842105263158
2023-06-06 13:00:00,24.347719298245618
2023-06-06 13:30:00,23.66385964912281
2023-06-06 14:00:00,23.434385964912284
2023-06-06 14:30:00,23.493991228070175
2023-06-06 15:00:00,23.655343770476875
2023-06-06 15:30:00,23.21889510775208
2023-06-06 16:00:00,22.82479861652401
2023-06-06 16:30:00,22.420416204969783
2023-06-06 17:00:00,22.430592796462935
2023-06-06 17:30:00,22.456473684210533
2023-06-06 18:00:00,22.659368421052633
2023-06-06 18:30:00,22.977482456140354
2023-06-06 19:00:00,23.24368421052632
2023-06-06 19:30:00,23.070491228070182
2023-06-06 20:00:00,22.52329824561404
2023-06-06 20:30:00,21.97768421052632
2023-06-06 21:00:00,21.59791228070176
2023-06-06 21:30:00,21.32943859649123
2023-06-06 22:00:00,20.636456140350877
2023-06-06 22:30:00,19.930491228070178
2023-06-06 23:00:00,19.37164912280702
2023-06-06 23:30:00,19.164140350877194
2023-06-07 00:00:00,18.723401007308468
2023-06-07 00:30:00,18.62743791484641
2023-06-07 01:00:00,18.582373773804093
2023-06-07 01:30:00,18.917593397079607
2023-06-07 02:00:00,19.94075613552474
2023-06-07 02:30:00,21.368791824923253
2023-06-07 03:00:00,22.762968835838308
2023-06-07 03:30:00,23.931308132415065
2023-06-07 04:00:00,24.901438827622925
2023-06-07 04:30:00,25.392632231687262
2023-06-07 05:00:00,25.309289080863664
2023-06-07 05:30:00,24.759034918171135
2023-06-07 06:00:00,24.336842105263162
2023-06-07 06:30:00,24.2561403508772
2023-06-07 07:00:00,24.391578947368426
2023-06-07 07:30:00,24.899298245614037
2023-06-07 08:00:00,25.523834552923336
2023-06-07 08:30:00,25.79331323289377
2023-06-07 09:00:00,25.472611478507805
2023-06-07 09:30:00,24.97207766907847
2023-06-07 10:00:00,24.350850877192983
2023-06-07 10:30:00,23.881283205393302
2023-06-07 11:00:00,23.500891050295625
2023-06-07 11:30:00,23.72522379452474
2023-06-07 12:00:00,24.024408575505245
2023-06-07 12:30:00,24.123731169588734
2023-06-07 13:00:00,23.89656122263025
2023-06-07 13:30:00,23.784464912280708
2023-06-07 14:00:00,23.918019876721264
2023-06-07 14:30:00,23.993765490756356
2023-06-07 15:00:00,23.908440929352846
2023-06-07 15:30:00,23.888116180552135
2023-06-07 16:00:00,23.93544361176529
2023-06-07 16:30:00,24.038510336835
2023-06-07 17:00:00,24.126751598881384
2023-06-07 17:30:00,24.004961444645303
2023-06-07 18:00:00,23.65549825754904
2023-06-07 18:30:00,23.04952795300512
2023-06-07 19:00:00,22.530210526315795
2023-06-07 19:30:00,22.311087719298246
2023-06-07 20:00:00,22.278526315789478
2023-06-07 20:30:00,22.05852631578948
2023-06-07 21:00:00,21.654736842105265
2023-06-07 21:30:00,21.25476315789474
2023-06-07 22:00:00,21.06542105263158
2023-06-07 22:30:00,20.961526315789477
2023-06-07 23:00:00,20.78819122807018
2023-06-07 23:30:00,20.396435964912282
2023-06-08 00:00:00,19.747229262537772
2023-06-08 00:30:00,19.726689953909098
2023-06-08 01:00:00,19.528393720525816
2023-06-08 01:30:00,19.746374379709472
2023-06-08 02:00:00,20.823008503279638
2023-06-08 02:30:00,22.56997261462442
2023-06-08 03:00:00,23.953450118755757
2023-06-08 03:30:00,24.447485206475054
2023-06-08 04:00:00,24.724348307168516
2023-06-08 04:30:00,25.243521373547477
2023-06-08 05:00:00,25.908654733659574
2023-06-08 05:30:00,26.131089856695922
2023-06-08 06:00:00,25.904826698801187
2023-06-08 06:30:00,25.424414105721826
2023-06-08 07:00:00,25.01859649122807
2023-06-08 07:30:00,25.113812099485944
2023-06-08 08:00:00,25.734899042716865
2023-06-08 08:30:00,26.54059883467528
2023-06-08 09:00:00,26.502704097833174
2023-06-08 09:30:00,25.639038964853643
2023-06-08 10:00:00,24.916700588326165
2023-06-08 10:30:00,25.022595533885806
2023-06-08 11:00:00,25.197663449033467
2023-06-08 11:30:00,24.995263059664254
2023-06-08 12:00:00,24.37174382872702
2023-06-08 12:30:00,24.065561403508777
2023-06-08 13:00:00,24.02347368421053
2023-06-08 13:30:00,23.891228070175444
2023-06-08 14:00:00,23.534210526315793
2023-06-08 14:30:00,23.176842105263162
2023-06-08 15:00:00,23.357807017543863
2023-06-08 15:30:00,24.03950235143672
2023-06-08 16:00:00,24.750467263717425
2023-06-08 16:30:00,25.01580059705076
2023-06-08 17:00:00,24.75449015798799
2023-06-08 17:30:00,24.66389862979206
2023-06-08 18:00:00,24.301865488547747
2023-06-08 18:30:00,23.644321628898624
2023-06-08 19:00:00,22.70777484953703
2023-06-08 19:30:00,21.988070175438597
2023-06-08 20:00:00,21.74526315789474
2023-06-08 20:30:00,21.70245614035088
2023-06-08 21:00:00,21.584561403508772
2023-06-08 21:30:00,21.74424561403509
2023-06-08 22:00:00,21.59040350877193
2023-06-08 22:30:00,21.035824561403512
2023-06-08 23:00:00,20.147414035087717
2023-06-08 23:30:00,19.080998245614026
2023-06-09 00:00:00,19.39866666666666
2023-06-09 00:30:00,19.475228070175437
2023-06-09 01:00:00,19.64659649122807
2023-06-09 01:30:00,20.132561403508774
2023-06-09 02:00:00,21.07421052631579
2023-06-09 02:30:00,22.352280701754392
2023-06-09 03:00:00,23.71543859649123
2023-06-09 03:30:00,25.22954892816927
2023-06-09 04:00:00,26.00289980536225
2023-06-09 04:30:00,26.552373489572776
2023-06-09 05:00:00,26.373190903232892
2023-06-09 05:30:00,26.31017543859649
2023-06-09 06:00:00,25.837683902056103
2023-06-09 06:30:00,25.53392216546628
2023-06-09 07:00:00,26.350134667031636
2023-06-09 07:30:00,28.53704376760692
2023-06-09 08:00:00,29.00830971829913
2023-06-09 08:30:00,27.929194912697227
2023-06-09 09:00:00,24.94728482208146
2023-06-09 09:30:00,23.252920238248084
2023-06-09 10:00:00,22.75508771929825
2023-06-09 10:30:00,22.75964912280702
2023-06-09 11:00:00,22.95578947368421
2023-06-09 11:30:00,22.894035087719303
2023-06-09 12:00:00,22.460350877192983
2023-06-09 12:30:00,21.937543859649125
2023-06-09 13:00:00,21.65508771929825
2023-06-09 13:30:00,21.70631578947369
2023-06-09 14:00:00,22.15790814610968
2023-06-09 14:30:00,22.751076246700034
2023-06-09 15:00:00,23.142350574077113
2023-06-09 15:30:00,23.06271875768626
2023-06-09 16:00:00,22.74777036949412
2023-06-09 16:30:00,22.686243127595162
2023-06-09 17:00:00,22.917126075178015
2023-06-09 17:30:00,23.074035087719306
2023-06-09 18:00:00,23.26982456140351
2023-06-09 18:30:00,23.255315789473688
2023-06-09 19:00:00,23.14266666666667
2023-06-09 19:30:00,22.739245614035088
2023-06-09 20:00:00,22.079456140350874
2023-06-09 20:30:00,21.44128947368421
2023-06-09 21:00:00,20.745824561403513
2023-06-09 21:30:00,20.350210526315795
2023-06-09 22:00:00,20.28489473684211
2023-06-09 22:30:00,20.388964912280702
2023-06-09 23:00:00,20.171315789473685
2023-06-09 23:30:00,19.901008771929824
2023-06-10 00:00:00,18.651202437884535
2023-06-10 00:30:00,18.978212528974467
2023-06-10 01:00:00,19.334000871284058
2023-06-10 01:30:00,20.002351748477043
2023-06-10 02:00:00,21.048176309880553
2023-06-10 02:30:00,22.12642338387224
2023-06-10 03:00:00,22.92179259340835
2023-06-10 03:30:00,23.43128538134059
2023-06-10 04:00:00,24.03163625853357
2023-06-10 04:30:00,25.390661068155676
2023-06-10 05:00:00,27.253321439349932
2023-06-10 05:30:00,28.388408584191524
2023-06-10 06:00:00,28.549534054092657
2023-06-10 06:30:00,27.206380231496382
2023-06-10 07:00:00,25.615707252829008
2023-06-10 07:30:00,24.3881097236432
2023-06-10 08:00:00,24.288334590840666
2023-06-10 08:30:00,25.18038074376699
2023-06-10 09:00:00,26.397412615220627
2023-06-10 09:30:00,26.946685931376646
2023-06-10 10:00:00,27.77985373043833
2023-06-10 10:30:00,28.474011712770146
2023-06-10 11:00:00,28.331476749690538
2023-06-10 11:30:00,27.70905505835246
2023-06-10 12:00:00,27.49043396477536
2023-06-10 12:30:00,27.68015888056017
2023-06-10 13:00:00,28.607269613666485
2023-06-10 13:30:00,28.842040511005013
2023-06-10 14:00:00,28.73103108352062
2023-06-10 14:30:00,28.454557359811545
2023-06-10 15:00:00,26.59852274413292
2023-06-10 15:30:00,25.02935837682655
2023-06-10 16:00:00,23.486523133671174
2023-06-10 16:30:00,23.720946995063585
2023-06-10 17:00:00,24.28691190734429
2023-06-10 17:30:00,24.58521981696291
2023-06-10 18:00:00,24.021234887372234
2023-06-10 18:30:00,23.38947368421053
2023-06-10 19:00:00,22.465614035087725
2023-06-10 19:30:00,21.75824561403509
2023-06-10 20:00:00,21.261692982456143
2023-06-10 20:30:00,20.944543859649126
2023-06-10 21:00:00,20.45385964912281
2023-06-10 21:30:00,19.987903508771932
2023-06-10 22:00:00,19.545096491228072
2023-06-10 22:30:00,19.380719298245616
2023-06-10 23:00:00,19.45874385964912
2023-06-10 23:30:00,19.61697543859648
2023-06-11 00:00:00,19.980166385304955
2023-06-11 00:30:00,19.769422736281587
2023-06-11 01:00:00,19.45856982401897
2023-06-11 01:30:00,19.78421052631579
2023-06-11 02:00:00,20.379298245614038
2023-06-11 02:30:00,20.828574994396885
2023-06-11 03:00:00,21.024967754753217
2023-06-11 03:30:00,21.17014776482323
2023-06-11 04:00:00,22.758628941545307
2023-06-11 04:30:00,23.745800329415815
2023-06-11 05:00:00,23.819571715093833
2023-06-11 05:30:00,22.54151447036804
2023-06-11 06:00:00,21.802504294338238
2023-06-11 06:30:00,22.01707894736842
2023-06-11 07:00:00,22.347008771929826
2023-06-11 07:30:00,22.493122807017546
2023-06-11 08:00:00,22.29592982456141
2023-06-11 08:30:00,22.154438596491232
2023-06-11 09:00:00,22.268771929824567
2023-06-11 09:30:00,22.40842105263158
2023-06-11 10:00:00,22.63122807017544
2023-06-11 10:30:00,22.640350877192986
2023-06-11 11:00:00,22.588771929824564
2023-06-11 11:30:00,22.23842877388799
2023-06-11 12:00:00,22.321952988330626
2023-06-11 12:30:00,22.21907579534817
2023-06-11 13:00:00,21.97319474173751
2023-06-11 13:30:00,21.46905263157895
2023-06-11 14:00:00,21.355719298245617
2023-06-11 14:30:00,21.46456140350877
2023-06-11 15:00:00,21.902105263157896
2023-06-11 15:30:00,22.06416530991372
2023-06-11 16:00:00,22.97287092502059
2023-06-11 16:30:00,23.664156290005625
2023-06-11 17:00:00,25.276181426360044
2023-06-11 17:30:00,27.00417127005861
2023-06-11 18:00:00,28.786259837313654
2023-06-11 18:30:00,29.35553242899586
2023-06-11 19:00:00,29.166982003365344
2023-06-11 19:30:00,28.784355000585197
2023-06-11 20:00:00,27.620654156688847
2023-06-11 20:30:00,25.058141835447987
2023-06-11 21:00:00,22.17538035307264
2023-06-11 21:30:00,20.036010360912545
2023-06-11 22:00:00,19.208397349079487
2023-06-11 22:30:00,19.06245982725122
2023-06-11 23:00:00,18.911309675157067
2023-06-11 23:30:00,19.172154891270782
2023-06-12 00:00:00,17.728241043205966
2023-06-12 00:30:00,18.279046418926537
2023-06-12 01:00:00,18.58636402724638
2023-06-12 01:30:00,18.678234580257428
2023-06-12 02:00:00,19.449473684210528
2023-06-12 02:30:00,20.68498358359669
2023-06-12 03:00:00,21.822077814180233
2023-06-12 03:30:00,24.233458768991735
2023-06-12 04:00:00,26.288843452044006
2023-06-12 04:30:00,28.316387759895566
2023-06-12 05:00:00,28.949410780834643
2023-06-12 05:30:00,29.451780701754387
2023-06-12 06:00:00,30.26378070175439
2023-06-12 06:30:00,30.80635964912281
2023-06-12 07:00:00,30.857298245614036
2023-06-12 07:30:00,30.356157894736842
2023-06-12 08:00:00,28.895596491228073
2023-06-12 08:30:00,26.68448064314779
2023-06-12 09:00:00,24.605624153685728
2023-06-12 09:30:00,23.43670863334081
2023-06-12 10:00:00,24.019668641048565
2023-06-12 10:30:00,25.832003954691995
2023-06-12 11:00:00,27.76408347441703
2023-06-12 11:30:00,28.908913757068387
2023-06-12 12:00:00,28.597787503201033
2023-06-12 12:30:00,27.210646511365912
2023-06-12 13:00:00,26.01957302474852
2023-06-12 13:30:00,24.774809956039466
2023-06-12 14:00:00,24.930857974080073
2023-06-12 14:30:00,25.2477016329635
2023-06-12 15:00:00,26.570409447656345
2023-06-12 15:30:00,26.932943321311466
2023-06-12 16:00:00,27.475291870648174
2023-06-12 16:30:00,27.61796879427236
2023-06-12 17:00:00,28.199163864268296
2023-06-12 17:30:00,28.46603332445056
2023-06-12 18:00:00,28.516149164478904
2023-06-12 18:30:00,27.98807270429174
2023-06-12 19:00:00,26.25063993682049
2023-06-12 19:30:00,24.12300712033267
2023-06-12 20:00:00,21.60195159539748
2023-06-12 20:30:00,20.38082764410529
2023-06-12 21:00:00,19.583132017570406
2023-06-12 21:30:00,19.03040350877193
2023-06-12 22:00:00,18.481087719298248
2023-06-12 22:30:00,17.69789473684211
2023-06-12 23:00:00,17.143508771929824
2023-06-12 23:30:00,16.64491228070175
2023-06-13 00:00:00,18.220976346917443
2023-06-13 00:30:00,17.968942636343385
2023-06-13 01:00:00,17.77014862836022
2023-06-13 01:30:00,18.260324066956713
2023-06-13 02:00:00,19.332145869199213
2023-06-13 02:30:00,20.556140350877197
2023-06-13 03:00:00,21.43126758148065
2023-06-13 03:30:00,21.873451867248956
2023-06-13 04:00:00,22.374855376020886
2023-06-13 04:30:00,22.661836170001138
2023-06-13 05:00:00,22.85670632030647
2023-06-13 05:30:00,22.813152099669676
2023-06-13 06:00:00,22.344908783256248
2023-06-13 06:30:00,21.93046535807703
2023-06-13 07:00:00,21.708926939395486
2023-06-13 07:30:00,22.12257029187066
2023-06-13 08:00:00,22.69625450239697
2023-06-13 08:30:00,22.882659453751867
2023-06-13 09:00:00,22.871877192982456
2023-06-13 09:30:00,22.84205263157895
2023-06-13 10:00:00,22.753631578947374
2023-06-13 10:30:00,22.700350877192985
2023-06-13 11:00:00,22.61870270650229
2023-06-13 11:30:00,22.66550285634897
2023-06-13 12:00:00,22.613327417752476
2023-06-13 12:30:00,22.48445413467677
2023-06-13 13:00:00,22.191385964912286
2023-06-13 13:30:00,21.878157894736844
2023-06-13 14:00:00,21.572543859649127
2023-06-13 14:30:00,21.76025861038309
2023-06-13 15:00:00,22.664753843184815
2023-06-13 15:30:00,24.42870200707989
2023-06-13 16:00:00,26.602114623031458
2023-06-13 16:30:00,28.406233961385208
2023-06-13 17:00:00,28.427059961727537
2023-06-13 17:30:00,26.43794437142516
2023-06-13 18:00:00,24.33900718390902
2023-06-13 18:30:00,23.049797014164273
2023-06-13 19:00:00,23.175250397073565
2023-06-13 19:30:00,23.356277377685384
2023-06-13 20:00:00,23.03347036014152
2023-06-13 20:30:00,22.139371271049203
2023-06-13 21:00:00,20.94767569072881
2023-06-13 21:30:00,20.21753533985162
2023-06-13 22:00:00,19.773646366918623
2023-06-13 22:30:00,19.440350877192984
2023-06-13 23:00:00,19.417038596491228
2023-06-13 23:30:00,19.459505263157897
2023-06-14 00:00:00,19.804877192982463
2023-06-14 00:30:00,19.74547368421053
2023-06-14 01:00:00,19.952982456140354
2023-06-14 01:30:00,20.925982456140353
2023-06-14 02:00:00,21.58215789473685
2023-06-14 02:30:00,22.044614035087722
2023-06-14 03:00:00,22.81671052631579
2023-06-14 03:30:00,24.6021052631579
2023-06-14 04:00:00,27.25754385964913
2023-06-14 04:30:00,29.390105263157896
2023-06-14 05:00:00,30.406377192982458
2023-06-14 05:30:00,30.16412250742634
2023-06-14 06:00:00,29.422356102162183
2023-06-14 06:30:00,29.01547890917973
2023-06-14 07:00:00,29.40405902696756
2023-06-14 07:30:00,30.187035087719305
2023-06-14 08:00:00,30.86002631578948
2023-06-14 08:30:00,30.995701754385973
2023-06-14 09:00:00,30.567649122807023
2023-06-14 09:30:00,29.697543859649127
2023-06-14 10:00:00,28.441377192982458
2023-06-14 10:30:00,27.31381805240594
2023-06-14 11:00:00,27.309541753932944
2023-06-14 11:30:00,26.858367945281117
2023-06-14 12:00:00,27.640487914651928
2023-06-14 12:30:00,26.714023548495003
2023-06-14 13:00:00,25.608301092971022
2023-06-14 13:30:00,24.047550904491732
2023-06-14 14:00:00,23.20959379094923
2023-06-14 14:30:00,24.552910179998857
2023-06-14 15:00:00,26.398471036467594
2023-06-14 15:30:00,28.180273087961467
2023-06-14 16:00:00,27.206388980673466
2023-06-14 16:30:00,26.47930174199395
2023-06-14 17:00:00,25.05474033848518
2023-06-14 17:30:00,24.7043161385461
2023-06-14 18:00:00,23.753734454369038
2023-06-14 18:30:00,24.10545239427823
2023-06-14 19:00:00,24.941841341446604
2023-06-14 19:30:00,25.402056028558544
2023-06-14 20:00:00,25.163112410523173
2023-06-14 20:30:00,24.913965746854814
2023-06-14 21:00:00,24.720803528104497
2023-06-14 21:30:00,23.65321580880625
2023-06-14 22:00:00,21.979534068667373
2023-06-14 22:30:00,20.37964912280702
2023-06-14 23:00:00,19.513192982456143
2023-06-14 23:30:00,18.635403508771933
2023-06-15 00:00:00,18.72020628296436
2023-06-15 00:30:00,18.665946001334966
2023-06-15 01:00:00,18.42477746528114
2023-06-15 01:30:00,18.428917816158332
2023-06-15 02:00:00,19.302570835505353
2023-06-15 02:30:00,20.96618421052632
2023-06-15 03:00:00,22.461368421052637
2023-06-15 03:30:00,23.251175438596494
2023-06-15 04:00:00,23.981000000000005
2023-06-15 04:30:00,25.692956140350883
2023-06-15 05:00:00,26.99543859649123
2023-06-15 05:30:00,27.1340350877193
00:00,2
2023-06-15 06:30:00,25.445192982456145
2023-06-15 07:00:00,25.232237952208965
2023-06-15 07:30:00,25.88002420448184
2023-06-15 08:00:00,26.143673327288855
2023-06-15 08:30:00,27.51209437992043
2023-06-15 09:00:00,28.21122807017544
2023-06-15 09:30:00,27.606315789473687
2023-06-15 10:00:00,26.274684210526317
2023-06-15 10:30:00,24.983701754385965
2023-06-15 11:00:00,24.680087719298246
2023-06-15 11:30:00,24.92134405294261
2023-06-15 12:00:00,25.07103964374859
2023-06-15 12:30:00,24.475014418307964
2023-06-15 13:00:00,23.543717952599234
2023-06-15 13:30:00,22.424448665411216
2023-06-15 14:00:00,22.618543213079956
2023-06-15 14:30:00,23.07090817475022
2023-06-15 15:00:00,23.357225494244805
2023-06-15 15:30:00,23.553014967929016
2023-06-15 16:00:00,24.357492328769307
2023-06-15 16:30:00,26.123422047373126
2023-06-15 17:00:00,27.48145788776525
2023-06-15 17:30:00,26.78924075849609
2023-06-15 18:00:00,24.31890983071807
2023-06-15 18:30:00,21.856071058838296
2023-06-15 19:00:00,20.741491228070178
2023-06-15 19:30:00,20.2390350877193
2023-06-15 20:00:00,20.017105263157898
2023-06-15 20:30:00,20.108771929824563
2023-06-15 21:00:00,20.023640350877194
2023-06-15 21:30:00,19.574473684210528
2023-06-15 22:00:00,19.018333333333334
2023-06-15 22:30:00,18.277982456140354
2023-06-15 23:00:00,17.827298245614035
2023-06-15 23:30:00,16.87007017543859
2023-06-16 00:00:00,16.900173499853523
2023-06-16 00:30:00,17.24798107103535
2023-06-16 01:00:00,17.31531379150438
2023-06-16 01:30:00,17.492547541681745
2023-06-16 02:00:00,18.098092690671724
2023-06-16 02:30:00,19.189290675484088
2023-06-16 03:00:00,21.91217037251147
2023-06-16 03:30:00,25.391540983072407
2023-06-16 04:00:00,29.022151146079352
2023-06-16 04:30:00,30.605938116676594
2023-06-16 05:00:00,30.748351608118856
2023-06-16 05:30:00,30.47228070175439
2023-06-16 06:00:00,30.148487498096966
2023-06-16 06:30:00,30.041253077171294
2023-06-16 07:00:00,29.18676606180645
2023-06-16 07:30:00,26.68660029031332
2023-06-16 08:00:00,23.66128122362419
2023-06-16 08:30:00,21.071269533608998
2023-06-16 09:00:00,20.30949397745432
2023-06-16 09:30:00,20.04664698551773
2023-06-16 10:00:00,19.895701754385968
2023-06-16 10:30:00,19.667754385964916
2023-06-16 11:00:00,19.707754385964915
2023-06-16 11:30:00,20.071122807017545
2023-06-16 12:00:00,20.40245614035088
2023-06-16 12:30:00,20.62105263157895
2023-06-16 13:00:00,20.574385964912285
2023-06-16 13:30:00,20.36526315789474
2023-06-16 14:00:00,20.222456140350882
2023-06-16 14:30:00,20.026456140350877
2023-06-16 15:00:00,20.024654246500592
2023-06-16 15:30:00,20.54783048202275
2023-06-16 16:00:00,20.374637499566614
2023-06-16 16:30:00,20.464698753775917
2023-06-16 17:00:00,20.505073544914918
2023-06-16 17:30:00,20.476301615090353
2023-06-16 18:00:00,20.33758473875311
2023-06-16 18:30:00,19.58421052631579
2023-06-16 19:00:00,18.99228070175439
2023-06-16 19:30:00,18.42842105263158
2023-06-16 20:00:00,17.607719298245616
2023-06-16 20:30:00,17.018947368421056
2023-06-16 21:00:00,16.318947368421053
2023-06-16 21:30:00,15.838596491228072
2023-06-16 22:00:00,15.523157894736846
2023-06-16 22:30:00,15.080350877192984
2023-06-16 23:00:00,14.571087719298243
2023-06-16 23:30:00,13.668210526315784
2023-06-17 00:00:00,14.446357419035445
2023-06-17 00:30:00,14.93299896721549
2023-06-17 01:00:00,15.187943631325387
2023-06-17 01:30:00,15.880742078813341
2023-06-17 02:00:00,16.803419530514123
2023-06-17 02:30:00,17.55073618507144
2023-06-17 03:00:00,17.97551167465826
2023-06-17 03:30:00,18.070439357783147
2023-06-17 04:00:00,18.20171029578138
2023-06-17 04:30:00,18.699990997535767
2023-06-17 05:00:00,19.389925400174093
2023-06-17 05:30:00,20.311743162211766
2023-06-17 06:00:00,21.239538458060565
2023-06-17 06:30:00,21.76723288890815
2023-06-17 07:00:00,21.985323034238572
2023-06-17 07:30:00,21.777443843332893
2023-06-17 08:00:00,21.651077772339036
2023-06-17 08:30:00,21.57228070175439
2023-06-17 09:00:00,21.497543859649124
2023-06-17 09:30:00,21.492280701754385
2023-06-17 10:00:00,21.438258134377907
2023-06-17 10:30:00,21.310952315039348
2023-06-17 11:00:00,21.104987402758645
2023-06-17 11:30:00,20.922180385214787
2023-06-17 12:00:00,20.718947368421055
2023-06-17 12:30:00,20.422248730333965
2023-06-17 13:00:00,20.106666499296683
2023-06-17 13:30:00,20.076952940172834
2023-06-17 14:00:00,20.49672116595651
2023-06-17 14:30:00,21.311946108177867
2023-06-17 15:00:00,22.15235589518892
2023-06-17 15:30:00,22.765123521999715
2023-06-17 16:00:00,22.949369136034807
2023-06-17 16:30:00,23.052125015937673
2023-06-17 17:00:00,23.162856344743897
2023-06-17 17:30:00,22.800877036153395
2023-06-17 18:00:00,22.27064247778111
2023-06-17 18:30:00,21.25470321647602
2023-06-17 19:00:00,20.56307984265099
2023-06-17 19:30:00,19.751779134711047
2023-06-17 20:00:00,18.88667973946311
2023-06-17 20:30:00,18.260596172676035
2023-06-17 21:00:00,17.879882676572013
2023-06-17 21:30:00,17.7047146022724
2023-06-17 22:00:00,17.735707011327197
2023-06-17 22:30:00,17.733866177645574
2023-06-17 23:00:00,17.963139944895826
2023-06-17 23:30:00,17.95325521194519
2023-06-18 00:00:00,18.220784210526315
2023-06-18 00:30:00,18.018505263157895
2023-06-18 01:00:00,17.941982456140355
2023-06-18 01:30:00,17.71793859649123
2023-06-18 02:00:00,17.53322807017544
2023-06-18 02:30:00,17.773929824561403
2023-06-18 03:00:00,18.092578947368423
2023-06-18 03:30:00,18.71368421052632
2023-06-18 04:00:00,19.553684210526317
2023-06-18 04:30:00,20.36227081322495
2023-06-18 05:00:00,21.4647892382204
2023-06-18 05:30:00,22.95765685236147
2023-06-18 06:00:00,25.21594778250972
2023-06-18 06:30:00,27.685081028594606
2023-06-18 07:00:00,29.435430580263827
2023-06-18 07:30:00,30.219926458734914
2023-06-18 08:00:00,30.09442756199148
2023-06-18 08:30:00,29.142320071459807
2023-06-18 09:00:00,28.546860779645513
2023-06-18 09:30:00,28.14991304108821
2023-06-18 10:00:00,28.304693099225812
2023-06-18 10:30:00,28.14143172556089
2023-06-18 11:00:00,26.378418039905785
2023-06-18 11:30:00,24.801440050238412
2023-06-18 12:00:00,22.437582716605572
2023-06-18 12:30:00,21.997806445775193
2023-06-18 13:00:00,21.77146614637645
2023-06-18 13:30:00,21.834130284581974
2023-06-18 14:00:00,21.364331565908387
2023-06-18 14:30:00,20.846014572221296
2023-06-18 15:00:00,20.480196669853445
2023-06-18 15:30:00,20.471968599678007
2023-06-18 16:00:00,20.710547398191952
2023-06-18 16:30:00,21.037035087719303
2023-06-18 17:00:00,21.51735964912281
2023-06-18 17:30:00,21.775719298245615
2023-06-18 18:00:00,21.603815789473686
2023-06-18 18:30:00,21.013333333333335
2023-06-18 19:00:00,20.13824561403509
2023-06-18 19:30:00,19.36701754385965
2023-06-18 20:00:00,18.615105263157897
2023-06-18 20:30:00,18.3201052631579
2023-06-18 21:00:00,18.02045614035088
2023-06-18 21:30:00,17.635894736842108
2023-06-18 22:00:00,17.194736842105264
2023-06-18 22:30:00,16.864912280701756
2023-06-18 23:00:00,16.763719298245615
2023-06-18 23:30:00,16.603122807017538
2023-06-20 00:00:00,17.729894736842105
2023-06-20 00:30:00,18.307649122807018
2023-06-20 01:00:00,18.637543859649124
2023-06-20 01:30:00,18.49189473684211
2023-06-20 02:00:00,17.846042678386073
2023-06-20 02:30:00,17.0605172156437
2023-06-20 03:00:00,17.143922310640743
2023-06-20 03:30:00,17.728359354226004
2023-06-20 04:00:00,19.47321819584953
2023-06-20 04:30:00,21.955353240402914
2023-06-20 05:00:00,25.121564896448202
2023-06-20 05:30:00,27.477705247325392
2023-06-20 06:00:00,29.030426887391044
2023-06-20 06:30:00,29.52947368421053
2023-06-20 07:00:00,29.744912280701758
2023-06-20 07:30:00,29.788350877192986
2023-06-20 08:00:00,29.70968421052632
2023-06-20 08:30:00,29.626140350877197
2023-06-20 09:00:00,29.54066666666667
2023-06-20 09:30:00,29.507555320820966
2023-06-20 10:00:00,29.146231270659502
2023-06-20 10:30:00,27.272144335636806
2023-06-20 11:00:00,24.575332321089434
2023-06-20 11:30:00,21.5213792149039
2023-06-20 12:00:00,19.621257840222317
2023-06-20 12:30:00,18.723333333333333
2023-06-20 13:00:00,18.26044542739047
2023-06-20 13:30:00,18.433778760723804
2023-06-20 14:00:00,18.930269988793977
2023-06-20 14:30:00,19.83516195719666
2023-06-20 15:00:00,20.481754385964916
2023-06-20 15:30:00,20.695087719298247
2023-06-20 16:00:00,20.940795727358775
2023-06-20 16:30:00,22.74815972356632
2023-06-20 17:00:00,25.40580400296892
2023-06-20 17:30:00,28.217247036988464
2023-06-20 18:00:00,29.486267998923505
2023-06-20 18:30:00,29.84821740285227
2023-06-20 19:00:00,30.026769081507396
2023-06-20 19:30:00,28.624518549226966
2023-06-20 20:00:00,25.79920345488
2023-06-20 20:30:00,22.59686418934308
2023-06-20 21:00:00,20.098239475075363
2023-06-20 21:30:00,19.148151755777114
2023-06-20 22:00:00,18.065748247005185
2023-06-20 22:30:00,17.03508084818508
2023-06-20 23:00:00,15.886157053205237
2023-06-20 23:30:00,14.711709257197066
2023-06-21 00:00:00,15.552701754385964
2023-06-21 00:30:00,16.11536842105263
2023-06-21 01:00:00,16.533684210526317
2023-06-21 01:30:00,16.708421052631582
2023-06-21 02:00:00,16.707368421052635
2023-06-21 02:30:00,17.08385964912281
2023-06-21 03:00:00,17.370526315789476
2023-06-21 03:30:00,17.557664625522516
2023-06-21 04:00:00,17.852174971102706
2023-06-21 04:30:00,18.19415318774064
2023-06-21 05:00:00,18.78713564388099
2023-06-21 05:30:00,18.90655842065114
2023-06-21 06:00:00,19.14008771929825
2023-06-21 06:30:00,19.72418010854673
2023-06-21 07:00:00,20.250097336828887
2023-06-21 07:30:00,20.514604306807307
2023-06-21 08:00:00,20.39002874101411
2023-06-21 08:30:00,19.96717273566939
2023-06-21 09:00:00,20.06287719298246
2023-06-21 09:30:00,20.318035087719302
2023-06-21 10:00:00,20.726877192982457
2023-06-21 10:30:00,20.780140350877193
2023-06-21 11:00:00,20.490929824561405
2023-06-21 11:30:00,20.18061403508772
2023-06-21 12:00:00,19.76482456140351
2023-06-21 12:30:00,19.31664912280702
2023-06-21 13:00:00,19.078452981347255
2023-06-21 13:30:00,19.194804439705347
2023-06-21 14:00:00,19.50436990265798
2023-06-21 14:30:00,19.655142394265194
2023-06-21 15:00:00,19.450849194123037
2023-06-21 15:30:00,19.42791222187037
2023-06-21 16:00:00,19.429030828239615
2023-06-21 16:30:00,19.521141324776078
2023-06-21 17:00:00,19.412653869123474
2023-06-21 17:30:00,19.557917027018217
2023-06-21 18:00:00,19.946740049376572
2023-06-21 18:30:00,20.71328162901456
2023-06-21 19:00:00,20.910653195702423
2023-06-21 19:30:00,20.61762936399469
2023-06-21 20:00:00,19.727658098145785
2023-06-21 20:30:00,19.00705470152965
2023-06-21 21:00:00,18.43463080880924
2023-06-21 21:30:00,17.535438207444802
2023-06-21 22:00:00,16.224412620149746
2023-06-21 22:30:00,14.854881786345983
2023-06-21 23:00:00,13.941964858653849
2023-06-21 23:30:00,13.314709008748252
2023-06-22 00:00:00,14.39859649122807
2023-06-22 00:30:00,15.509122807017546
2023-06-22 01:00:00,16.60982456140351
2023-06-22 01:30:00,17.668771929824562
2023-06-22 02:00:00,18.717192982456144
2023-06-22 02:30:00,20.11263157894737
2023-06-22 03:00:00,21.53047368421053
2023-06-22 03:30:00,22.708263157894738
2023-06-22 04:00:00,23.441788778629725
2023-06-22 04:30:00,24.20647020967095
2023-06-22 05:00:00,25.375249809734058
2023-06-22 05:30:00,25.36875144861102
2023-06-22 06:00:00,23.86535083887623
2023-06-22 06:30:00,21.73245643267499
2023-06-22 07:00:00,20.486089608044765
2023-06-22 07:30:00,20.270999225313364
2023-06-22 08:00:00,20.320855560659165
2023-06-22 08:30:00,20.770768047003816
2023-06-22 09:00:00,21.182740987350233
2023-06-22 09:30:00,21.51655592274966
2023-06-22 10:00:00,21.203924343802292
2023-06-22 10:30:00,20.987409644549178
2023-06-22 11:00:00,20.737947368421057
2023-06-22 11:30:00,20.539614035087723
2023-06-22 12:00:00,20.488912280701758
2023-06-22 12:30:00,20.807556064727212
2023-06-22 13:00:00,21.34603206415308
2023-06-22 13:30:00,21.575716274679394
2023-06-22 14:00:00,21.336077834679454
2023-06-22 14:30:00,20.77087719298246
2023-06-22 15:00:00,20.330175438596495
2023-06-22 15:30:00,20.200350877192985
2023-06-22 16:00:00,20.820987122001593
2023-06-22 16:30:00,21.805535423594893
2023-06-22 17:00:00,22.665535423594893
2023-06-22 17:30:00,23.052868533011164
2023-06-22 18:00:00,23.154580270748394
2023-06-22 18:30:00,23.10726580465467
2023-06-22 19:00:00,22.845230716935372
2023-06-22 19:30:00,22.34827642883887
2023-06-22 20:00:00,21.26340241949624
2023-06-22 20:30:00,19.905015820705867
2023-06-22 21:00:00,18.655405842144393
2023-06-22 21:30:00,17.938396127133853
2023-06-22 22:00:00,17.706274706594485
2023-06-22 22:30:00,17.774562787871513
2023-06-22 23:00:00,17.842923149007774
2023-06-22 23:30:00,17.975094984854152
2023-06-23 00:00:00,17.33343859649123
2023-06-23 00:30:00,17.017263157894735
2023-06-23 01:00:00,16.74939598384883
2023-06-23 01:30:00,16.861215405480493
2023-06-23 02:00:00,17.32788207214716
2023-06-23 02:30:00,18.02080037556883
2023-06-23 03:00:00,18.45484734463707
2023-06-23 03:30:00,18.90828070175439
2023-06-23 04:00:00,19.527017543859653
2023-06-23 04:30:00,20.55670096754083
2023-06-23 05:00:00,21.8832500058074
2023-06-23 05:30:00,22.862337725105647
2023-06-23 06:00:00,23.14996205093038
2023-06-23 06:30:00,22.684561403508777
2023-06-23 07:00:00,22.056842105263158
2023-06-23 07:30:00,21.349824561403512
2023-06-23 08:00:00,20.931153239850747
2023-06-23 08:30:00,20.76513177595857
2023-06-23 09:00:00,22.36519351695043
2023-06-23 09:30:00,25.137369319276647
2023-06-23 10:00:00,27.33438091077547
2023-06-23 10:30:00,26.516918027615137
2023-06-23 11:00:00,23.546113141198642
2023-06-23 11:30:00,21.00416563373805
2023-06-23 12:00:00,20.117581686311144
2023-06-23 12:30:00,19.94782456140351
2023-06-23 13:00:00,19.89690350877193
2023-06-23 13:30:00,19.90685964912281
2023-06-23 14:00:00,20.11864912280702
2023-06-23 14:30:00,20.318298245614038
2023-06-23 15:00:00,20.50519298245614
2023-06-23 15:30:00,20.66826315789474
2023-06-23 16:00:00,20.52124561403509
2023-06-23 16:30:00,20.284657894736846
2023-06-23 17:00:00,20.85063764714838
2023-06-23 17:30:00,21.74353122285015
2023-06-23 18:00:00,22.203899446610393
2023-06-23 18:30:00,21.72110259948346
2023-06-23 19:00:00,20.381496163676584
2023-06-23 19:30:00,19.814305572745095
2023-06-23 20:00:00,19.6202103258631
2023-06-23 20:30:00,19.677174855742432
2023-06-23 21:00:00,19.27266608381261
2023-06-23 21:30:00,18.481900105251615
2023-06-23 22:00:00,17.658024005795983
2023-06-23 22:30:00,16.951076175376233
2023-06-23 23:00:00,16.439748474799753
2023-06-23 23:30:00,16.012161033909813
2023-06-24 00:00:00,16.630174904107136
2023-06-24 00:30:00,16.265930247962785
2023-06-24 01:00:00,16.063842754824076
2023-06-24 01:30:00,16.473166502294635
2023-06-24 02:00:00,17.34093106488187
2023-06-24 02:30:00,18.495802929122526
2023-06-24 03:00:00,19.41718974319539
2023-06-24 03:30:00,20.054535032569408
2023-06-24 04:00:00,20.48126101819725
2023-06-24 04:30:00,20.716411880358198
2023-06-24 05:00:00,21.42457261052948
2023-06-24 05:30:00,22.110530857022955
2023-06-24 06:00:00,22.380465518663524
2023-06-24 06:30:00,22.255753042026402
2023-06-24 07:00:00,21.675190953286364
2023-06-24 07:30:00,21.490139056083706
2023-06-24 08:00:00,21.009310049225476
2023-06-24 08:30:00,20.932871452734247
2023-06-24 09:00:00,20.838803069081212
2023-06-24 09:30:00,20.705614035087724
2023-06-24 10:00:00,20.511701754385967
2023-06-24 10:30:00,20.53824561403509
2023-06-24 11:00:00,20.205657894736845
2023-06-24 11:30:00,20.04859649122807
2023-06-24 12:00:00,19.663049024937433
2023-06-24 12:30:00,19.343673185506095
2023-06-24 13:00:00,19.152954274839953
2023-06-24 13:30:00,18.841373041164946
2023-06-24 14:00:00,18.57353716525942
2023-06-24 14:30:00,18.323676531125162
2023-06-24 15:00:00,18.297450126368478
2023-06-24 15:30:00,18.819189270499887
2023-06-24 16:00:00,19.829817224199456
2023-06-24 16:30:00,20.868815348654845
2023-06-24 17:00:00,21.379878959992567
2023-06-24 17:30:00,20.801355661067554
2023-06-24 18:00:00,19.862928874259556
2023-06-24 18:30:00,19.49260565263877
2023-06-24 19:00:00,19.764260350831638
2023-06-24 19:30:00,20.645313625815785
2023-06-24 20:00:00,21.03595657648904
2023-06-24 20:30:00,20.71735820151631
2023-06-24 21:00:00,19.066768770813166
2023-06-24 21:30:00,17.121093305477583
2023-06-24 22:00:00,15.57948081700041
2023-06-24 22:30:00,15.132101674221218
2023-06-24 23:00:00,14.708045818449046
2023-06-24 23:30:00,14.366315789473681
2023-06-25 00:00:00,12.729378960614724
2023-06-25 00:30:00,12.412134577806597
2023-06-25 01:00:00,12.630037671424363
2023-06-25 01:30:00,13.906052092113244
2023-06-25 02:00:00,15.79665594493288
2023-06-25 02:30:00,17.213683678807516
2023-06-25 03:00:00,17.532938683740117
2023-06-25 03:30:00,17.3253291290508
2023-06-25 04:00:00,17.335823177841196
2023-06-25 04:30:00,18.204773574822084
2023-06-25 05:00:00,19.47928300349962
2023-06-25 05:30:00,20.76245614035088
2023-06-25 06:00:00,22.081754385964913
2023-06-25 06:30:00,23.323077768621005
2023-06-25 07:00:00,24.948306435901742
2023-06-25 07:30:00,25.904546812212462
2023-06-25 08:00:00,25.81478792633358
2023-06-25 08:30:00,24.479005659688415
2023-06-25 09:00:00,23.06974817398033
2023-06-25 09:30:00,21.691837112216117
2023-06-25 10:00:00,21.17082382633318
2023-06-25 10:30:00,20.89775125271577
2023-06-25 11:00:00,21.203508771929826
2023-06-25 11:30:00,21.108771929824567
2023-06-25 12:00:00,20.763157894736846
2023-06-25 12:30:00,20.240350877192984
2023-06-25 13:00:00,19.875605263157897
2023-06-25 13:30:00,19.16364912280702
2023-06-25 14:00:00,18.411798245614037
2023-06-25 14:30:00,17.906482456140353
2023-06-25 15:00:00,17.806675438596493
2023-06-25 15:30:00,17.687850877192986
2023-06-25 16:00:00,17.42387719298246
2023-06-25 16:30:00,17.145885964912285
2023-06-25 17:00:00,17.086833333333335
2023-06-25 17:30:00,17.401684210526316
2023-06-25 18:00:00,17.51205263157895
2023-06-25 18:30:00,17.60198245614035
2023-06-25 19:00:00,17.60228070175439
2023-06-25 19:30:00,17.881754385964914
2023-06-25 20:00:00,18.535545290989187
2023-06-25 20:30:00,19.283237072775442
2023-06-25 21:00:00,19.76678060650954
2023-06-25 21:30:00,19.36281587196045
2023-06-25 22:00:00,18.285974174675776
2023-06-25 22:30:00,16.886684433576995
2023-06-25 23:00:00,16.286684448834848
2023-06-25 23:30:00,15.954781301028005
2023-06-26 00:00:00,16.716001109103797
2023-06-26 00:30:00,15.741322397423772
2023-06-26 01:00:00,15.35318784895877
2023-06-26 01:30:00,15.4956109844998
2023-06-26 02:00:00,16.330604381088744
2023-06-26 02:30:00,17.22334463144587
2023-06-26 03:00:00,18.402105263157896
2023-06-26 03:30:00,19.200000000000003
2023-06-26 04:00:00,19.271497037520955
2023-06-26 04:30:00,18.866526084774843
2023-06-26 05:00:00,18.985447664460214
2023-06-26 05:30:00,19.63859840556699
2023-06-26 06:00:00,20.39944074184478
2023-06-26 06:30:00,20.77908735993215
2023-06-26 07:00:00,21.58227604943083
2023-06-26 07:30:00,21.87611879539676
2023-06-26 08:00:00,21.678827009831267
2023-06-26 08:30:00,20.993692193959188
2023-06-26 09:00:00,21.13290868945545
2023-06-26 09:30:00,21.016057812028397
2023-06-26 10:00:00,21.03450879322146
2023-06-26 10:30:00,20.46063215264712
2023-06-26 11:00:00,20.376473684210527
2023-06-26 11:30:00,19.98861403508772
2023-06-26 12:00:00,19.277106138455522
2023-06-26 12:30:00,18.70836534803416
2023-06-26 13:00:00,18.320611948316593
2023-06-26 13:30:00,18.114538075833966
2023-06-26 14:00:00,17.693293998308118
2023-06-26 14:30:00,17.374897567334344
2023-06-26 15:00:00,17.436957027854834
2023-06-26 15:30:00,17.7730950343982
2023-06-26 16:00:00,18.20520031528798
2023-06-26 16:30:00,18.863158253640503
2023-06-26 17:00:00,19.871247308586476
2023-06-26 17:30:00,20.589455985962335
2023-06-26 18:00:00,20.619683867035565
2023-06-26 18:30:00,20.347043914898332
2023-06-26 19:00:00,20.406210526315792
2023-06-26 19:30:00,20.577473684210528
2023-06-26 20:00:00,20.096140350877196
2023-06-26 20:30:00,18.862105263157897
2023-06-26 21:00:00,17.964007993253183
2023-06-26 21:30:00,17.16740185976324
2023-06-26 22:00:00,16.764586070289553
2023-06-26 22:30:00,16.117725463020303
2023-06-26 23:00:00,15.812684210526314
2023-06-26 23:30:00,15.752210526315784
2023-06-27 00:00:00,15.702526315789477
2023-06-27 00:30:00,15.546947368421053
2023-06-27 01:00:00,15.41122807017544
2023-06-27 01:30:00,15.61117384291798
2023-06-27 02:00:00,16.14599042592892
2023-06-27 02:30:00,16.888797443472782
2023-06-27 03:00:00,17.591253583823658
2023-06-27 03:30:00,18.168771929824562
2023-06-27 04:00:00,19.104912280701758
2023-06-27 04:30:00,20.357543859649127
2023-06-27 05:00:00,21.82245614035088
2023-06-27 05:30:00,22.277048991970357
2023-06-27 06:00:00,22.237732548313357
2023-06-27 06:30:00,21.478083425506338
2023-06-27 07:00:00,21.00404833778704
2023-06-27 07:30:00,20.2340350877193
2023-06-27 08:00:00,19.79228070175439
2023-06-27 08:30:00,19.698947368421056
2023-06-27 09:00:00,20.245017543859653
2023-06-27 09:30:00,20.584210284555134
2023-06-27 10:00:00,20.74585198063793
2023-06-27 10:30:00,21.34762250193369
2023-06-27 11:00:00,22.429464741785313
2023-06-27 11:30:00,22.41870101276805
2023-06-27 12:00:00,21.819063065081128
2023-06-27 12:30:00,20.430124108731956
2023-06-27 13:00:00,20.644982456140355
2023-06-27 13:30:00,21.199368421052636
2023-06-27 14:00:00,22.9219819844516
2023-06-27 14:30:00,23.510418341574304
2023-06-27 15:00:00,24.130194337950783
2023-06-27 15:30:00,23.603660963588
2023-06-27 16:00:00,23.822974935943552
2023-06-27 16:30:00,22.57186810196582
2023-06-27 17:00:00,22.20807453153839
2023-06-27 17:30:00,22.27902175545329
2023-06-27 18:00:00,23.66592805581226
2023-06-27 18:30:00,23.35603993543903
2023-06-27 19:00:00,22.189535533284626
2023-06-27 19:30:00,20.788228145607782
2023-06-27 20:00:00,20.854315895338903
2023-06-27 20:30:00,21.105882181187628
2023-06-27 21:00:00,21.141403508771933
2023-06-27 21:30:00,20.75408947343096
2023-06-27 22:00:00,19.901291226550665
2023-06-27 22:30:00,18.7975894721647
2023-06-27 23:00:00,17.64316631457386
2023-06-27 23:30:00,16.450172281157606
2023-06-28 00:00:00,16.407543859649124
2023-06-28 00:30:00,15.807719298245615
2023-06-28 01:00:00,15.364912280701754
2023-06-28 01:30:00,15.483921493923381
2023-06-28 02:00:00,16.324805779468857
2023-06-28 02:30:00,17.54410402508289
2023-06-28 03:00:00,17.96249324469903
2023-06-28 03:30:00,17.866517001622487
2023-06-28 04:00:00,17.829680891865774
2023-06-28 04:30:00,18.366375405580566
2023-06-28 05:00:00,19.51055217545795
2023-06-28 05:30:00,20.79392406923043
2023-06-28 06:00:00,22.0671001373635
2023-06-28 06:30:00,23.68635639529852
2023-06-28 07:00:00,25.83764393420712
2023-06-28 07:30:00,27.81078936633243
2023-06-28 08:00:00,28.748127321727917
2023-06-28 08:30:00,27.80126388916354
2023-06-28 09:00:00,25.959039706322486
2023-06-28 09:30:00,23.793472219164283
2023-06-28 10:00:00,22.30551588076302
2023-06-28 10:30:00,21.366919389534953
2023-06-28 11:00:00,20.936755881446583
2023-06-28 11:30:00,20.728771929824564
2023-06-28 12:00:00,20.721271929824564
2023-06-28 12:30:00,21.09829824561404
2023-06-28 13:00:00,21.606368421052636
2023-06-28 13:30:00,21.97656140350877
2023-06-28 14:00:00,22.06436842105263
2023-06-28 14:30:00,21.595596491228076
2023-06-28 15:00:00,21.24662280701755
2023-06-28 15:30:00,21.278289473684215
2023-06-28 16:00:00,21.475854764625847
2023-06-28 16:30:00,21.532383867741927
2023-06-28 17:00:00,21.090565186659298
2023-06-28 17:30:00,21.35465243630254
2023-06-28 18:00:00,22.569844442252947
2023-06-28 18:30:00,25.028871490220908
2023-06-28 19:00:00,27.328522455391262
2023-06-28 19:30:00,28.252489272105365
2023-06-28 20:00:00,27.27892851562615
2023-06-28 20:30:00,24.81156475179861
2023-06-28 21:00:00,22.13748844047875
2023-06-28 21:30:00,19.925964012088667
2023-06-28 22:00:00,18.649122807017548
2023-06-28 22:30:00,17.831929824561406
2023-06-28 23:00:00,17.650491228070177
2023-06-28 23:30:00,17.507578947368426
2023-06-29 00:00:00,17.75982456140351
30:00,2
2023-06-29 01:00:00,16.18666666666667
2023-06-29 01:30:00,16.448771929824563
2023-06-29 02:00:00,17.576140350877193
2023-06-29 02:30:00,18.36838596491228
2023-06-29 03:00:00,18.42784210526316
2023-06-29 03:30:00,18.118368421052633
2023-06-29 04:00:00,18.39374561403509
2023-06-29 04:30:00,19.895394966267634
2023-06-29 05:00:00,21.699746581548848
2023-06-29 05:30:00,23.478571499179157
2023-06-29 06:00:00,23.68138008865149
2023-06-29 06:30:00,23.118123341357744
2023-06-29 07:00:00,22.15535991629291
2023-06-29 07:30:00,21.76200377504303
2023-06-29 08:00:00,21.826045047004012
2023-06-29 08:30:00,22.067935254544988
2023-06-29 09:00:00,22.189172503931506
2023-06-29 09:30:00,21.858971049623666
2023-06-29 10:00:00,21.68178305586839
2023-06-29 10:30:00,21.48318656464032
2023-06-29 11:00:00,21.866124941408298
2023-06-29 11:30:00,22.5263850369045
2023-06-29 12:00:00,23.890946440413273
2023-06-29 12:30:00,24.264762229886955
2023-06-29 13:00:00,25.54673686069641
2023-06-29 13:30:00,26.801079468258266
2023-06-29 14:00:00,28.50037104479971
2023-06-29 14:30:00,28.653020484089794
2023-06-29 15:00:00,26.716520869346883
2023-06-29 15:30:00,24.34491311277306
2023-06-29 16:00:00,22.634588533265738
2023-06-29 16:30:00,22.23875346238238
2023-06-29 17:00:00,22.19540537649985
2023-06-29 17:30:00,23.056560855248076
2023-06-29 18:00:00,22.976758541678674
2023-06-29 18:30:00,24.675983142456726
2023-06-29 19:00:00,24.69282493131425
2023-06-29 19:30:00,26.1128195774623
2023-06-29 20:00:00,25.41288150472052
2023-06-29 20:30:00,23.935530982160586
2023-06-29 21:00:00,21.760547340923207
2023-06-29 21:30:00,20.20623452615474
2023-06-29 22:00:00,20.456003648156486
2023-06-29 22:30:00,19.91951242008631
2023-06-29 23:00:00,18.467399409753256
2023-06-29 23:30:00,16.085690133623228
2023-06-30 00:00:00,15.206533221592245
2023-06-30 00:30:00,14.825655377300492
2023-06-30 01:00:00,14.392662723653105
2023-06-30 01:30:00,14.221192193521597
2023-06-30 02:00:00,14.45347062874483
2023-06-30 02:30:00,15.403157894736845
2023-06-30 03:00:00,16.701754385964914
2023-06-30 03:30:00,18.386736842105268
2023-06-30 04:00:00,20.638619265787074
2023-06-30 04:30:00,23.752741862905253
2023-06-30 05:00:00,25.124429516201104
2023-06-30 05:30:00,24.66713231745609
2023-06-30 06:00:00,22.574424447659464
2023-06-30 06:30:00,21.24384742106893
2023-06-30 07:00:00,20.214938596491233
2023-06-30 07:30:00,18.718885964912282
2023-06-30 08:00:00,17.657026315789476
2023-06-30 08:30:00,17.502480982036708
2023-06-30 09:00:00,17.39132323833977
2023-06-30 09:30:00,17.75110747876464
2023-06-30 10:00:00,18.808339159359377
2023-06-30 10:30:00,20.30226614546697
2023-06-30 11:00:00,20.98481510456644
2023-06-30 11:30:00,20.40339141520297
2023-06-30 12:00:00,20.438649122807018
2023-06-30 12:30:00,22.334990359199242
2023-06-30 13:00:00,24.0664249552442
2023-06-30 13:30:00,24.762043057828578
2023-06-30 14:00:00,23.65537334870457
2023-06-30 14:30:00,21.94608695754842
2023-06-30 15:00:00,20.69300020413161
2023-06-30 15:30:00,19.989346768521397
2023-06-30 16:00:00,20.524739677760255
2023-06-30 16:30:00,22.236808919490887
2023-06-30 17:00:00,22.18234143734985
2023-06-30 17:30:00,21.136072180101703
2023-06-30 18:00:00,19.827898029067924
2023-06-30 18:30:00,20.064086364744558
2023-06-30 19:00:00,20.498004165992274
2023-06-30 19:30:00,19.92637418418096
2023-06-30 20:00:00,19.284578947368427
2023-06-30 20:30:00,19.339102092430092
2023-06-30 21:00:00,19.683356478395005
2023-06-30 21:30:00,19.97563718014939
2023-06-30 22:00:00,20.07108572885531
2023-06-30 22:30:00,19.80666666666667
2023-06-30 23:00:00,19.413343859649128
2023-06-30 23:30:00,19.00801578947369
2023-07-01 00:00:00,18.56770924708194
2023-07-01 00:30:00,17.12575091357682
2023-07-01 01:00:00,16.29727325801154
2023-07-01 01:30:00,16.068689891773474
2023-07-01 02:00:00,16.972031764975863
2023-07-01 02:30:00,17.82701754385965
2023-07-01 03:00:00,18.59368421052632
2023-07-01 03:30:00,19.748771929824564
2023-07-01 04:00:00,21.208771929824564
2023-07-01 04:30:00,22.7769386977709
2023-07-01 05:00:00,24.466895344520097
2023-07-01 05:30:00,25.785140958555186
2023-07-01 06:00:00,27.3647900813622
2023-07-01 06:30:00,28.466578947368422
2023-07-01 07:00:00,29.312423463528432
2023-07-01 07:30:00,29.429549445934494
2023-07-01 08:00:00,27.57336558280802
2023-07-01 08:30:00,25.095411259089072
2023-07-01 09:00:00,22.33840716101904
2023-07-01 09:30:00,20.619405818257096
2023-07-01 10:00:00,19.677349995760157
2023-07-01 10:30:00,19.432529487252996
2023-07-01 11:00:00,19.48491228070176
2023-07-01 11:30:00,19.718596491228073
2023-07-01 12:00:00,19.54947368421053
2023-07-01 12:30:00,19.770877192982457
2023-07-01 13:00:00,20.08855263157895
2023-07-01 13:30:00,20.520087719298246
2023-07-01 14:00:00,20.728157894736846
2023-07-01 14:30:00,21.273421052631583
2023-07-01 15:00:00,22.346017010488694
2023-07-01 15:30:00,23.771891336271874
2023-07-01 16:00:00,26.131855596696976
2023-07-01 16:30:00,28.198452985961968
2023-07-01 17:00:00,29.43976748720897
2023-07-01 17:30:00,28.226218328551983
2023-07-01 18:00:00,25.621198355825403
2023-07-01 18:30:00,23.667777827501457
2023-07-01 19:00:00,22.477019163083877
2023-07-01 19:30:00,22.135133672978355
2023-07-01 20:00:00,21.61859649122807
2023-07-01 20:30:00,20.974229175972397
2023-07-01 21:00:00,20.89015621537069
2023-07-01 21:30:00,20.770279937952115
2023-07-01 22:00:00,20.738228141839368
2023-07-01 22:30:00,20.027221069532754
2023-07-01 23:00:00,19.555524311042813
2023-07-01 23:30:00,19.15421378472702
2023-07-02 00:00:00,17.205192982456143
2023-07-02 00:30:00,16.93901754385965
2023-07-02 01:00:00,17.07508771929825
2023-07-02 01:30:00,17.546315789473685
2023-07-02 02:00:00,18.417894736842104
2023-07-02 02:30:00,19.425263157894737
2023-07-02 03:00:00,20.318412280701757
2023-07-02 03:30:00,21.30034210526316
2023-07-02 04:00:00,22.515467956821258
2023-07-02 04:30:00,23.11911695307269
2023-07-02 05:00:00,23.33882747938848
2023-07-02 05:30:00,22.96046819603255
2023-07-02 06:00:00,22.677254385964915
2023-07-02 06:30:00,22.598736842105268
2023-07-02 07:00:00,22.64478070175439
2023-07-02 07:30:00,22.858000000000004
2023-07-02 08:00:00,23.287578947368427
2023-07-02 08:30:00,23.85021052631579
2023-07-02 09:00:00,23.97238596491228
2023-07-02 09:30:00,23.644640350877197
2023-07-02 10:00:00,22.778947368421058
2023-07-02 10:30:00,22.85458963635546
2023-07-02 11:00:00,23.572163401377413
2023-07-02 11:30:00,24.276324875895142
2023-07-02 12:00:00,23.593012234020808
2023-07-02 12:30:00,22.602762627748728
2023-07-02 13:00:00,21.818561123671817
2023-07-02 13:30:00,22.023560859385228
2023-07-02 14:00:00,22.085768600314477
2023-07-02 14:30:00,22.606872019406513
2023-07-02 15:00:00,24.28268221952068
2023-07-02 15:30:00,26.860826785914515
2023-07-02 16:00:00,28.599902262085337
2023-07-02 16:30:00,28.326138969882265
2023-07-02 17:00:00,27.296330104836716
2023-07-02 17:30:00,26.144721261030053
2023-07-02 18:00:00,27.54087328265254
2023-07-02 18:30:00,27.53748614516859
2023-07-02 19:00:00,27.61807333358139
2023-07-02 19:30:00,26.427143953868125
2023-07-02 20:00:00,24.60283601867768
2023-07-02 20:30:00,23.671339683319587
2023-07-02 21:00:00,22.047192982456142
2023-07-02 21:30:00,21.49179824561404
2023-07-02 22:00:00,20.697719298245616
2023-07-02 22:30:00,20.045964912280706
2023-07-02 23:00:00,19.793047368421053
2023-07-02 23:30:00,19.792062280701753
2023-07-03 00:00:00,18.536631578947375
2023-07-03 00:30:00,18.045740885492176
2023-07-03 01:00:00,17.81413493717828
2023-07-03 01:30:00,18.16395949858179
2023-07-03 02:00:00,19.23856274004623
2023-07-03 02:30:00,20.65340863111395
2023-07-03 03:00:00,22.290676911350715
2023-07-03 03:30:00,23.751086202357257
2023-07-03 04:00:00,25.924367457593494
2023-07-03 04:30:00,28.036268279531544
2023-07-03 05:00:00,29.489628651554977
2023-07-03 05:30:00,29.337890046379485
2023-07-03 06:00:00,28.458971709497906
2023-07-03 06:30:00,27.60758875632563
2023-07-03 07:00:00,26.4352554229923
2023-07-03 07:30:00,25.30661540457305
2023-07-03 08:00:00,23.90376282862238
2023-07-03 08:30:00,23.93384536423906
2023-07-03 09:00:00,24.21231985386864
2023-07-03 09:30:00,24.741699256605628
2023-07-03 10:00:00,24.648384362897847
2023-07-03 10:30:00,23.891631578947372
2023-07-03 11:00:00,23.218482456140354
2023-07-03 11:30:00,22.32745614035088
2023-07-03 12:00:00,21.710877192982462
2023-07-03 12:30:00,21.474157894736845
2023-07-03 13:00:00,20.819045515486327
2023-07-03 13:30:00,20.482985911560675
2023-07-03 14:00:00,20.298599946648395
2023-07-03 14:30:00,21.1161667619757
2023-07-03 15:00:00,22.96780692996563
2023-07-03 15:30:00,24.209442952586027
2023-07-03 16:00:00,24.811344369969202
2023-07-03 16:30:00,24.07591134535981
2023-07-03 17:00:00,23.6036839021109
2023-07-03 17:30:00,23.719999019148542
2023-07-03 18:00:00,23.883910141844535
2023-07-03 18:30:00,23.745400988718107
2023-07-03 19:00:00,22.992840425227282
2023-07-03 19:30:00,22.290175438596492
2023-07-03 20:00:00,21.816491228070177
2023-07-03 20:30:00,21.369122807017547
2023-07-03 21:00:00,21.078912280701758
2023-07-03 21:30:00,20.26259649122807
2023-07-03 22:00:00,19.571719298245615
2023-07-03 22:30:00,19.53768421052632
2023-07-03 23:00:00,19.64582456140351
2023-07-03 23:30:00,19.989614035087722
2023-07-04 00:00:00,18.367298245614034
2023-07-04 00:30:00,18.89656140350877
2023-07-04 01:00:00,19.12385964912281
2023-07-04 01:30:00,19.187368421052636
2023-07-04 02:00:00,19.85789473684211
2023-07-04 02:30:00,21.050175438596494
2023-07-04 03:00:00,22.522105263157897
2023-07-04 03:30:00,23.796842105263156
2023-07-04 04:00:00,25.680350877192982
2023-07-04 04:30:00,27.6940350877193
2023-07-04 05:00:00,29.64947368421053
2023-07-04 05:30:00,30.37220175438597
2023-07-04 06:00:00,30.583350877192984
2023-07-04 06:30:00,30.515631578947367
2023-07-04 07:00:00,30.369385964912283
2023-07-04 07:30:00,30.010929824561405
2023-07-04 08:00:00,29.116068024548227
2023-07-04 08:30:00,27.19309353914018
2023-07-04 09:00:00,26.455325074310025
2023-07-04 09:30:00,26.45207382428025
2023-07-04 10:00:00,26.806727612894104
2023-07-04 10:30:00,25.843197163702996
2023-07-04 11:00:00,24.434035087719298
2023-07-04 11:30:00,23.52140350877193
2023-07-04 12:00:00,23.051578947368426
2023-07-04 12:30:00,22.045614035087723
2023-07-04 13:00:00,21.22140350877193
2023-07-04 13:30:00,21.241403508771935
2023-07-04 14:00:00,21.215157894736844
2023-07-04 14:30:00,21.310807017543862
2023-07-04 15:00:00,21.676538237038287
2023-07-04 15:30:00,24.20414177640471
2023-07-04 16:00:00,27.0407632292921
2023-07-04 16:30:00,29.203425295992123
2023-07-04 17:00:00,29.156981354990403
2023-07-04 17:30:00,28.996832296561603
2023-07-04 18:00:00,28.89623381376944
2023-07-04 18:30:00,28.97972727626262
2023-07-04 19:00:00,27.299266396025534
2023-07-04 19:30:00,24.806472498529605
2023-07-04 20:00:00,22.877796825697015
2023-07-04 20:30:00,22.462311332105784
2023-07-04 21:00:00,23.731126265352042
2023-07-04 21:30:00,24.904863389011172
2023-07-04 22:00:00,24.75671731003871
2023-07-04 22:30:00,23.512830003406734
2023-07-04 23:00:00,21.920986033523267
2023-07-04 23:30:00,20.36411836121815
2023-07-05 00:00:00,21.506456140350878
2023-07-05 00:30:00,20.375298245614037
2023-07-05 01:00:00,19.67974561403509
2023-07-05 01:30:00,19.319833333333335
2023-07-05 02:00:00,19.86824561403509
2023-07-05 02:30:00,20.83385964912281
2023-07-05 03:00:00,22.079982456140353
2023-07-05 03:30:00,23.418596491228072
2023-07-05 04:00:00,24.315087719298248
2023-07-05 04:30:00,24.936842105263164
2023-07-05 05:00:00,25.335438596491233
2023-07-05 05:30:00,26.322762391932176
2023-07-05 06:00:00,27.74916566976829
2023-07-05 06:30:00,28.824866949670064
2023-07-05 07:00:00,27.941434092393575
2023-07-05 07:30:00,26.278777514218177
2023-07-05 08:00:00,24.636325810445328
2023-07-05 08:30:00,23.763172985258148
2023-07-05 09:00:00,23.428987012876988
2023-07-05 09:30:00,23.282456140350877
2023-07-05 10:00:00,23.922456140350878
2023-07-05 10:30:00,25.49235946031671
2023-07-05 11:00:00,27.142206785961047
2023-07-05 11:30:00,28.543630528658984
2023-07-05 12:00:00,27.595520973939227
2023-07-05 12:30:00,25.791459763416132
2023-07-05 13:00:00,23.672050155946735
2023-07-05 13:30:00,22.436140350877196
2023-07-05 14:00:00,21.62868133300088
2023-07-05 14:30:00,22.032284081723503
2023-07-05 15:00:00,22.289213002154124
2023-07-05 15:30:00,23.76939142765278
2023-07-05 16:00:00,25.567594590506
2023-07-05 16:30:00,26.27389323523956
2023-07-05 17:00:00,25.484140367712897
2023-07-05 17:30:00,23.191206787126827
2023-07-05 18:00:00,22.404360046042978
2023-07-05 18:30:00,22.96315789473685
2023-07-05 19:00:00,23.881835536181168
2023-07-05 19:30:00,23.916705523332393
2023-07-05 20:00:00,23.51795881543047
2023-07-05 20:30:00,23.047645816856
2023-07-05 21:00:00,23.053253130162545
2023-07-05 21:30:00,23.349947368421056
2023-07-05 22:00:00,23.119771929824566
2023-07-05 22:30:00,22.13084210526316
2023-07-05 23:00:00,20.809894736842104
2023-07-05 23:30:00,19.309754385964904
2023-07-06 00:00:00,19.110825847373174
2023-07-06 00:30:00,18.914964807754057
2023-07-06 01:00:00,18.917391692182232
2023-07-06 01:30:00,18.987918007971704
2023-07-06 02:00:00,19.387801848077356
2023-07-06 02:30:00,20.05139650631964
2023-07-06 03:00:00,20.679006363903635
2023-07-06 03:30:00,21.062866013026444
2023-07-06 04:00:00,21.01073125212726
2023-07-06 04:30:00,20.954680069487853
2023-07-06 05:00:00,21.126676908155194
2023-07-06 05:30:00,21.800688057683946
2023-07-06 06:00:00,22.578534918144964
2023-07-06 06:30:00,23.234226583420778
2023-07-06 07:00:00,23.435905249658394
2023-07-06 07:30:00,23.680526498643527
2023-07-06 08:00:00,24.239156426333736
2023-07-06 08:30:00,25.05548885185905
2023-07-06 09:00:00,24.78048246068187
2023-07-06 09:30:00,23.49596965288535
2023-07-06 10:00:00,21.883997712812597
2023-07-06 10:30:00,20.885964912280702
2023-07-06 11:00:00,20.629824561403513
2023-07-06 11:30:00,20.62701754385965
2023-07-06 12:00:00,21.23752927574585
2023-07-06 12:30:00,22.42314657326445
2023-07-06 13:00:00,23.22853666464897
2023-07-06 13:30:00,23.042934682957764
2023-07-06 14:00:00,21.86099960985909
2023-07-06 14:30:00,20.802368421052634
2023-07-06 15:00:00,20.561982456140353
2023-07-06 15:30:00,20.95366666666667
2023-07-06 16:00:00,21.53401754385965
2023-07-06 16:30:00,22.07483424237812
2023-07-06 17:00:00,22.7656621268594
2023-07-06 17:30:00,23.23293878130899
2023-07-06 18:00:00,23.053351997062254
2023-07-06 18:30:00,22.100101492700972
2023-07-06 19:00:00,22.064537073276245
2023-07-06 19:30:00,22.43931036102767
2023-07-06 20:00:00,23.097975802330755
2023-07-06 20:30:00,22.68848373834342
2023-07-06 21:00:00,22.53388935895767
2023-07-06 21:30:00,21.67665541142546
2023-07-06 22:00:00,21.490569466949424
2023-07-06 22:30:00,20.906365664266943
2023-07-06 23:00:00,20.37098245614035
2023-07-06 23:30:00,19.61650877192982
2023-07-09 00:00:00,17.027427547768493
2023-07-09 00:30:00,18.643231755566365
2023-07-09 01:00:00,19.363557726852118
2023-07-09 01:30:00,19.371898419524282
2023-07-09 02:00:00,19.859973758422015
2023-07-09 02:30:00,21.25313250951879
2023-07-09 03:00:00,21.924859762730637
2023-07-09 03:30:00,21.68485976273064
2023-07-09 04:00:00,21.128039580446906
2023-07-09 04:30:00,21.20951407231669
2023-07-09 05:00:00,22.27951407231669
2023-07-09 05:30:00,24.275248300390796
2023-07-09 06:00:00,26.65761267156738
2023-07-09 06:30:00,27.536209162795455
2023-07-09 07:00:00,26.717944580483476
2023-07-09 07:30:00,25.182352515969182
2023-07-09 08:00:00,23.686689307052543
2023-07-09 08:30:00,22.959043307032044
2023-07-09 09:00:00,22.01730467309046
2023-07-09 09:30:00,21.561416363724778
2023-07-09 10:00:00,22.076047942672147
2023-07-09 10:30:00,22.502628453009496
2023-07-09 11:00:00,22.364912280701756
2023-07-09 11:30:00,21.538596491228073
2023-07-09 12:00:00,21.051165982870728
2023-07-09 12:30:00,21.953068744262605
2023-07-09 13:00:00,23.77419624642982
2023-07-09 13:30:00,25.49861903963503
2023-07-09 14:00:00,26.41159704203801
2023-07-09 14:30:00,26.016487334061036
2023-07-09 15:00:00,24.698966862069764
2023-07-09 15:30:00,23.248365822040867
2023-07-09 16:00:00,22.261236842105262
2023-07-09 16:30:00,21.867473684210527
2023-07-09 17:00:00,21.85659649122807
2023-07-09 17:30:00,21.67475457338766
2023-07-09 18:00:00,21.77216997879026
2023-07-09 18:30:00,22.01244190861482
2023-07-09 19:00:00,22.34622882292027
2023-07-09 19:30:00,23.031624572969793
2023-07-09 20:00:00,25.00754820275097
2023-07-09 20:30:00,27.207396610921574
2023-07-09 21:00:00,29.104358272681875
2023-07-09 21:30:00,29.422817450926875
2023-07-09 22:00:00,29.019876530886396
2023-07-09 22:30:00,27.442570773995325
2023-07-09 23:00:00,24.837400159764517
2023-07-09 23:30:00,21.546760957244484
2023-07-10 00:00:00,16.79316157102828
2023-07-10 00:30:00,16.778648888279733
2023-07-10 01:00:00,16.75726686590232
2023-07-10 01:30:00,16.450980106662936
2023-07-10 02:00:00,16.271883615434863
2023-07-10 02:30:00,16.647178649822695
2023-07-10 03:00:00,17.794853481930925
2023-07-10 03:30:00,20.035668491337557
2023-07-10 04:00:00,22.709890265444272
2023-07-10 04:30:00,25.841133227649973
2023-07-10 05:00:00,28.359059535137998
2023-07-10 05:30:00,29.774403612565123
2023-07-10 06:00:00,30.263842105263162
2023-07-10 06:30:00,30.40184210526316
2023-07-10 07:00:00,30.566421052631583
2023-07-10 07:30:00,30.549614035087725
2023-07-10 08:00:00,30.499931794718076
2023-07-10 08:30:00,30.161698892926143
2023-07-10 09:00:00,29.42448836661036
2023-07-10 09:30:00,27.752947907847812
2023-07-10 10:00:00,25.418376637881053
2023-07-10 10:30:00,23.414652967992208
2023-07-10 11:00:00,21.774267003079927
2023-07-10 11:30:00,21.113164343016717
2023-07-10 12:00:00,20.788741282929404
2023-07-10 12:30:00,21.45890915991808
2023-07-10 13:00:00,23.60051285387088
2023-07-10 13:30:00,24.040145061721176
2023-07-10 14:00:00,24.16344945707168
2023-07-10 14:30:00,23.439819159270822
2023-07-10 15:00:00,24.452124799416648
2023-07-10 15:30:00,26.784912280701757
2023-07-10 16:00:00,28.54757900589111
2023-07-10 16:30:00,29.83642122819964
2023-07-10 17:00:00,30.10418981048022
2023-07-10 17:30:00,29.752558743186892
2023-07-10 18:00:00,27.865703661503915
2023-07-10 18:30:00,25.528580854486375
2023-07-10 19:00:00,23.007180080395432
2023-07-10 19:30:00,21.726967448169905
2023-07-10 20:00:00,20.959714242261427
2023-07-10 20:30:00,20.774470551915602
2023-07-10 21:00:00,21.564372276361627
2023-07-10 21:30:00,22.682967510186888
2023-07-10 22:00:00,23.051895452260265
2023-07-10 22:30:00,22.925047608028393
2023-07-10 23:00:00,22.22767261499068
2023-07-10 23:30:00,22.35065317730178
2023-07-11 00:00:00,19.609547913620858
2023-07-11 00:30:00,18.499395916585446
2023-07-11 01:00:00,17.73964912280702
2023-07-11 01:30:00,18.077894736842108
2023-07-11 02:00:00,19.656491228070177
2023-07-11 02:30:00,21.915789473684214
2023-07-11 03:00:00,24.425614035087722
2023-07-11 03:30:00,27.016491228070176
2023-07-11 04:00:00,29.081447368421056
2023-07-11 04:30:00,30.467940916495635
2023-07-11 05:00:00,30.824671762314267
2023-07-11 05:30:00,30.951628336692906
2023-07-11 06:00:00,30.62722482792098
2023-07-11 06:30:00,30.159178860197326
2023-07-11 07:00:00,29.59163157894737
2023-07-11 07:30:00,29.304561403508774
2023-07-11 08:00:00,29.323291210338116
2023-07-11 08:30:00,28.336501009340846
2023-07-11 09:00:00,25.885974693551372
2023-07-11 09:30:00,23.43932123869763
2023-07-11 10:00:00,21.89400151730076
2023-07-11 10:30:00,22.53584188908917
2023-07-11 11:00:00,24.513535436361863
2023-07-11 11:30:00,27.0703445120927
2023-07-11 12:00:00,29.35521371221215
2023-07-11 12:30:00,30.476192982456144
2023-07-11 13:00:00,30.734502518295525
2023-07-11 13:30:00,30.726092755889283
2023-07-11 14:00:00,30.673364685713846
2023-07-11 14:30:00,30.5278016033414
2023-07-11 15:00:00,30.34570175438597
2023-07-11 15:30:00,29.89330701754386
2023-07-11 16:00:00,29.49532456140351
2023-07-11 16:30:00,29.038
00:00,3
2023-07-11 17:30:00,26.133147535808334
2023-07-11 18:00:00,25.194176805120694
2023-07-11 18:30:00,25.264338641860807
2023-07-11 19:00:00,25.386344552873926
2023-07-11 19:30:00,24.065474109362416
2023-07-11 20:00:00,22.124573022501554
2023-07-11 20:30:00,20.012303476621636
2023-07-11 21:00:00,18.24423330118304
2023-07-11 21:30:00,17.316241839480334
2023-07-11 22:00:00,16.91308963006226
2023-07-11 22:30:00,17.725096006918516
2023-07-11 23:00:00,20.095802150212013
2023-07-11 23:30:00,23.19874728091895
2023-07-12 00:00:00,22.968897720097072
2023-07-12 00:30:00,21.32894256043988
2023-07-12 01:00:00,19.962927382088285
2023-07-12 01:30:00,19.086758782390472
2023-07-12 02:00:00,18.808524989642997
2023-07-12 02:30:00,18.970234302553166
2023-07-12 03:00:00,19.58527914876513
2023-07-12 03:30:00,20.79887610811932
2023-07-12 04:00:00,21.62903105857879
2023-07-12 04:30:00,21.81745211121037
2023-07-12 05:00:00,21.687871551042758
2023-07-12 05:30:00,21.807689938530434
2023-07-12 06:00:00,21.923479412214647
2023-07-12 06:30:00,21.518216254319913
2023-07-12 07:00:00,20.888854429708505
2023-07-12 07:30:00,20.699371995760657
2023-07-12 08:00:00,20.912776874323143
2023-07-12 08:30:00,21.118845004782038
2023-07-12 09:00:00,21.137061756542394
2023-07-12 09:30:00,20.927234455557777
2023-07-12 10:00:00,20.770359197539037
2023-07-12 10:30:00,20.717578947368423
2023-07-12 11:00:00,21.147531579007865
2023-07-12 11:30:00,21.303732135661736
2023-07-12 12:00:00,21.59667950408279
2023-07-12 12:30:00,20.977137809584296
2023-07-12 13:00:00,20.66009565249775
2023-07-12 13:30:00,20.497306178813542
2023-07-12 14:00:00,21.016732036775192
2023-07-12 14:30:00,21.94112538694186
2023-07-12 15:00:00,22.276639667250546
2023-07-12 15:30:00,22.57578281646592
2023-07-12 16:00:00,22.794500980052415
2023-07-12 16:30:00,23.23485371091797
2023-07-12 17:00:00,22.95566786965175
2023-07-12 17:30:00,22.185897137814234
2023-07-12 18:00:00,21.422586888739914
2023-07-12 18:30:00,21.090204354620436
2023-07-12 19:00:00,20.948391672893987
2023-07-12 19:30:00,20.484448142016173
2023-07-12 20:00:00,19.842860983908285
2023-07-12 20:30:00,18.977124023335694
2023-07-12 21:00:00,18.45943534056723
2023-07-12 21:30:00,18.244912280701755
2023-07-12 22:00:00,18.151929824561407
2023-07-12 22:30:00,17.79087719298246
2023-07-12 23:00:00,17.453122807017547
2023-07-12 23:30:00,17.278982456140344
2023-07-13 00:00:00,15.992152437490342
2023-07-13 00:30:00,15.340605781807833
2023-07-13 01:00:00,14.812389603528757
2023-07-13 01:30:00,14.898642685429772
2023-07-13 02:00:00,15.964112900540906
2023-07-13 02:30:00,18.353383382769678
2023-07-13 03:00:00,21.202557842576216
2023-07-13 03:30:00,22.754741514805044
2023-07-13 04:00:00,22.87529986792448
2023-07-13 04:30:00,22.97160123938868
2023-07-13 05:00:00,23.819138103798412
2023-07-13 05:30:00,25.53154488581153
2023-07-13 06:00:00,27.60698290807389
2023-07-13 06:30:00,29.136063247412142
2023-07-13 07:00:00,30.47428274626992
2023-07-13 07:30:00,30.67929824561404
2023-07-13 08:00:00,30.35263157894737
2023-07-13 08:30:00,29.839973487493015
2023-07-13 09:00:00,28.469420659196555
2023-07-13 09:30:00,26.311175045161463
2023-07-13 10:00:00,24.100315527183668
2023-07-13 10:30:00,22.42701754385965
2023-07-13 11:00:00,21.536842105263162
2023-07-13 11:30:00,21.156842105263163
2023-07-13 12:00:00,20.938596491228072
2023-07-13 12:30:00,21.040000000000003
2023-07-13 13:00:00,20.896140350877197
2023-07-13 13:30:00,20.635087719298248
2023-07-13 14:00:00,20.324210526315795
2023-07-13 14:30:00,20.600350877192984
2023-07-13 15:00:00,21.03789473684211
2023-07-13 15:30:00,21.820000000000004
2023-07-13 16:00:00,22.664912280701756
2023-07-13 16:30:00,23.532280701754388
2023-07-13 17:00:00,24.294385964912284
2023-07-13 17:30:00,24.262105263157896
2023-07-13 18:00:00,23.95768421052632
2023-07-13 18:30:00,23.05171929824562
2023-07-13 19:00:00,22.232771929824565
2023-07-13 19:30:00,21.57540350877193
2023-07-13 20:00:00,21.265043859649126
2023-07-13 20:30:00,21.092157894736847
2023-07-13 21:00:00,20.600578947368426
2023-07-13 21:30:00,19.694929824561406
2023-07-13 22:00:00,18.76140350877193
2023-07-13 22:30:00,17.881403508771932
2023-07-13 23:00:00,17.394175438596495
2023-07-13 23:30:00,16.92705263157895
2023-07-14 00:00:00,16.345137209794107
2023-07-14 00:30:00,15.905295264122984
2023-07-14 01:00:00,15.447681692394978
2023-07-14 01:30:00,15.00217424267862
2023-07-14 02:00:00,15.29163075359088
2023-07-14 02:30:00,16.418973391678048
2023-07-14 03:00:00,17.871282773701775
2023-07-14 03:30:00,19.358265850280233
2023-07-14 04:00:00,20.782567249386528
2023-07-14 04:30:00,21.740691776371104
2023-07-14 05:00:00,22.19858651321321
2023-07-14 05:30:00,22.230438033017677
2023-07-14 06:00:00,22.062771929824564
2023-07-14 06:30:00,21.761497325182336
2023-07-14 07:00:00,22.203375087978248
2023-07-14 07:30:00,23.008533744016816
2023-07-14 08:00:00,23.75265439408417
2023-07-14 08:30:00,24.12933816139586
2023-07-14 09:00:00,23.66734759309527
2023-07-14 09:30:00,23.290014259761932
2023-07-14 10:00:00,22.067387060486496
2023-07-14 10:30:00,20.644210526315792
2023-07-14 11:00:00,19.652087719298247
2023-07-14 11:30:00,18.82460338018509
2023-07-14 12:00:00,18.49768490445008
2023-07-14 12:30:00,18.226109718488317
2023-07-14 13:00:00,18.434356082033666
2023-07-14 13:30:00,19.101563915798927
2023-07-14 14:00:00,19.575864666674544
2023-07-14 14:30:00,20.16705024677025
2023-07-14 15:00:00,20.68680344033081
2023-07-14 15:30:00,20.96083852805011
2023-07-14 16:00:00,20.95998066753383
2023-07-14 16:30:00,20.78002381191962
2023-07-14 17:00:00,20.911053891899204
2023-07-14 17:30:00,21.119878453302714
2023-07-14 18:00:00,21.290980582430624
2023-07-14 18:30:00,21.253885964912286
2023-07-14 19:00:00,21.076964912280705
2023-07-14 19:30:00,20.578982456140356
2023-07-14 20:00:00,20.00463157894737
2023-07-14 20:30:00,19.588561403508773
2023-07-14 21:00:00,19.265614035087722
2023-07-14 21:30:00,18.709122807017547
2023-07-14 22:00:00,18.089473684210528
2023-07-14 22:30:00,17.354736842105265
2023-07-14 23:00:00,16.767087719298242
2023-07-14 23:30:00,15.99256140350876
2023-08-02 00:00:00,14.413473684210524
2023-08-02 00:30:00,14.389684210526317
2023-08-02 01:00:00,14.196030790924524
2023-08-02 01:30:00,14.127640175684625
2023-08-02 02:00:00,14.49241759737952
2023-08-02 02:30:00,15.459202808818775
2023-08-02 03:00:00,16.93467429374817
2023-08-02 03:30:00,18.01116263950554
2023-08-02 04:00:00,18.7877992608193
2023-08-02 04:30:00,19.207901852983788
2023-08-02 05:00:00,19.55447822275499
2023-08-02 05:30:00,19.63540988203955
2023-08-02 06:00:00,19.99495742471544
2023-08-02 06:30:00,20.21801776989489
2023-08-02 07:00:00,20.656865359196075
2023-08-02 07:30:00,20.72329380781304
2023-08-02 08:00:00,20.849342220425644
2023-08-02 08:30:00,20.999965056893913
2023-08-02 09:00:00,21.15950096967034
2023-08-02 09:30:00,21.22928053062167
2023-08-02 10:00:00,21.380223544590788
2023-08-02 10:30:00,21.43163362986343
2023-08-02 11:00:00,21.48058623071631
2023-08-02 11:30:00,21.395083112285548
2023-08-02 12:00:00,21.232280701754387
2023-08-02 12:30:00,21.02385964912281
2023-08-02 13:00:00,20.77481304787266
2023-08-02 13:30:00,20.236433243554306
2023-08-02 14:00:00,19.91810563679326
2023-08-02 14:30:00,19.6189729226237
2023-08-02 15:00:00,19.732508589858437
2023-08-02 15:30:00,20.00886647831358
2023-08-02 16:00:00,19.867387465734325
2023-08-02 16:30:00,19.611894891484006
2023-08-02 17:00:00,18.975653630175824
2023-08-02 17:30:00,18.584462893010492
2023-08-02 18:00:00,18.356033881446653
2023-08-02 18:30:00,18.253353994854283
2023-08-02 19:00:00,17.986886100535827
2023-08-02 19:30:00,17.60488345386183
2023-08-02 20:00:00,16.85604666750344
2023-08-02 20:30:00,16.20578195475752
2023-08-02 21:00:00,15.355507559908816
2023-08-02 21:30:00,14.545332121312326
2023-08-02 22:00:00,14.020444701393414
2023-08-02 22:30:00,13.787140350877195
2023-08-02 23:00:00,13.84016494864005
2023-08-02 23:30:00,13.981285894382777
2023-08-03 00:00:00,16.107748783634623
2023-08-03 00:30:00,15.739461080923858
2023-08-03 01:00:00,15.589864919230726
2023-08-03 01:30:00,15.005043144378446
2023-08-03 02:00:00,15.358772377428643
2023-08-03 02:30:00,15.952807465147941
2023-08-03 03:00:00,16.642080006214098
2023-08-03 03:30:00,16.96842105263158
2023-08-03 04:00:00,17.117192982456142
2023-08-03 04:30:00,17.376315789473686
2023-08-03 05:00:00,18.139789473684214
2023-08-03 05:30:00,19.097333333333335
2023-08-03 06:00:00,20.36484210526316
2023-08-03 06:30:00,20.653806736052797
2023-08-03 07:00:00,20.568788629211024
2023-08-03 07:30:00,20.545279857281198
2023-08-03 08:00:00,21.119385261184625
2023-08-03 08:30:00,22.64303384275009
2023-08-03 09:00:00,23.39335867893338
2023-08-03 09:30:00,23.303616648699517
2023-08-03 10:00:00,22.733298876181124
2023-08-03 10:30:00,21.899230049649287
2023-08-03 11:00:00,21.416434398099554
2023-08-03 11:30:00,20.843385964912283
2023-08-03 12:00:00,20.477298245614037
2023-08-03 12:30:00,20.447106745522156
2023-08-03 13:00:00,20.69097358887193
2023-08-03 13:30:00,22.311839798226178
2023-08-03 14:00:00,25.14542824521571
2023-08-03 14:30:00,28.258653508265496
2023-08-03 15:00:00,29.159648119611404
2023-08-03 15:30:00,27.466976524813305
2023-08-03 16:00:00,24.69925515808066
2023-08-03 16:30:00,22.50711585876728
2023-08-03 17:00:00,22.08296338732356
2023-08-03 17:30:00,22.84692642953658
2023-08-03 18:00:00,23.258374750053747
2023-08-03 18:30:00,22.734015955741672
2023-08-03 19:00:00,21.340015531095247
2023-08-03 19:30:00,19.489824561403513
2023-08-03 20:00:00,18.558596491228073
2023-08-03 20:30:00,17.229122807017546
2023-08-03 21:00:00,16.506666666666668
2023-08-03 21:30:00,16.1670701754386
2023-08-03 22:00:00,16.214070175438597
2023-08-03 22:30:00,16.17805263157895
2023-08-03 23:00:00,15.961784210526318
2023-08-03 23:30:00,15.65430350877193
2023-08-04 00:00:00,14.446727199074083
2023-08-04 00:30:00,14.234994307383046
2023-08-04 01:00:00,13.96751728047388
2023-08-04 01:30:00,13.913538897255144
2023-08-04 02:00:00,14.80930205514988
2023-08-04 02:30:00,16.25338336281502
2023-08-04 03:00:00,17.746157894736843
2023-08-04 03:30:00,18.74124561403509
2023-08-04 04:00:00,19.394385964912285
2023-08-04 04:30:00,19.85578947368421
2023-08-04 05:00:00,20.259096491228075
2023-08-04 05:30:00,20.619342701364776
2023-08-04 06:00:00,20.929226217486626
2023-08-04 06:30:00,21.183382552494972
2023-08-04 07:00:00,21.41596085493506
2023-08-04 07:30:00,21.936746458373705
2023-08-04 08:00:00,22.178947368421053
2023-08-04 08:30:00,22.341508771929824
2023-08-04 09:00:00,21.884175438596497
2023-08-04 09:30:00,21.55075438596491
2023-08-04 10:00:00,21.23458397544633
2023-08-04 10:30:00,21.241238126331258
2023-08-04 11:00:00,21.209211810541785
2023-08-04 11:30:00,20.97306518363604
2023-08-04 12:00:00,20.396496373675273
2023-08-04 12:30:00,19.7792097262298
2023-08-04 13:00:00,19.658976963679123
2023-08-04 13:30:00,20.117852788021523
2023-08-04 14:00:00,21.165253773144258
2023-08-04 14:30:00,21.908675438596493
2023-08-04 15:00:00,22.242578947368425
2023-08-04 15:30:00,22.296614035087725
2023-08-04 16:00:00,22.546549927288954
2023-08-04 16:30:00,23.087875264941616
2023-08-04 17:00:00,23.164455039055326
2023-08-04 17:30:00,22.7836191571642
2023-08-04 18:00:00,21.788967573473883
2023-08-04 18:30:00,20.52770966750004
2023-08-04 19:00:00,19.14625981274614
2023-08-04 19:30:00,17.800668033807295
2023-08-04 20:00:00,17.023080896475474
2023-08-04 20:30:00,16.6541858000835
2023-08-04 21:00:00,16.341421052631578
2023-08-04 21:30:00,15.777627505845267
2023-08-04 22:00:00,15.556957876501952
2023-08-04 22:30:00,15.11520349053704
2023-08-04 23:00:00,14.843672144453913
2023-08-04 23:30:00,14.161653249768674
2023-08-05 00:00:00,14.071157894736844
2023-08-05 00:30:00,12.809982456140352
2023-08-05 01:00:00,11.755350877192983
2023-08-05 01:30:00,11.246228070175441
2023-08-05 02:00:00,11.178964568146604
2023-08-05 02:30:00,11.689252001129985
2023-08-05 03:00:00,12.433043138435098
2023-08-05 03:30:00,13.375212256184795
2023-08-05 04:00:00,14.764126462947713
2023-08-05 04:30:00,16.251103271181865
2023-08-05 05:00:00,17.38032182319603
2023-08-05 05:30:00,18.134760502939447
2023-08-05 06:00:00,18.77049449468792
2023-08-05 06:30:00,19.691578947368424
2023-08-05 07:00:00,20.452280701754386
2023-08-05 07:30:00,20.753684210526316
2023-08-05 08:00:00,21.017894736842106
2023-08-05 08:30:00,21.15368421052632
2023-08-05 09:00:00,21.284912280701757
2023-08-05 09:30:00,21.484210526315792
2023-08-05 10:00:00,21.5340350877193
2023-08-05 10:30:00,21.683481906460297
2023-08-05 11:00:00,21.342591280743076
2023-08-05 11:30:00,21.18890707021676
2023-08-05 12:00:00,20.784804412301366
2023-08-05 12:30:00,20.343157894736844
2023-08-05 13:00:00,19.74947368421053
2023-08-05 13:30:00,19.27789473684211
2023-08-05 14:00:00,19.372280701754388
2023-08-05 14:30:00,19.9740350877193
2023-08-05 15:00:00,20.470526315789474
2023-08-05 15:30:00,20.269824561403514
2023-08-05 16:00:00,19.385964912280702
2023-08-05 16:30:00,18.19443484698837
2023-08-05 17:00:00,17.359243255505657
2023-08-05 17:30:00,17.498574449252278
2023-08-05 18:00:00,18.69840220072936
2023-08-05 18:30:00,20.712859340945386
2023-08-05 19:00:00,21.831409121060123
2023-08-05 19:30:00,21.730158666849906
2023-08-05 20:00:00,20.44004906528508
2023-08-05 20:30:00,19.02866532721704
2023-08-05 21:00:00,18.42798413309589
2023-08-05 21:30:00,19.083788015883794
2023-08-05 22:00:00,19.40088232509392
2023-08-05 22:30:00,18.654890060716742
2023-08-05 23:00:00,16.75823001614538
2023-08-05 23:30:00,14.31664385188987
2023-08-06 00:00:00,13.388619615124483
2023-08-06 00:30:00,13.555231799454061
2023-08-06 01:00:00,14.09249431359791
2023-08-06 01:30:00,15.138588068266364
2023-08-06 02:00:00,16.674568938837353
2023-08-06 02:30:00,18.271477713709032
2023-08-06 03:00:00,20.038685991729988
2023-08-06 03:30:00,21.508205358148842
2023-08-06 04:00:00,22.511105848501717
2023-08-06 04:30:00,22.912660726550587
2023-08-06 05:00:00,23.22872112164009
2023-08-06 05:30:00,23.751929824561405
2023-08-06 06:00:00,24.11173467015874
2023-08-06 06:30:00,24.22645544006477
2023-08-06 07:00:00,24.457508863635535
2023-08-06 07:30:00,24.609188182857554
2023-08-06 08:00:00,24.56190389915739
2023-08-06 08:30:00,24.444713466145753
2023-08-06 09:00:00,24.417958612904417
2023-08-06 09:30:00,24.579274402378104
2023-08-06 10:00:00,24.52644819260557
2023-08-06 10:30:00,24.354807017543862
2023-08-06 11:00:00,24.03413216503326
2023-08-06 11:30:00,23.398255775888543
2023-08-06 12:00:00,22.622746635624676
2023-08-06 12:30:00,22.204312132055417
2023-08-06 13:00:00,22.08450515584151
2023-08-06 13:30:00,22.296080460554805
2023-08-06 14:00:00,22.467834846519718
2023-08-06 14:30:00,22.55671687866447
2023-08-06 15:00:00,22.7870701754386
2023-08-06 15:30:00,22.908578947368426
2023-08-06 16:00:00,23.267560542615026
2023-08-06 16:30:00,23.530438054236722
2023-08-06 17:00:00,23.75897219723008
2023-08-06 17:30:00,23.61942885171608
2023-08-06 18:00:00,23.04998504485357
2023-08-06 18:30:00,22.061702871946533
2023-08-06 19:00:00,20.955422385643974
2023-08-06 19:30:00,19.577313880316623
2023-08-06 20:00:00,18.046694084410564
2023-08-06 20:30:00,16.707267000554076
2023-08-06 21:00:00,15.986571796910617
2023-08-06 21:30:00,15.403174911954622
2023-08-06 22:00:00,15.067431835781937
2023-08-06 22:30:00,14.360272474446973
2023-08-06 23:00:00,14.144631578947369
2023-08-06 23:30:00,13.882210526315786
2023-08-07 00:00:00,13.661535664147406
2023-08-07 00:30:00,13.341911156368033
2023-08-07 01:00:00,12.837817899116608
2023-08-07 01:30:00,12.381935394739294
2023-08-07 02:00:00,12.02724561403509
2023-08-07 02:30:00,12.255264910823755
2023-08-07 03:00:00,13.138542156369779
2023-08-07 03:30:00,14.172625799164882
2023-08-07 04:00:00,15.36116208020052
2023-08-07 04:30:00,16.527803101428432
2023-08-07 05:00:00,17.833579740773462
2023-08-07 05:30:00,19.030772723229607
2023-08-07 06:00:00,19.956425218282167
2023-08-07 06:30:00,20.552029324299117
2023-08-07 07:00:00,21.400970172309666
2023-08-07 07:30:00,21.76550119051156
2023-08-07 08:00:00,21.522264871033446
2023-08-07 08:30:00,20.630766502510195
2023-08-07 09:00:00,19.78648470669624
2023-08-07 09:30:00,19.623403508771933
2023-08-07 10:00:00,19.244671142168183
2023-08-07 10:30:00,18.8720391733382
2023-08-07 11:00:00,18.56922392321663
2023-08-07 11:30:00,18.63414931117887
2023-08-07 12:00:00,19.001266435637447
2023-08-07 12:30:00,19.388015189742795
2023-08-07 13:00:00,19.764863954403452
2023-08-07 13:30:00,19.861170482607438
2023-08-07 14:00:00,19.823771929824563
2023-08-07 14:30:00,20.073852892400417
2023-08-07 15:00:00,20.70853257277047
2023-08-07 15:30:00,21.529403987271653
2023-08-07 16:00:00,21.151668327694587
2023-08-07 16:30:00,20.53710351647494
2023-08-07 17:00:00,19.869614074486588
2023-08-07 17:30:00,19.90010386122852
2023-08-07 18:00:00,19.96348064236512
2023-08-07 18:30:00,19.503365776466747
2023-08-07 19:00:00,18.90525175474097
2023-08-07 19:30:00,17.75249411004027
2023-08-07 20:00:00,16.426820536703016
2023-08-07 20:30:00,15.282960887580204
2023-08-07 21:00:00,14.40942536105195
2023-08-07 21:30:00,14.056491228070177
2023-08-07 22:00:00,13.90701754385965
2023-08-07 22:30:00,14.066122807017544
2023-08-07 23:00:00,14.20034210526316
2023-08-07 23:30:00,14.229736842105263
2023-08-08 00:00:00,12.780160866164339
2023-08-08 00:30:00,12.502379682945843
2023-08-08 01:00:00,12.456627972799874
2023-08-08 01:30:00,12.73419654064732
2023-08-08 02:00:00,13.689448569674283
2023-08-08 02:30:00,14.773000409415962
2023-08-08 03:00:00,15.535493642847442
2023-08-08 03:30:00,15.945522828383181
2023-08-08 04:00:00,16.263809949899223
2023-08-08 04:30:00,17.170566015824235
2023-08-08 05:00:00,18.690797435570563
2023-08-08 05:30:00,20.483660021391124
2023-08-08 06:00:00,21.809978885928615
2023-08-08 06:30:00,22.251684284677523
2023-08-08 07:00:00,22.195669691603786
2023-08-08 07:30:00,22.03824920151565
2023-08-08 08:00:00,22.191582534848987
2023-08-08 08:30:00,22.335087719298247
2023-08-08 09:00:00,22.42028070175439
2023-08-08 09:30:00,22.67355418567796
2023-08-08 10:00:00,23.175914870063153
2023-08-08 10:30:00,23.216841594512903
2023-08-08 11:00:00,22.683693028382
2023-08-08 11:30:00,21.72075493790631
2023-08-08 12:00:00,21.103508771929828
2023-08-08 12:30:00,20.968771929824563
2023-08-08 13:00:00,21.047543859649124
2023-08-08 13:30:00,21.275789473684213
2023-08-08 14:00:00,21.669824561403512
2023-08-08 14:30:00,21.917192982456143
2023-08-08 15:00:00,22.15719298245614
2023-08-08 15:30:00,22.225763157894743
2023-08-08 16:00:00,22.408020392825932
2023-08-08 16:30:00,22.438434347418962
2023-08-08 17:00:00,22.25769896176469
2023-08-08 17:30:00,21.54832942206001
2023-08-08 18:00:00,20.34862628062825
2023-08-08 18:30:00,18.92070734848693
2023-08-08 19:00:00,17.669830155504474
2023-08-08 19:30:00,16.934512547458432
2023-08-08 20:00:00,16.702824561403514
2023-08-08 20:30:00,16.817140350877196
2023-08-08 21:00:00,17.069565388855327
2023-08-08 21:30:00,17.042872406399184
2023-08-08 22:00:00,16.846205739732515
2023-08-08 22:30:00,16.106850079429105
2023-08-08 23:00:00,15.353754385964914
2023-08-08 23:30:00,14.548175438596493
2023-08-09 00:00:00,13.522842105263157
2023-08-09 00:30:00,12.868912280701755
2023-08-09 01:00:00,12.242807017543862
2023-08-09 01:30:00,11.805964912280702
2023-08-09 02:00:00,11.533333333333337
2023-08-09 02:30:00,11.812280701754387
2023-08-09 03:00:00,12.873684210526315
2023-08-09 03:30:00,14.329473684210528
2023-08-09 04:00:00,15.778596491228072
2023-08-09 04:30:00,16.90666666666667
2023-08-09 05:00:00,17.848070175438597
2023-08-09 05:30:00,19.05578947368421
2023-08-09 06:00:00,20.415087719298246
2023-08-09 06:30:00,22.11384210526316
2023-08-09 07:00:00,23.279964912280704
2023-08-09 07:30:00,25.08698245614035
2023-08-09 08:00:00,27.076789473684215
2023-08-09 08:30:00,28.938719298245616
2023-08-09 09:00:00,30.002631578947373
2023-08-09 09:30:00,29.742438596491237
2023-08-09 10:00:00,29.42997706505524
2023-08-09 10:30:00,29.020862323296942
2023-08-09 11:00:00,27.670629621782314
2023-08-09 11:30:00,25.619144401603624
2023-08-09 12:00:00,23.569764347731475
2023-08-09 12:30:00,22.413410269421934
2023-08-09 13:00:00,22.65264019584131
2023-08-09 13:30:00,22.89078528072417
2023-08-09 14:00:00,22.859194579756704
2023-08-09 14:30:00,22.547132313050692
2023-08-09 15:00:00,23.394796221373237
2023-08-09 15:30:00,24.626827929906977
2023-08-09 16:00:00,26.606428128054876
2023-08-09 16:30:00,26.871362394057304
2023-08-09 17:00:00,26.207888639174996
2023-08-09 17:30:00,25.171506812869367
2023-08-09 18:00:00,24.067404120764945
2023-08-09 18:30:00,23.546640962870203
2023-08-09 19:00:00,22.479535393715807
2023-08-09 19:30:00,21.159526315789478
2023-08-09 20:00:00,19.940719298245618
2023-08-09 20:30:00,19.13689473684211
2023-08-09 21:00:00,18.463078947368423
2023-08-09 21:30:00,17.239140350877197
2023-08-09 22:00:00,15.678947368421056
2023-08-09 22:30:00,14.396327136683672
2023-08-09 23:00:00,14.73906410085867
2023-08-09 23:30:00,15.779393558057512
2023-08-10 00:00:00,13.502842105263161
2023-08-10 00:30:00,14.003298245614035
2023-08-10 01:00:00,14.336491228070178
2023-08-10 01:30:00,14.549640902516506
2023-08-10 02:00:00,15.34471120547329
2023-08-10 02:30:00,17.050445381122106
2023-08-10 03:00:00,19.809870843692995
2023-08-10 03:30:00,22.379931877097892
2023-08-10 04:00:00,23.837221350782105
2023-08-10 04:30:00,23.828084934199012
2023-08-10 05:00:00,23.194410635373043
2023-08-10 05:30:00,22.937149297324183
2023-08-10 06:00:00,23.724682090098423
2023-08-10 06:30:00,25.236635361862778
2023-08-10 07:00:00,26.91575620007545
2023-08-10 07:30:00,28.06210842837841
2023-08-10 08:00:00,28.26117963354035
2023-08-10 08:30:00,27.59652186615088
2023-08-10 09:00:00,26.180817809062642
2023-08-10 09:30:00,24.8978550958067
2023-08-10 10:00:00,24.142521762473365
2023-08-10 10:30:00,24.129486820255703
2023-08-10 11:00:00,24.34397368421053
2023-08-10 11:30:00,24.358606129742757
2023-08-10 12:00:00,24.21095305426326
2023-08-10 12:30:00,24.067409194614132
2023-08-10 13:00:00,24.36964867437852
2023-08-10 13:30:00,24.687429237070315
2023-08-10 14:00:00,24.6297099388247
2023-08-10 14:30:00,23.801047927580758
2023-08-10 15:00:00,23.1015350877193
2023-08-10 15:30:00,23.11868421052632
2023-08-10 16:00:00,23.59166666666667
2023-08-10 16:30:00,24.05081340625347
2023-08-10 17:00:00,24.235609539460643
2023-08-10 17:30:00,23.979980006993106
2023-08-10 18:00:00,23.204190533308893
2023-08-10 18:30:00,21.745366594608257
2023-08-10 19:00:00,20.15228070175439
2023-08-10 19:30:00,19.160701754385965
2023-08-10 20:00:00,18.55684210526316
2023-08-10 20:30:00,18.146315789473686
2023-08-10 21:00:00,17.430526315789475
2023-08-10 21:30:00,16.740701754385967
2023-08-10 22:00:00,16.16070175438597
2023-08-10 22:30:00,15.753333333333336
2023-08-10 23:00:00,15.112070175438596
2023-08-10 23:30:00,14.361789473684206
2023-08-11 00:00:00,14.34231578947368
2023-08-11 00:30:00,14.258385964912279
2023-08-11 01:00:00,14.255736842105264
2023-08-11 01:30:00,14.161298245614036
2023-08-11 02:00:00,14.525859649122808
2023-08-11 02:30:00,15.529754385964914
2023-08-11 03:00:00,16.552982456140352
2023-08-11 03:30:00,17.34561403508772
2023-08-11 04:00:00,17.491929824561407
2023-08-11 04:30:00,17.803508771929824
2023-08-11 05:00:00,18.425614035087722
2023-08-11 05:30:00,19.188771929824565
2023-08-11 06:00:00,20.02947368421053
2023-08-11 06:30:00,20.53789473684211
2023-08-11 07:00:00,20.842807017543862
2023-08-11 07:30:00,20.977105621898264
2023-08-11 08:00:00,21.182282854196583
2023-08-11 08:30:00,21.492107415600092
2023-08-11 09:00:00,21.71975653840711
2023-08-11 09:30:00,21.521894736842103
2023-08-11 10:00:00,21.392771929824562
2023-08-11 10:30:00,21.332982456140353
2023-08-11 11:00:00,21.596842105263164
2023-08-11 11:30:00,21.82421052631579
2023-08-11 12:00:00,21.991929824561407
2023-08-11 12:30:00,21.930175438596493
2023-08-11 13:00:00,21.784912280701757
2023-08-11 13:30:00,21.78089473684211
2023-08-11 14:00:00,21.854754385964913
2023-08-11 14:30:00,22.105771929824567
2023-08-11 15:00:00,21.893491228070175
2023-08-11 15:30:00,21.382561403508774
2023-08-11 16:00:00,20.830403508771933
2023-08-11 16:30:00,20.462052631578953
2023-08-11 17:00:00,20.207297909157298
2023-08-11 17:30:00,20.093962080955322
2023-08-11 18:00:00,21.2416745097391
2023-08-11 18:30:00,24.102088398525208
2023-08-11 19:00:00,27.08976367391662
2023-08-11 19:30:00,28.758007217706005
2023-08-11 20:00:00,27.82843701343646
2023-08-11 20:30:00,25.754475347692118
2023-08-11 21:00:00,23.27678218245381
2023-08-11 21:30:00,21.26489132769633
2023-08-11 22:00:00,20.283999789018875
2023-08-11 22:30:00,19.269742067138306
2023-08-11 23:00:00,17.67560350753273
2023-08-11 23:30:00,15.582252928492373
2023-08-12 00:00:00,14.778831349847456
2023-08-12 00:30:00,14.601439841935475
2023-08-12 01:00:00,14.634418100465039
2023-08-12 01:30:00,15.27441810046504
2023-08-12 02:00:00,16.71328837137776
2023-08-12 02:30:00,18.49665554358187
2023-08-12 03:00:00,19.931776933803985
2023-08-12 03:30:00,20.429932582784968
2023-08-12 04:00:00,20.032843886471095
2023-08-12 04:30:00,19.38723558251975
2023-08-12 05:00:00,19.125869635469368
2023-08-12 05:30:00,19.22496612669744
2023-08-12 06:00:00,19.77564156529393
2023-08-12 06:30:00,20.325692982456143
2023-08-12 07:00:00,20.867140350877197
2023-08-12 07:30:00,21.267175438596492
2023-08-12 08:00:00,21.44793859649123
2023-08-12 08:30:00,21.537491228070177
2023-08-12 09:00:00,21.71328070175439
2023-08-12 09:30:00,22.023456140350877
2023-08-12 10:00:00,22.12155231322784
2023-08-12 10:30:00,22.00360430810458
2023-08-12 11:00:00,21.79623588705195
2023-08-12 11:30:00,21.73423166026259
2023-08-12 12:00:00,21.67789473684211
2023-08-12 12:30:00,21.55282456140351
2023-08-12 13:00:00,21.426543859649126
2023-08-12 13:30:00,21.881105263157895
2023-08-12 14:00:00,22.519331919998752
2023-08-12 14:30:00,23.511988870293994
2023-08-12 15:00:00,23.828869073604125
2023-08-12 15:30:00,23.627737614837415
2023-08-12 16:00:00,23.390531344756727
2023-08-12 16:30:00,23.690222390985685
2023-08-12 17:00:00,23.739370121667708
2023-08-12 17:30:00,23.713246539241542
2023-08-12 18:00:00,22.829446940500848
2023-08-12 18:30:00,22.066385964912286
2023-08-12 19:00:00,21.116640350877198
2023-08-12 19:30:00,19.77582456140351
2023-08-12 20:00:00,18.068315789473687
2023-08-12 20:30:00,16.215789473684215
2023-08-12 21:00:00,14.737543859649124
2023-08-12 21:30:00,13.844561403508775
2023-08-12 22:00:00,13.499298245614035
2023-08-12 22:30:00,13.217192982456142
2023-08-12 23:00:00,12.990067484409268
2023-08-12 23:30:00,12.688822659292349
2023-08-13 00:00:00,12.577052631578946
2023-08-13 00:30:00,12.910666666666666
2023-08-13 01:00:00,13.0680701754386
2023-08-13 01:30:00,13.542456140350879
2023-08-13 02:00:00,14.96421052631579
2023-08-13 02:30:00,17.01263157894737
2023-08-13 03:00:00,19.16070175438597
2023-08-13 03:30:00,20.413333333333338
2023-08-13 04:00:00,21.10701754385965
2023-08-13 04:30:00,21.232280701754387
2023-08-13 05:00:00,21.134859649122813
2023-08-13 05:30:00,20.983473684210534
2023-08-13 06:00:00,21.10347368421053
2023-08-13 06:30:00,21.59289473684211
2023-08-13 07:00:00,22.259982456140353
2023-08-13 07:30:00,22.98631578947369
2023-08-13 08:00:00,23.971008101832695
2023-08-13 08:30:00,25.189054956325368
2023-08-13 09:00:00,25.24480659225858
2023-08-13 09:30:00,24.659679098798975
2023-08-13 10:00:00,23.19375955736813
2023-08-13 10:30:00,22.930490170862825
2023-08-13 11:00:00,22.533623385253033
2023-08-13 11:30:00,22.260986475084064
2023-08-13 12:00:00,21.612412280701758
2023-08-13 12:30:00,21.70534210526316
2023-08-13 13:00:00,21.801666666666666
2023-08-13 13:30:00,21.89034210526316
2023-08-13 14:00:00,21.82263157894737
2023-08-13 14:30:00,21.664692982456145
2023-08-13 15:00:00,21.64940350877193
2023-08-13 15:30:00,21.657385964912283
2023-08-13 16:00:00,21.950017543859655
2023-08-13 16:30:00,22.240991228070182
2023-08-13 17:00:00,22.45003291657633
2023-08-13 17:30:00,22.938001460794283
2023-08-13 18:00:00,23.9117399751885
2023-08-13 18:30:00,24.26354038351106
2023-08-13 19:00:00,24.22684123541592
2023-08-13 19:30:00,23.04700457740432
2023-08-13 20:00:00,23.044080300316068
2023-08-13 20:30:00,22.82726585254301
2023-08-13 21:00:00,22.161638276426018
2023-08-13 21:30:00,20.401085873218115
2023-08-13 22:00:00,18.08474944805876
2023-08-13 22:30:00,16.53931085156753
2023-08-13 23:00:00,15.683215658557963
2023-08-13 23:30:00,15.084516658408843
2023-08-14 00:00:00,13.24067605709601
2023-08-14 00:30:00,13.675117525591418
2023-08-14 01:00:00,14.120277472988052
2023-08-14 01:30:00,14.723658565625604
2023-08-14 02:00:00,16.281202425274728
2023-08-14 02:30:00,18.44745004639367
2023-08-14 03:00:00,20.50989099562624
2023-08-14 03:30:00,22.052414825624826
2023-08-14 04:00:00,22.947502544923072
2023-08-14 04:30:00,23.57631900606434
2023-08-14 05:00:00,23.862456140350883
2023-08-14 05:30:00,24.290526315789478
2023-08-14 06:00:00,25.070252451071237
2023-08-14 06:30:00,25.758545165012194
2023-08-14 07:00:00,25.491716880205388
2023-08-14 07:30:00,24.69178606322372
2023-08-14 08:00:00,24.047486164150367
2023-08-14 08:30:00,24.344265077096164
2023-08-14 09:00:00,24.693394030634693
2023-08-14 09:30:00,24.857901750788272
2023-08-14 10:00:00,24.835706319072965
2023-08-14 10:30:00,24.711438592691277
2023-08-14 11:00:00,24.115789473684213
2023-08-14 11:30:00,23.09368421052632
2023-08-14 12:00:00,22.320350877192983
2023-08-14 12:30:00,21.837192982456145
2023-08-14 13:00:00,21.701929824561404
2023-08-14 13:30:00,21.74385964912281
2023-08-14 14:00:00,22.0700585781116
2023-08-14 14:30:00,22.55106868009024
2023-08-14 15:00:00,23.243310752727723
2023-08-14 15:30:00,23.717920812693606
2023-08-14 16:00:00,24.417630147572975
2023-08-14 16:30:00,24.876759916534866
2023-08-14 17:00:00,25.217365791871078
2023-08-14 17:30:00,25.046505232237536
2023-08-14 18:00:00,24.827610495395433
2023-08-14 18:30:00,24.231569919423958
2023-08-14 19:00:00,23.287614035087724
2023-08-14 19:30:00,22.040035087719303
2023-08-14 20:00:00,20.45512280701755
2023-08-14 20:30:00,19.12949122807018
2023-08-14 21:00:00,18.09543859649123
2023-08-14 21:30:00,17.576596491228074
2023-08-14 22:00:00,17.35905263157895
2023-08-14 22:30:00,17.107517065675726
2023-08-14 23:00:00,16.76394392549678
2023-08-14 23:30:00,16.465230243167067
2023-08-15 00:00:00,16.225191228070177
2023-08-15 00:30:00,16.574414035087724
2023-08-15 01:00:00,16.99916666666667
2023-08-15 01:30:00,17.719298245614038
2023-08-15 02:00:00,18.760701754385966
2023-08-15 02:30:00,20.009178545081916
2023-08-15 03:00:00,21.24558367754827
2023-08-15 03:30:00,22.079089203142725
2023-08-15 04:00:00,22.670054115423426
2023-08-15 04:30:00,23.07796757869715
2023-08-15 05:00:00,23.217960587867726
2023-08-15 05:30:00,23.509571786609413
2023-08-15 06:00:00,23.88596879528083
2023-08-15 06:30:00,24.33072794333208
2023-08-15 07:00:00,24.58142197892875
2023-08-15 07:30:00,24.820901040726806
2023-08-15 08:00:00,25.01999065234391
2023-08-15 08:30:00,25.22648722777119
2023-08-15 09:00:00,24.74536958444126
2023-08-15 09:30:00,23.77254385964913
2023-08-15 10:00:00,22.808771929824562
2023-08-15 10:30:00,22.131228070175442
2023-08-15 11:00:00,21.682219298245617
2023-08-15 11:30:00,21.31147465650737
2023-08-15 12:00:00,21.13075280142368
2023-08-15 12:30:00,21.305998415458763
2023-08-15 13:00:00,21.75869454749277
2023-08-15 13:30:00,22.30066666666667
2023-08-15 14:00:00,22.674333333333337
2023-08-15 14:30:00,22.88372807017544
2023-08-15 15:00:00,22.886807017543862
2023-08-15 15:30:00,22.971982456140353
2023-08-15 16:00:00,23.457087719298247
2023-08-15 16:30:00,23.96626315789474
2023-08-15 17:00:00,24.239122807017548
2023-08-15 17:30:00,24.166399622374552
2023-08-15 18:00:00,23.78134172380338
2023-08-15 18:30:00,23.28157576803775
2023-08-15 19:00:00,22.09259115464688
2023-08-15 19:30:00,20.37398725718124
2023-08-15 20:00:00,18.78809033150037
2023-08-15 20:30:00,18.28773945430739
2023-08-15 21:00:00,18.3686692504162
2023-08-15 21:30:00,18.48923697878041
2023-08-15 22:00:00,18.029258457458194
2023-08-15 22:30:00,17.938642014695315
2023-08-15 23:00:00,17.948174310842447
2023-08-15 23:30:00,18.180594552258547
2023-08-16 00:00:00,16.83660722896771
2023-08-16 00:30:00,15.68026203227852
2023-08-16 01:00:00,14.743171024933545
2023-08-16 01:30:00,14.077849096351295
2023-08-16 02:00:00,14.046221801289425
2023-08-16 02:30:00,14.424817898362164
2023-08-16 03:00:00,15.255285357807239
2023-08-16 03:30:00,16.31436624431992
2023-08-16 04:00:00,17.132162378200217
2023-08-16 04:30:00,17.80268869398969
2023-08-16 05:00:00,18.45902160180341
2023-08-16 05:30:00,19.482886125662784
2023-08-16 06:00:00,20.230121034698673
2023-08-16 06:30:00,20.680053495529375
2023-08-16 07:00:00,20.82378942044359
2023-08-16 07:30:00,21.01289473684211
2023-08-16 08:00:00,21.198596491228074
2023-08-16 08:30:00,21.30140350877193
2023-08-16 09:00:00,21.232982456140352
2023-08-16 09:30:00,21.065526315789477
2023-08-16 10:00:00,20.90521052631579
2023-08-16 10:30:00,20.88164912280702
2023-08-16 11:00:00,20.969456140350882
2023-08-16 11:30:00,21.145649122807022
2023-08-16 12:00:00,21.38213157894737
2023-08-16 12:30:00,21.41111403508772
2023-08-16 13:00:00,21.35801754385965
2023-08-16 13:30:00,21.21605263157895
2023-08-16 14:00:00,21.1960350877193
2023-08-16 14:30:00,21.101640350877194
2023-08-16 15:00:00,21.048630990315164
2023-08-16 15:30:00,21.03685612115683
2023-08-16 16:00:00,21.29885612115683
2023-08-16 16:30:00,21.41984602759263
2023-08-16 17:00:00,21.206519145564013
2023-08-16 17:30:00,20.89211563679208
2023-08-16 18:00:00,20.41928681665833
2023-08-16 18:30:00,19.906736842105264
2023-08-16 19:00:00,19.386421052631583
2023-08-16 19:30:00,18.76887719298246
2023-08-16 20:00:00,18.344789473684212
2023-08-16 20:30:00,17.650175438596495
2023-08-16 21:00:00,16.886315789473688
2023-08-16 21:30:00,16.35649122807018
2023-08-16 22:00:00,15.820000000000002
2023-08-16 22:30:00,15.674491228070176
2023-08-16 23:00:00,15.497361403508771
2023-08-16 23:30:00,15.50256842105263
2023-08-17 00:00:00,13.119966277183865
2023-08-17 00:30:00,13.121666829050229
2023-08-17 01:00:00,13.041546733345541
2023-08-17 01:30:00,12.895110591189386
2023-08-17 02:00:00,13.773786425014627
2023-08-17 02:30:00,15.51539089926724
2023-08-17 03:00:00,17.525958783947576
2023-08-17 03:30:00,19.041096013383527
2023-08-17 04:00:00,20.076885487067734
2023-08-17 04:30:00,20.88736842105263
2023-08-17 05:00:00,21.959298245614036
2023-08-17 05:30:00,22.9374086278744
2023-08-17 06:00:00,24.367330957126075
2023-08-17 06:30:00,25.137883622730964
2023-08-17 07:00:00,25.105196632068868
2023-08-17 07:30:00,24.383684191603905
2023-08-17 08:00:00,23.807758987691074
2023-08-17 08:30:00,23.55192982456141
2023-08-17 09:00:00,23.601403508771934
2023-08-17 09:30:00,23.396973684210526
2023-08-17 10:00:00,23.38801754385965
2023-08-17 10:30:00,23.538192982456142
2023-08-17 11:00:00,23.671210526315793
2023-08-17 11:30:00,23.64947368421053
2023-08-17 12:00:00,23.45929824561404
2023-08-17 12:30:00,23.231868421052635
2023-08-17 13:00:00,23.417421052631582
2023-08-17 13:30:00,23.41145614035088
2023-08-17 14:00:00,23.305000000000003
2023-08-17 14:30:00,22.852193220612715
2023-08-17 15:00:00,22.432070532673453
2023-08-17 15:30:00,22.468535444954156
2023-08-17 16:00:00,22.93771070493322
2023-08-17 16:30:00,23.520280701754388
2023-08-17 17:00:00,24.022035087719303
2023-08-17 17:30:00,24.253307017543865
2023-08-17 18:00:00,24.244982456140352
2023-08-17 18:30:00,23.52776315789474
2023-08-17 19:00:00,22.12590350877193
2023-08-17 19:30:00,20.396543859649125
2023-08-17 20:00:00,18.84320011234126
2023-08-17 20:30:00,17.807376112644054
2023-08-17 21:00:00,17.070534007380896
2023-08-17 21:30:00,16.488077867030018
2023-08-17 22:00:00,15.885614035087722
2023-08-17 22:30:00,15.444912280701757
2023-08-17 23:00:00,15.212021052631579
2023-08-17 23:30:00,15.129821052631579
2023-08-18 00:00:00,14.87972543859649
2023-08-18 00:30:00,14.770471929824561
2023-08-18 01:00:00,14.9170035656354
2023-08-18 01:30:00,15.72940885722503
2023-08-18 02:00:00,17.176882541435557
2023-08-18 02:30:00,19.32440618299848
2023-08-18 03:00:00,21.448908038857937
2023-08-18 03:30:00,23.133888374076378
2023-08-18 04:00:00,24.066826970567607
2023-08-18 04:30:00,24.382031961735166
2023-08-18 05:00:00,24.395614090486458
2023-08-18 05:30:00,24.60490502883899
2023-08-18 06:00:00,25.151991972317486
2023-08-18 06:30:00,25.882339916300737
2023-08-18 07:00:00,26.490994519553876
2023-08-18 07:30:00,26.56982456140351
2023-08-18 08:00:00,26.49929824561404
2023-08-18 08:30:00,26.13331044983396
2023-08-18 09:00:00,26.031560046231224
2023-08-18 09:30:00,25.509429018455453
2023-08-18 10:00:00,24.724260008701748
2023-08-18 10:30:00,24.090041956971138
2023-08-18 11:00:00,23.950563211087072
2023-08-18 11:30:00,24.515185967269918
2023-08-18 12:00:00,24.62589375974355
2023-08-18 12:30:00,24.303157894736845
2023-08-18 13:00:00,23.793421052631583
2023-08-18 13:30:00,23.502596491228076
2023-08-18 14:00:00,23.59031578947369
2023-08-18 14:30:00,23.595002824396918
2023-08-18 15:00:00,23.64861091195173
2023-08-18 15:30:00,23.616268806688577
2023-08-18 16:00:00,23.80467920445905
2023-08-18 16:30:00,24.027631578947375
2023-08-18 17:00:00,23.979543859649127
2023-08-18 17:30:00,23.648289473684212
2023-08-18 18:00:00,23.30724677597729
2023-08-18 18:30:00,23.010981890684516
2023-08-18 19:00:00,22.264455574895038
2023-08-18 19:30:00,20.73122768958989
2023-08-18 20:00:00,18.822739003687953
2023-08-18 20:30:00,17.368440758073923
2023-08-18 21:00:00,16.451413361493103
2023-08-18 21:30:00,15.728070175438598
2023-08-18 22:00:00,15.0880701754386
2023-08-18 22:30:00,14.849473684210528
2023-08-18 23:00:00,14.736912280701754
2023-08-18 23:30:00,14.759754385964913
2023-08-19 00:00:00,14.163824561403517
2023-08-19 00:30:00,14.174947368421057
2023-08-19 01:00:00,14.367719298245616
2023-08-19 01:30:00,15.116725264148386
2023-08-19 02:00:00,16.15943873803069
2023-08-19 02:30:00,17.492003858913087
2023-08-19 03:00:00,18.705012385785135
2023-08-19 03:30:00,19.494070320840255
2023-08-19 04:00:00,19.775857935837653
2023-08-19 04:30:00,19.8381497150332
2023-08-19 05:00:00,19.906249476481378
2023-08-19 05:30:00,20.33990160157414
2023-08-19 06:00:00,20.54472616297765
2023-08-19 06:30:00,20.820170813074416
2023-08-19 07:00:00,20.788771929824563
2023-08-19 07:30:00,20.992982456140354
2023-08-19 08:00:00,21.165964912280703
2023-08-19 08:30:00,21.24820821410147
2023-08-19 09:00:00,21.10431889901177
2023-08-19 09:30:00,20.92234248221843
2023-08-19 10:00:00,21.000217014077563
2023-08-19 10:30:00,21.083387278035783
2023-08-19 11:00:00,21.166161393926597
2023-08-19 11:30:00,20.98514772957137
2023-08-19 12:00:00,20.70631578947369
2023-08-19 12:30:00,20.659298245614035
2023-08-19 13:00:00,20.684561403508777
2023-08-19 13:30:00,20.94526315789474
2023-08-19 14:00:00,21.059298245614038
2023-08-19 14:30:00,21.10385964912281
2023-08-19 15:00:00,20.863157894736844
2023-08-19 15:30:00,20.39964912280702
2023-08-19 16:00:00,19.81543859649123
2023-08-19 16:30:00,19.35285964912281
2023-08-19 17:00:00,19.245208919286505
2023-08-19 17:30:00,19.513264738231527
2023-08-19 18:00:00,19.820247194371877
2023-08-19 18:30:00,19.334958704737584
2023-08-19 19:00:00,18.51459671594097
2023-08-19 19:30:00,17.981741515932118
2023-08-19 20:00:00,18.07490493355711
2023-08-19 20:30:00,18.284627264647952
2023-08-19 21:00:00,18.066948968274648
2023-08-19 21:30:00,18.49960011703688
2023-08-19 22:00:00,19.16807580086737
2023-08-19 22:30:00,19.74673606239906
2023-08-19 23:00:00,19.71341300860797
2023-08-19 23:30:00,19.32511060464779
2023-08-20 00:00:00,13.751773285433941
2023-08-20 00:30:00,13.680146545731288
2023-08-20 01:00:00,13.53346564820067
2023-08-20 01:30:00,13.249072921899725
2023-08-20 02:00:00,13.474724313041733
2023-08-20 02:30:00,14.548198061351544
2023-08-20 03:00:00,16.062428571351635
2023-08-20 03:30:00,18.042701882584534
2023-08-20 04:00:00,20.327855701730787
2023-08-20 04:30:00,22.24109387473051
2023-08-20 05:00:00,23.801313172976123
2023-08-20 05:30:00,24.440474579022062
2023-08-20 06:00:00,25.409736842105264
2023-08-20 06:30:00,26.128850877192985
2023-08-20 07:00:00,26.646466540048987
2023-08-20 07:30:00,26.163117176153293
2023-08-20 08:00:00,25.189747140883792
2023-08-20 08:30:00,24.2249349664775
2023-08-20 09:00:00,23.737861292242386
2023-08-20 09:30:00,24.094400021788278
2023-08-20 10:00:00,25.632725784365505
2023-08-20 10:30:00,27.328415093557904
2023-08-20 11:00:00,27.19693707616061
2023-08-20 11:30:00,26.188513812878252
2023-08-20 12:00:00,24.87768887861036
2023-08-20 12:30:00,24.632274618129234
2023-08-20 13:00:00,24.451929824561407
30:00,2
2023-08-20 14:00:00,23.754736842105263
2023-08-20 14:30:00,23.535877192982458
2023-08-20 15:00:00,23.154238849267006
2023-08-20 15:30:00,22.060889528824692
2023-08-20 16:00:00,21.474258607067075
2023-08-20 16:30:00,21.033276725535874
2023-08-20 17:00:00,21.401742930982675
2023-08-20 17:30:00,21.56280701754386
2023-08-20 18:00:00,21.67585964912281
2023-08-20 18:30:00,21.514456140350877
2023-08-20 19:00:00,21.132350877192987
2023-08-20 19:30:00,20.590070175438598
2023-08-20 20:00:00,19.747017543859652
2023-08-20 20:30:00,18.42982456140351
2023-08-20 21:00:00,17.11678947368421
2023-08-20 21:30:00,16.261789473684214
2023-08-20 22:00:00,15.708456140350878
2023-08-20 22:30:00,15.296526315789476
2023-08-20 23:00:00,14.959157894736842
2023-08-20 23:30:00,14.811368421052627
2023-08-21 00:00:00,12.72035144812356
2023-08-21 00:30:00,13.502434591886995
2023-08-21 01:00:00,14.183674067183189
2023-08-21 01:30:00,14.72149977805398
2023-08-21 02:00:00,16.00973290962718
2023-08-21 02:30:00,18.15995528511438
2023-08-21 03:00:00,20.750579403367485
2023-08-21 03:30:00,23.332118817942884
2023-08-21 04:00:00,25.23621553148223
2023-08-21 04:30:00,26.397589822662013
2023-08-21 05:00:00,26.82582068818264
2023-08-21 05:30:00,26.840326248525017
2023-08-21 06:00:00,26.849473684210533
2023-08-21 06:30:00,26.943157894736846
2023-08-21 07:00:00,26.806140350877197
2023-08-21 07:30:00,26.518157894736845
2023-08-21 08:00:00,26.13008771929825
2023-08-21 08:30:00,25.9015350877193
2023-08-21 09:00:00,26.016140350877194
2023-08-21 09:30:00,26.446497579205417
2023-08-21 10:00:00,26.660639200309657
2023-08-21 10:30:00,26.59081463890615
2023-08-21 11:00:00,25.76863411940147
2023-08-21 11:30:00,24.985964912280707
2023-08-21 12:00:00,24.091929824561404
2023-08-21 12:30:00,23.68245614035088
2023-08-21 13:00:00,23.675131578947372
2023-08-21 13:30:00,23.789438596491234
2023-08-21 14:00:00,23.825728070175444
2023-08-21 14:30:00,23.721263157894743
2023-08-21 15:00:00,23.68228070175439
2023-08-21 15:30:00,23.86064912280702
2023-08-21 16:00:00,24.077192982456143
2023-08-21 16:30:00,24.45973684210527
2023-08-21 17:00:00,24.911288099184173
2023-08-21 17:30:00,24.986395261771694
2023-08-21 18:00:00,24.70890616651141
2023-08-21 18:30:00,24.152706109736048
2023-08-21 19:00:00,23.170893842618838
2023-08-21 19:30:00,21.738070778757262
2023-08-21 20:00:00,19.769575168012462
2023-08-21 20:30:00,18.32013161743252
2023-08-21 21:00:00,17.608724744650445
2023-08-21 21:30:00,17.46881593569464
2023-08-21 22:00:00,17.3280701754386
2023-08-21 22:30:00,16.98105263157895
2023-08-21 23:00:00,16.560561403508775
2023-08-21 23:30:00,16.238561403508776
2023-08-22 00:00:00,15.596175511600741
2023-08-22 00:30:00,15.954250059774006
2023-08-22 01:00:00,16.25279436722938
2023-08-22 01:30:00,16.515091066162135
2023-08-22 02:00:00,17.35641533710994
2023-08-22 02:30:00,19.057590139976536
2023-08-22 03:00:00,21.33243762200939
2023-08-22 03:30:00,23.82615169419059
2023-08-22 04:00:00,24.924723219137377
2023-08-22 04:30:00,25.037560184191488
2023-08-22 05:00:00,24.79896522479022
2023-08-22 05:30:00,25.33220695590879
2023-08-22 06:00:00,25.627011647945892
2023-08-22 06:30:00,25.433081823384487
2023-08-22 07:00:00,25.156997052043124
2023-08-22 07:30:00,25.24050877192983
2023-08-22 08:00:00,25.353236842105265
2023-08-22 08:30:00,25.180701754385968
2023-08-22 09:00:00,24.891929824561405
2023-08-22 09:30:00,24.886372597799546
2023-08-22 10:00:00,24.762977442521436
2023-08-22 10:30:00,24.43841603901266
2023-08-22 11:00:00,24.08821219625324
2023-08-22 11:30:00,23.641396719017894
2023-08-22 12:00:00,23.412846069614734
2023-08-22 12:30:00,23.013723262597193
2023-08-22 13:00:00,22.68612767237798
2023-08-22 13:30:00,22.561682105974654
2023-08-22 14:00:00,22.704603158606233
2023-08-22 14:30:00,22.99022777837069
2023-08-22 15:00:00,23.514783989103147
2023-08-22 15:30:00,24.237082692572145
2023-08-22 16:00:00,25.041055608200384
2023-08-22 16:30:00,25.92080736749701
2023-08-22 17:00:00,25.940008619535195
2023-08-22 17:30:00,25.46047093016583
2023-08-22 18:00:00,24.19373244123876
2023-08-22 18:30:00,22.783836433424497
2023-08-22 19:00:00,21.52494201376403
2023-08-22 19:30:00,20.53794662895452
2023-08-22 20:00:00,20.19935013772645
2023-08-22 20:30:00,20.093913449349436
2023-08-22 21:00:00,19.41934154932562
2023-08-22 21:30:00,17.966679404800264
2023-08-22 22:00:00,16.28436334168944
2023-08-22 22:30:00,15.214771270105592
2023-08-22 23:00:00,15.328317695885266
2023-08-22 23:30:00,15.989749136755085
2023-08-25 00:00:00,14.2916102657111
2023-08-25 00:30:00,14.231990069459991
2023-08-25 01:00:00,14.085966620699821
2023-08-25 01:30:00,13.76947368421053
2023-08-25 02:00:00,13.797314496767667
2023-08-25 02:30:00,14.502674975754212
2023-08-25 03:00:00,15.786151963575037
2023-08-25 03:30:00,17.40685334921669
2023-08-25 04:00:00,18.874740662977985
2023-08-25 04:30:00,19.871926932918083
2023-08-25 05:00:00,20.92704060336281
2023-08-25 05:30:00,21.94357641672286
2023-08-25 06:00:00,23.550006873671947
2023-08-25 06:30:00,25.975387383232718
2023-08-25 07:00:00,27.891092584295123
2023-08-25 07:30:00,28.817259835377786
2023-08-25 08:00:00,27.632170043497414
2023-08-25 08:30:00,26.021370092740323
2023-08-25 09:00:00,24.428574920649496
2023-08-25 09:30:00,23.475064201295435
2023-08-25 10:00:00,23.0937854909221
2023-08-25 10:30:00,23.16105263157895
2023-08-25 11:00:00,23.12780299204387
2023-08-25 11:30:00,22.916350871544935
2023-08-25 12:00:00,22.637685525576725
2023-08-25 12:30:00,22.598650437857426
2023-08-25 13:00:00,22.700090360695157
2023-08-25 13:30:00,22.61095614035088
2023-08-25 14:00:00,22.650508771929825
2023-08-25 14:30:00,22.609695339498355
2023-08-25 15:00:00,22.740475053788902
2023-08-25 15:30:00,23.050501369578374
2023-08-25 16:00:00,23.74668513440534
2023-08-25 16:30:00,24.482645333433794
2023-08-25 17:00:00,24.43457364481291
2023-08-25 17:30:00,23.779326928694115
2023-08-25 18:00:00,22.952740069126616
2023-08-25 18:30:00,22.51644495104557
2023-08-25 19:00:00,21.758520721136822
2023-08-25 19:30:00,20.268623062401996
2023-08-25 20:00:00,18.095528376636782
2023-08-25 20:30:00,16.08441434154906
2023-08-25 21:00:00,14.760021154785361
2023-08-25 21:30:00,13.93521052631579
2023-08-25 22:00:00,13.667324561403511
2023-08-25 22:30:00,13.610877192982457
2023-08-25 23:00:00,13.674770493082312
2023-08-25 23:30:00,13.734962622919072
2023-08-26 00:00:00,13.893663550899277
2023-08-26 00:30:00,14.336715601077712
2023-08-26 01:00:00,14.696776331583324
2023-08-26 01:30:00,14.963273154599813
2023-08-26 02:00:00,15.672174531795816
2023-08-26 02:30:00,17.06335887818425
2023-08-26 03:00:00,18.64483903128321
2023-08-26 03:30:00,20.0799237155479
2023-08-26 04:00:00,21.374855962940444
2023-08-26 04:30:00,22.9319411554133
2023-08-26 05:00:00,24.630621475331626
2023-08-26 05:30:00,25.897288141998292
2023-08-26 06:00:00,26.751248464399065
2023-08-26 06:30:00,27.263775963028838
2023-08-26 07:00:00,27.616491228070178
2023-08-26 07:30:00,27.708421052631582
2023-08-26 08:00:00,27.247017543859652
2023-08-26 08:30:00,26.871228070175437
2023-08-26 09:00:00,26.781403508771934
2023-08-26 09:30:00,26.841403508771933
2023-08-26 10:00:00,26.80245614035088
2023-08-26 10:30:00,26.536140350877194
2023-08-26 11:00:00,26.48561403508772
2023-08-26 11:30:00,26.401789473684214
2023-08-26 12:00:00,26.083824561403514
2023-08-26 12:30:00,25.388035087719302
2023-08-26 13:00:00,24.731035087719302
2023-08-26 13:30:00,24.364912280701756
2023-08-26 14:00:00,24.3180350877193
2023-08-26 14:30:00,24.40876315789474
2023-08-26 15:00:00,24.49994736842105
2023-08-26 15:30:00,24.837528101725507
2023-08-26 16:00:00,25.31765651308518
2023-08-26 16:30:00,25.66177932010272
2023-08-26 17:00:00,25.563297557646038
2023-08-26 17:30:00,25.106781444125875
2023-08-26 18:00:00,24.59148986100568
2023-08-26 18:30:00,23.602358638537925
2023-08-26 19:00:00,22.056625490425436
2023-08-26 19:30:00,20.197636867747494
2023-08-26 20:00:00,18.45723943531297
2023-08-26 20:30:00,17.321821547751316
2023-08-26 21:00:00,16.984101028054916
2023-08-26 21:30:00,16.741751628610942
2023-08-26 22:00:00,16.486175438596494
2023-08-26 22:30:00,16.060596491228072
2023-08-26 23:00:00,15.670561403508772
2023-08-26 23:30:00,15.506245614035086
2023-08-27 00:00:00,14.368385964912283
2023-08-27 00:30:00,14.62021052631579
2023-08-27 01:00:00,14.77858169296522
2023-08-27 01:30:00,14.871907627167127
2023-08-27 02:00:00,15.495416399096952
2023-08-27 02:30:00,17.176304690776547
2023-08-27 03:00:00,18.897543859649126
2023-08-27 03:30:00,20.470526315789474
2023-08-27 04:00:00,21.579411672460868
2023-08-27 04:30:00,22.817877636690454
2023-08-27 05:00:00,24.061952274055358
2023-08-27 05:30:00,24.166921010573905
2023-08-27 06:00:00,23.708126020175715
2023-08-27 06:30:00,24.041614785585285
2023-08-27 07:00:00,25.33484209985819
2023-08-27 07:30:00,26.722531350338944
2023-08-27 08:00:00,26.969853387505356
2023-08-27 08:30:00,26.564285765796672
2023-08-27 09:00:00,26.693684210526317
2023-08-27 09:30:00,26.883508771929826
2023-08-27 10:00:00,27.126614035087723
2023-08-27 10:30:00,27.17438596491228
2023-08-27 11:00:00,27.074385964912285
2023-08-27 11:30:00,26.74145614035088
2023-08-27 12:00:00,26.298684210526318
2023-08-27 12:30:00,25.93352631578948
2023-08-27 13:00:00,25.773394736842107
2023-08-27 13:30:00,25.436087719298254
2023-08-27 14:00:00,25.16843859649123
2023-08-27 14:30:00,24.97148980831138
2023-08-27 15:00:00,24.74516145418418
2023-08-27 15:30:00,24.605907068219267
2023-08-27 16:00:00,24.51321171279824
2023-08-27 16:30:00,24.51569298245614
2023-08-27 17:00:00,24.519315789473684
2023-08-27 17:30:00,24.102171137274883
2023-08-27 18:00:00,23.467976004157943
2023-08-27 18:30:00,22.541660214684256
2023-08-27 19:00:00,21.455742388043884
2023-08-27 19:30:00,20.34693950692061
2023-08-27 20:00:00,18.432024616811805
2023-08-27 20:30:00,16.583819351269074
2023-08-27 21:00:00,15.222623406434487
2023-08-27 21:30:00,14.919730359093641
2023-08-27 22:00:00,14.891211757787362
2023-08-27 22:30:00,14.639210526315791
2023-08-27 23:00:00,14.347714035087721
2023-08-27 23:30:00,14.234606140350877
2023-08-28 00:00:00,12.685254841947907
2023-08-28 00:30:00,12.958222172664376
2023-08-28 01:00:00,13.161893300552817
2023-08-28 01:30:00,12.8304055924821
2023-08-28 02:00:00,12.69557212952549
2023-08-28 02:30:00,12.909449154583859
2023-08-28 03:00:00,13.824102792007226
2023-08-28 03:30:00,15.52546867764203
2023-08-28 04:00:00,17.4105350877193
2023-08-28 04:30:00,19.12124561403509
2023-08-28 05:00:00,20.290368421052634
2023-08-28 05:30:00,21.000508771929827
2023-08-28 06:00:00,21.436491228070178
2023-08-28 06:30:00,21.57263157894737
2023-08-28 07:00:00,21.573333333333338
2023-08-28 07:30:00,21.675087719298247
2023-08-28 08:00:00,22.028517543859653
2023-08-28 08:30:00,22.43390682431662
2023-08-28 09:00:00,23.231660119004506
2023-08-28 09:30:00,24.120874833793966
2023-08-28 10:00:00,25.171591621542984
2023-08-28 10:30:00,25.592956696521757
2023-08-28 11:00:00,25.456934855523528
2023-08-28 11:30:00,24.882095549925122
2023-08-28 12:00:00,24.448421052631584
2023-08-28 12:30:00,24.04315789473684
2023-08-28 13:00:00,23.74666666666667
2023-08-28 13:30:00,23.344561403508777
2023-08-28 14:00:00,22.87824561403509
2023-08-28 14:30:00,22.634035087719298
2023-08-28 15:00:00,22.60456140350877
2023-08-28 15:30:00,23.124990703669713
2023-08-28 16:00:00,23.63626001149197
2023-08-28 16:30:00,23.707909134298987
2023-08-28 17:00:00,23.164400362369165
2023-08-28 17:30:00,22.067789473684215
2023-08-28 18:00:00,20.88778947368421
2023-08-28 18:30:00,19.18877192982456
2023-08-28 19:00:00,17.311677106579918
2023-08-28 19:30:00,15.724084403059587
2023-08-28 20:00:00,14.944151744756107
2023-08-28 20:30:00,14.860993535081832
2023-08-28 21:00:00,14.948380753127424
2023-08-28 21:30:00,14.914736842105265
2023-08-28 22:00:00,14.765614035087722
2023-08-28 22:30:00,14.522456140350878
2023-08-28 23:00:00,14.400463157894734
2023-08-28 23:30:00,14.36725614035087
2023-08-29 00:00:00,12.663875476098028
2023-08-29 00:30:00,12.80921965022692
2023-08-29 01:00:00,13.087618857061459
2023-08-29 01:30:00,13.257856482147439
2023-08-29 02:00:00,14.348189287980455
2023-08-29 02:30:00,16.612347431620538
2023-08-29 03:00:00,19.583490212336535
2023-08-29 03:30:00,22.745786981647083
2023-08-29 04:00:00,25.003084729454628
2023-08-29 04:30:00,26.418057981224894
2023-08-29 05:00:00,27.327368421052636
2023-08-29 05:30:00,27.73703388686081
2023-08-29 06:00:00,27.729866458683954
2023-08-29 06:30:00,27.553930288870504
2023-08-29 07:00:00,27.63896839100705
2023-08-29 07:30:00,27.836044550153005
2023-08-29 08:00:00,28.01031578947369
2023-08-29 08:30:00,27.629473684210534
2023-08-29 09:00:00,27.171929824561406
2023-08-29 09:30:00,26.818245614035092
2023-08-29 10:00:00,26.580872257002344
2023-08-29 10:30:00,26.39486837979253
2023-08-29 11:00:00,25.85641080532244
2023-08-29 11:30:00,25.280187431913877
2023-08-29 12:00:00,24.620066281593182
2023-08-29 12:30:00,24.606324547614175
2023-08-29 13:00:00,24.616341168927317
2023-08-29 13:30:00,24.74596491228071
2023-08-29 14:00:00,24.641754385964916
2023-08-29 14:30:00,24.618350877192984
2023-08-29 15:00:00,25.202012048026464
2023-08-29 15:30:00,26.351236127453134
2023-08-29 16:00:00,27.163639636225067
2023-08-29 16:30:00,27.41816823973133
2023-08-29 17:00:00,26.531294187499142
2023-08-29 17:30:00,25.20925592936268
2023-08-29 18:00:00,23.51704557887039
2023-08-29 18:30:00,21.521719298245614
2023-08-29 19:00:00,19.58600174091951
2023-08-29 19:30:00,18.03013057613446
2023-08-29 20:00:00,17.09399022525727
2023-08-29 20:30:00,16.69737457778936
2023-08-29 21:00:00,16.242507014266717
2023-08-29 21:30:00,15.599649122807017
2023-08-29 22:00:00,15.247719298245615
2023-08-29 22:30:00,15.05263157894737
2023-08-29 23:00:00,15.0660350877193
2023-08-29 23:30:00,14.964140350877189
2023-08-30 00:00:00,12.984982276913534
2023-08-30 00:30:00,12.809615562243645
2023-08-30 01:00:00,12.753333333333336
2023-08-30 01:30:00,12.980089615871897
2023-08-30 02:00:00,13.83519525834452
2023-08-30 02:30:00,15.432739117993643
2023-08-30 03:00:00,17.56459724985753
2023-08-30 03:30:00,19.577192982456143
2023-08-30 04:00:00,20.624273279098215
2023-08-30 04:30:00,22.174309950962556
2023-08-30 05:00:00,23.38911086146753
2023-08-30 05:30:00,24.20531107684181
2023-08-30 06:00:00,24.441735973177014
2023-08-30 06:30:00,24.452472492866146
2023-08-30 07:00:00,25.548421052631582
2023-08-30 07:30:00,26.277192982456143
2023-08-30 08:00:00,26.518245614035095
2023-08-30 08:30:00,25.837192982456145
2023-08-30 09:00:00,25.311824561403512
2023-08-30 09:30:00,25.326324561403514
2023-08-30 10:00:00,25.811561403508776
2023-08-30 10:30:00,26.133736842105264
2023-08-30 11:00:00,26.308368421052634
2023-08-30 11:30:00,26.158245614035092
2023-08-30 12:00:00,25.600000000000005
2023-08-30 12:30:00,24.540701754385967
2023-08-30 13:00:00,23.667017543859654
2023-08-30 13:30:00,23.355350877192986
2023-08-30 14:00:00,23.42522807017544
2023-08-30 14:30:00,23.255945367754837
2023-08-30 15:00:00,22.7886762597534
2023-08-30 15:30:00,22.462786636671296
2023-08-30 16:00:00,22.35025956043509
2023-08-30 16:30:00,22.497133133031625
2023-08-30 17:00:00,22.318684210526317
2023-08-30 17:30:00,22.19885964912281
2023-08-30 18:00:00,22.123383417938467
2023-08-30 18:30:00,22.353940858507965
2023-08-30 19:00:00,22.131967174297433
2023-08-30 19:30:00,20.923405770788666
2023-08-30 20:00:00,18.51013103446998
2023-08-30 20:30:00,15.835594179534914
2023-08-30 21:00:00,14.0331476736469
2023-08-30 21:30:00,13.327544136729898
2023-08-30 22:00:00,13.362989205324723
2023-08-30 22:30:00,13.47022807017544
2023-08-30 23:00:00,13.448677192982457
2023-08-30 23:30:00,13.40172631578947
2023-08-31 00:00:00,12.873537660811825
2023-08-31 00:30:00,13.015258245685308
2023-08-31 01:00:00,13.133629856451536
2023-08-31 01:30:00,13.055640286246977
2023-08-31 02:00:00,13.47699805624304
2023-08-31 02:30:00,14.732590387692051
2023-08-31 03:00:00,16.941200614798547
2023-08-31 03:30:00,19.406122390043578
2023-08-31 04:00:00,21.20526315789474
2023-08-31 04:30:00,22.84561403508772
2023-08-31 05:00:00,24.020350877192985
2023-08-31 05:30:00,25.36157801680238
2023-08-31 06:00:00,26.716378193881066
2023-08-31 06:30:00,27.547307679696363
2023-08-31 07:00:00,27.53737881988941
2023-08-31 07:30:00,26.82875232066021
2023-08-31 08:00:00,26.29268582900784
2023-08-31 08:30:00,26.70385180066698
2023-08-31 09:00:00,27.128771929824566
2023-08-31 09:30:00,27.040701754385967
2023-08-31 10:00:00,26.65122807017544
2023-08-31 10:30:00,26.24350877192983
2023-08-31 11:00:00,25.997543859649127
2023-08-31 11:30:00,25.74526315789474
2023-08-31 12:00:00,25.303508771929828
2023-08-31 12:30:00,24.831929824561403
2023-08-31 13:00:00,24.61877192982456
2023-08-31 13:30:00,24.3709649122807
2023-08-31 14:00:00,24.09763157894737
2023-08-31 14:30:00,23.637236842105267
2023-08-31 15:00:00,23.160350877192986
2023-08-31 15:30:00,22.680350877192982
2023-08-31 16:00:00,22.164912280701756
2023-08-31 16:30:00,21.56245614035088
2023-08-31 17:00:00,21.361403508771932
2023-08-31 17:30:00,21.40982456140351
2023-08-31 18:00:00,21.598947368421054
2023-08-31 18:30:00,21.340701754385965
2023-08-31 19:00:00,20.250175438596496
2023-08-31 19:30:00,18.520350877192985
2023-08-31 20:00:00,16.365263157894738
2023-08-31 20:30:00,14.59382456140351
2023-08-31 21:00:00,13.450912280701756
2023-08-31 21:30:00,12.850912280701756
2023-08-31 22:00:00,12.546684210526315
2023-08-31 22:30:00,12.351578947368422
2023-08-31 23:00:00,12.310456140350878
2023-08-31 23:30:00,12.308666666666666
2023-09-01 00:00:00,9.632026764246776
2023-09-01 00:30:00,10.50424672179581
2023-09-01 01:00:00,11.413256830988061
2023-09-01 01:30:00,11.905749400731523
2023-09-01 02:00:00,12.608667349464893
2023-09-01 02:30:00,13.760228253153782
2023-09-01 03:00:00,15.713251107738103
2023-09-01 03:30:00,17.95406788980199
2023-09-01 04:00:00,19.892951410412373
2023-09-01 04:30:00,21.386249656026408
2023-09-01 05:00:00,22.292933107063174
2023-09-01 05:30:00,23.336842105263162
2023-09-01 06:00:00,24.82526315789474
2023-09-01 06:30:00,26.402807017543864
2023-09-01 07:00:00,27.441754385964916
2023-09-01 07:30:00,27.252631578947373
2023-09-01 08:00:00,26.694736842105268
2023-09-01 08:30:00,26.576668375948234
2023-09-01 09:00:00,27.25775460086904
2023-09-01 09:30:00,27.355314066872698
2023-09-01 10:00:00,27.147957200348003
2023-09-01 10:30:00,26.294542991117392
2023-09-01 11:00:00,25.985964912280707
2023-09-01 11:30:00,25.712982456140352
2023-09-01 12:00:00,25.758596491228072
2023-09-01 12:30:00,25.5340350877193
2023-09-01 13:00:00,25.016140350877194
2023-09-01 13:30:00,24.694736842105268
2023-09-01 14:00:00,24.837894736842106
2023-09-01 14:30:00,25.601298245614036
2023-09-01 15:00:00,25.814913657845967
2023-09-01 15:30:00,24.748999972683425
2023-09-01 16:00:00,23.70700679531916
2023-09-01 16:30:00,22.99842784795074
2023-09-01 17:00:00,23.133024317304592
2023-09-01 17:30:00,23.44522714141849
2023-09-01 18:00:00,23.131336321321854
2023-09-01 18:30:00,22.232951879193127
2023-09-01 19:00:00,20.19839892349489
2023-09-01 19:30:00,17.707568135659276
2023-09-01 20:00:00,15.493533047939977
2023-09-01 20:30:00,14.29081338162644
2023-09-01 21:00:00,14.12045614035088
2023-09-01 21:30:00,14.32747368421053
2023-09-01 22:00:00,14.527473684210527
2023-09-01 22:30:00,14.588964912280703
2023-09-01 23:00:00,14.853543859649124
2023-09-01 23:30:00,15.219087719298244
2023-09-02 00:00:00,14.219571686159872
2023-09-02 00:30:00,15.091812512183248
2023-09-02 01:00:00,15.66666666666667
2023-09-02 01:30:00,16.149085090311264
2023-09-02 02:00:00,16.836815565454728
2023-09-02 02:30:00,18.799107800201615
2023-09-02 03:00:00,21.809940881706854
2023-09-02 03:30:00,24.988005029624702
2023-09-02 04:00:00,27.55147625177031
2023-09-02 04:30:00,28.853059940881014
2023-09-02 05:00:00,29.116975736242143
2023-09-02 05:30:00,28.507841068775814
2023-09-02 06:00:00,27.817543859649124
2023-09-02 06:30:00,27.704561403508773
2023-09-02 07:00:00,27.785964912280704
2023-09-02 07:30:00,27.773333333333337
2023-09-02 08:00:00,28.22280701754386
2023-09-02 08:30:00,28.95684210526316
2023-09-02 09:00:00,29.591228070175443
2023-09-02 09:30:00,29.619298245614036
2023-09-02 10:00:00,29.397894736842108
2023-09-02 10:30:00,29.394035087719303
2023-09-02 11:00:00,29.268236842105267
2023-09-02 11:30:00,29.21489473684211
2023-09-02 12:00:00,29.27664912280702
2023-09-02 12:30:00,29.858052631578953
2023-09-02 13:00:00,30.212198129102827
2023-09-02 13:30:00,29.871719447296794
2023-09-02 14:00:00,28.36680716659504
2023-09-02 14:30:00,26.548819588649874
2023-09-02 15:00:00,25.26749122807018
2023-09-02 15:30:00,24.78749122807018
2023-09-02 16:00:00,24.362228070175437
2023-09-02 16:30:00,23.44639473684211
2023-09-02 17:00:00,22.22947368421053
2023-09-02 17:30:00,21.098596491228076
2023-09-02 18:00:00,19.99543859649123
2023-09-02 18:30:00,19.114385964912284
2023-09-02 19:00:00,17.919776447946635
2023-09-02 19:30:00,16.442494255134125
2023-09-02 20:00:00,14.872183487318674
2023-09-02 20:30:00,13.784052558073123
2023-09-02 21:00:00,13.381742038894261
2023-09-02 21:30:00,13.039326407855773
2023-09-02 22:00:00,12.197543859649125
2023-09-02 22:30:00,11.578245614035088
2023-09-02 23:00:00,11.230807017543858
2023-09-02 23:30:00,11.316736842105259
2023-09-17 00:00:00,13.611225537949702
2023-09-17 00:30:00,14.049537060984768
2023-09-17 01:00:00,13.878493273473806
2023-09-17 01:30:00,13.408730457141166
2023-09-17 02:00:00,13.303553764439618
2023-09-17 02:30:00,14.78721478764534
2023-09-17 03:00:00,17.04891789395099
2023-09-17 03:30:00,19.23318545678922
2023-09-17 04:00:00,20.59493984275413
2023-09-17 04:30:00,21.64923349469277
2023-09-17 05:00:00,22.69543859649123
2023-09-17 05:30:00,24.092631578947373
2023-09-17 06:00:00,25.951883185779295
2023-09-17 06:30:00,27.474916406944715
2023-09-17 07:00:00,28.59148701771797
2023-09-17 07:30:00,28.82481565794016
2023-09-17 08:00:00,28.38625574386512
2023-09-17 08:30:00,28.39122807017544
2023-09-17 09:00:00,28.205614035087724
2023-09-17 09:30:00,28.05894736842106
2023-09-17 10:00:00,27.552982456140352
2023-09-17 10:30:00,26.51473684210527
2023-09-17 11:00:00,25.55182456140351
2023-09-17 11:30:00,24.752975166021443
2023-09-17 12:00:00,24.71895843026907
2023-09-17 12:30:00,25.278660184655035
2023-09-17 13:00:00,25.752645926602415
2023-09-17 13:30:00,26.095938596491234
2023-09-17 14:00:00,25.831842105263163
2023-09-17 14:30:00,25.28026315789474
2023-09-17 15:00:00,24.911517543859656
2023-09-17 15:30:00,24.6661052631579
2023-09-17 16:00:00,24.322947368421055
2023-09-17 16:30:00,23.261368421052634
2023-09-17 17:00:00,21.360184210526317
2023-09-17 17:30:00,19.176491228070176
2023-09-17 18:00:00,17.068771929824564
2023-09-17 18:30:00,15.42105263157895
2023-09-17 19:00:00,14.309122807017546
2023-09-17 19:30:00,13.763815789473684
2023-09-17 20:00:00,13.69068421052632
2023-09-17 20:30:00,13.574192982456141
2023-09-17 21:00:00,13.313736842105264
2023-09-17 21:30:00,13.07684210526316
2023-09-17 22:00:00,13.253684210526318
2023-09-17 22:30:00,13.777543859649123
2023-09-17 23:00:00,14.144561403508773
2023-09-17 23:30:00,14.387192982456137
2023-09-24 00:00:00,12.827438596491225
2023-09-24 00:30:00,12.673614035087718
2023-09-24 01:00:00,12.480000000000002
2023-09-24 01:30:00,12.489122807017544
2023-09-24 02:00:00,13.157543859649124
2023-09-24 02:30:00,15.365263157894738
2023-09-24 03:00:00,18.648070175438598
2023-09-24 03:30:00,22.684496808780214
2023-09-24 04:00:00,26.415283963587836
2023-09-24 04:30:00,28.547828759288805
2023-09-24 05:00:00,28.92475685691311
2023-09-24 05:30:00,25.443180538751335
2023-09-24 06:00:00,23.721267300239557
2023-09-24 06:30:00,24.496913513090693
2023-09-24 07:00:00,27.752675863059608
2023-09-24 07:30:00,30.438201754385968
2023-09-24 08:00:00,30.657035087719304
2023-09-24 08:30:00,30.705964912280706
2023-09-24 09:00:00,30.7021052631579
2023-09-24 09:30:00,30.616403508771935
2023-09-24 10:00:00,30.540105263157898
2023-09-24 10:30:00,30.56168421052632
2023-09-24 11:00:00,30.371789473684213
2023-09-24 11:30:00,30.03912280701755
2023-09-24 12:00:00,29.626140350877197
2023-09-24 12:30:00,29.198684210526324
2023-09-24 13:00:00,28.797192982456142
2023-09-24 13:30:00,28.54315789473685
2023-09-24 14:00:00,28.170175438596498
2023-09-24 14:30:00,27.25087719298246
2023-09-24 15:00:00,25.95578947368421
2023-09-24 15:30:00,24.181403508771933
2023-09-24 16:00:00,22.70245614035088
2023-09-24 16:30:00,21.545263157894738
2023-09-24 17:00:00,20.60385964912281
2023-09-24 17:30:00,20.260701754385966
2023-09-24 18:00:00,20.128070175438598
2023-09-24 18:30:00,19.848771929824565
2023-09-24 19:00:00,18.736140350877193
2023-09-24 19:30:00,16.63859649122807
2023-09-24 20:00:00,14.47298245614035
2023-09-24 20:30:00,12.958947368421056
2023-09-24 21:00:00,11.918596491228072
2023-09-24 21:30:00,11.16701754385965
2023-09-24 22:00:00,10.366315789473687
2023-09-24 22:30:00,9.65263157894737
2023-09-24 23:00:00,9.031999999999998
2023-09-24 23:30:00,8.569052631578943
2023-10-07 00:00:00,11.047716135458563
2023-10-07 00:30:00,12.474133363029978
2023-10-07 01:00:00,13.444220522280096
2023-10-07 01:30:00,13.203930575978333
2023-10-07 02:00:00,12.818205409723214
2023-10-07 02:30:00,13.334170670739349
2023-10-07 03:00:00,15.297712590938096
2023-10-07 03:30:00,18.827149721183833
2023-10-07 04:00:00,22.933235470357605
2023-10-07 04:30:00,26.825637034486775
2023-10-07 05:00:00,29.506346924206195
2023-10-07 05:30:00,30.96770725439489
2023-10-07 06:00:00,31.29630167668439
2023-10-07 06:30:00,31.304622807017548
2023-10-07 07:00:00,31.343956140350883
2023-10-07 07:30:00,31.28594736842106
2023-10-07 08:00:00,31.317947368421056
2023-10-07 08:30:00,31.31600877192983
2023-10-07 09:00:00,31.45511403508772
2023-10-07 09:30:00,31.495728070175446
2023-10-07 10:00:00,31.27125438596492
2023-10-07 10:30:00,30.76649122807018
2023-10-07 11:00:00,30.04464912280702
2023-10-07 11:30:00,29.7610701754386
2023-10-07 12:00:00,30.110631578947373
2023-10-07 12:30:00,30.827122807017545
2023-10-07 13:00:00,31.381982456140353
2023-10-07 13:30:00,31.520754385964917
2023-10-07 14:00:00,31.358342105263162
2023-10-07 14:30:00,30.62508771929825
2023-10-07 15:00:00,29.126228070175443
2023-10-07 15:30:00,26.941052631578952
2023-10-07 16:00:00,24.959649122807022
2023-10-07 16:30:00,23.228070175438603
2023-10-07 17:00:00,21.721754385964914
2023-10-07 17:30:00,19.857192982456144
2023-10-07 18:00:00,17.857543859649127
2023-10-07 18:30:00,16.002105263157897
2023-10-07 19:00:00,14.40843859649123
2023-10-07 19:30:00,13.255894736842107
2023-10-07 20:00:00,12.321859649122809
2023-10-07 20:30:00,11.525719298245617
2023-10-07 21:00:00,10.91811403508772
2023-10-07 21:30:00,10.481798245614037
2023-10-07 22:00:00,10.244210526315792
2023-10-07 22:30:00,10.021964912280703
2023-10-07 23:00:00,9.837261403508771
2023-10-07 23:30:00,9.678760526315786
2023-10-10 00:00:00,13.096536760820266
2023-10-10 00:30:00,14.154533146206456
2023-10-10 01:00:00,14.719407859181494
2023-10-10 01:30:00,14.308435902142739
2023-10-10 02:00:00,13.80388400287337
2023-10-10 02:30:00,14.617580461018774
2023-10-10 03:00:00,17.39246911679252
2023-10-10 03:30:00,22.03472964983028
2023-10-10 04:00:00,26.67890400133283
2023-10-10 04:30:00,29.73169652854551
2023-10-10 05:00:00,30.97623908504893
2023-10-10 05:30:00,31.203735026592366
2023-10-10 06:00:00,31.196543859649125
2023-10-10 06:30:00,31.142508771929826
2023-10-10 07:00:00,31.075842105263163
2023-10-10 07:30:00,31.036324561403514
2023-10-10 08:00:00,31.091228070175443
2023-10-10 08:30:00,31.219298245614038
2023-10-10 09:00:00,31.207324561403514
2023-10-10 09:30:00,31.202368421052636
2023-10-10 10:00:00,31.215350877192986
2023-10-10 10:30:00,31.325385964912286
2023-10-10 11:00:00,31.4131403508772
2023-10-10 11:30:00,31.47432456140351
2023-10-10 12:00:00,31.499438596491235
2023-10-10 12:30:00,31.51955263157895
2023-10-10 13:00:00,31.50025438596492
2023-10-10 13:30:00,31.34128070175439
2023-10-10 14:00:00,30.959868421052636
2023-10-10 14:30:00,30.13722807017544
2023-10-10 15:00:00,28.358885964912286
2023-10-10 15:30:00,26.518997432161086
2023-10-10 16:00:00,24.308920024229923
2023-10-10 16:30:00,22.404007743528172
2023-10-10 17:00:00,20.451108870625458
2023-10-10 17:30:00,18.908452438931995
2023-10-10 18:00:00,17.70828070175439
2023-10-10 18:30:00,16.345122807017546
2023-10-10 19:00:00,15.095368421052633
2023-10-10 19:30:00,14.152982456140352
2023-10-10 20:00:00,13.869482456140354
2023-10-10 20:30:00,13.70001754385965
2023-10-10 21:00:00,13.52563157894737
2023-10-10 21:30:00,13.477482456140352
2023-10-10 22:00:00,13.539280701754388
2023-10-10 22:30:00,13.66805263157895
2023-10-10 23:00:00,13.653512280701754
2023-10-10 23:30:00,13.607908771929823
2023-10-11 00:00:00,11.684986884365877
2023-10-11 00:30:00,12.591930407643465
2023-10-11 01:00:00,13.164561403508776
2023-10-11 01:30:00,12.90068127985313
2023-10-11 02:00:00,12.814584972011707
2023-10-11 02:30:00,13.632474701109816
2023-10-11 03:00:00,16.42194188162393
2023-10-11 03:30:00,21.105533910417375
2023-10-11 04:00:00,26.02162705236684
2023-10-11 04:30:00,29.494967440231346
2023-10-11 05:00:00,30.988354889948166
2023-10-11 05:30:00,31.23480302582541
2023-10-11 06:00:00,31.145701754385968
2023-10-11 06:30:00,30.999122807017546
2023-10-11 07:00:00,30.82399122807018
2023-10-11 07:30:00,30.768508771929827
2023-10-11 08:00:00,30.713710526315793
2023-10-11 08:30:00,30.73908771929825
2023-10-11 09:00:00,30.754956140350885
2023-10-11 09:30:00,30.796982456140356
2023-10-11 10:00:00,30.927175438596493
2023-10-11 10:30:00,31.17789473684211
2023-10-11 11:00:00,31.369631578947374
2023-10-11 11:30:00,31.48770175438597
2023-10-11 12:00:00,31.502675438596498
2023-10-11 12:30:00,31.458245614035093
2023-10-11 13:00:00,31.44112280701755
2023-10-11 13:30:00,31.37870175438597
2023-10-11 14:00:00,31.370017543859657
2023-10-11 14:30:00,30.947140350877202
00:00,3
2023-10-11 15:30:00,27.755228070175445
2023-10-11 16:00:00,25.57368421052632
2023-10-11 16:30:00,23.59578947368421
2023-10-11 17:00:00,21.93087719298246
2023-10-11 17:30:00,20.440000000000005
2023-10-11 18:00:00,18.95508771929825
2023-10-11 18:30:00,17.345964912280703
2023-10-11 19:00:00,16.163157894736845
2023-10-11 19:30:00,15.385964912280704
2023-10-11 20:00:00,14.797894736842105
2023-10-11 20:30:00,14.088982456140352
2023-10-11 21:00:00,13.502666666666668
2023-10-11 21:30:00,13.16305263157895
2023-10-11 22:00:00,12.93363157894737
2023-10-11 22:30:00,12.903105263157897
2023-10-11 23:00:00,13.121991228070177
2023-10-11 23:30:00,13.432530701754386
2023-10-14 00:00:00,13.248205992553046
2023-10-14 00:30:00,14.485294400356386
2023-10-14 01:00:00,15.538745567078871
2023-10-14 01:30:00,15.728356686343153
2023-10-14 02:00:00,15.705999144213715
2023-10-14 02:30:00,16.00938228355765
2023-10-14 03:00:00,17.919888714965207
2023-10-14 03:30:00,21.028385571584792
2023-10-14 04:00:00,24.500342101173505
2023-10-14 04:30:00,27.377499301918984
2023-10-14 05:00:00,29.12671397307044
2023-10-14 05:30:00,29.84599432257249
2023-10-14 06:00:00,29.81825389487328
2023-10-14 06:30:00,29.49924561403509
2023-10-14 07:00:00,29.458543859649126
2023-10-14 07:30:00,29.704385964912287
2023-10-14 08:00:00,30.094122807017545
2023-10-14 08:30:00,30.577368421052636
2023-10-14 09:00:00,30.764517543859654
2023-10-14 09:30:00,31.066754385964916
2023-10-14 10:00:00,31.139736842105265
2023-10-14 10:30:00,31.38342105263158
2023-10-14 11:00:00,31.513315789473683
2023-10-14 11:30:00,31.586157894736846
2023-10-14 12:00:00,31.509701754385972
2023-10-14 12:30:00,31.420745614035095
2023-10-14 13:00:00,31.242578947368425
2023-10-14 13:30:00,30.57626315789474
2023-10-14 14:00:00,29.11047368421053
2023-10-14 14:30:00,27.230526315789476
2023-10-14 15:00:00,25.188421052631583
2023-10-14 15:30:00,23.894385964912285
2023-10-14 16:00:00,23.165614035087724
2023-10-14 16:30:00,22.80947368421053
2023-10-14 17:00:00,22.057192982456144
2023-10-14 17:30:00,20.631578947368425
2023-10-14 18:00:00,18.753964912280704
2023-10-14 18:30:00,16.80063157894737
2023-10-14 19:00:00,14.66940350877193
2023-10-14 19:30:00,12.878929824561405
2023-10-14 20:00:00,11.658210526315791
2023-10-14 20:30:00,11.32385964912281
2023-10-14 21:00:00,11.43042105263158
2023-10-14 21:30:00,11.844140350877195
2023-10-14 22:00:00,12.344912280701756
2023-10-14 22:30:00,12.813087719298247
2023-10-14 23:00:00,13.030985964912283
2023-10-14 23:30:00,13.053110526315791
2023-10-15 00:00:00,10.967648893229189
2023-10-15 00:30:00,12.36997952949867
2023-10-15 01:00:00,13.408207478603194
2023-10-15 01:30:00,13.623487660821475
2023-10-15 02:00:00,14.228521601254032
2023-10-15 02:30:00,15.539115471277306
2023-10-15 03:00:00,17.920413299870756
2023-10-15 03:30:00,21.457393729937007
2023-10-15 04:00:00,25.5355178584709
2023-10-15 04:30:00,28.965037141466826
2023-10-15 05:00:00,30.914321697854163
2023-10-15 05:30:00,31.41717681370882
2023-10-15 06:00:00,31.488412417634375
2023-10-15 06:30:00,31.490157894736843
2023-10-15 07:00:00,31.466850877192986
2023-10-15 07:30:00,31.519350877192988
2023-10-15 08:00:00,31.572149122807023
2023-10-15 08:30:00,31.60626315789474
2023-10-15 09:00:00,31.6370701754386
2023-10-15 09:30:00,31.593982456140356
2023-10-15 10:00:00,31.608526315789476
2023-10-15 10:30:00,31.54642982456141
2023-10-15 11:00:00,31.521438596491233
2023-10-15 11:30:00,31.55318421052632
2023-10-15 12:00:00,31.53349122807018
2023-10-15 12:30:00,31.520771929824566
2023-10-15 13:00:00,31.448842105263164
2023-10-15 13:30:00,31.42965547583752
2023-10-15 14:00:00,31.06865859353336
2023-10-15 14:30:00,29.993702453182483
2023-10-15 15:00:00,28.269006880503074
2023-10-15 15:30:00,26.30627851740155
2023-10-15 16:00:00,24.69370175438597
2023-10-15 16:30:00,23.096385964912283
2023-10-15 17:00:00,20.97685069037079
2023-10-15 17:30:00,18.43178891321762
2023-10-15 18:00:00,16.046876632515865
2023-10-15 18:30:00,14.189008304874333
2023-10-15 19:00:00,12.913235877006892
2023-10-15 19:30:00,12.192822631206766
2023-10-15 20:00:00,11.942613892988824
2023-10-15 20:30:00,11.922666585658058
2023-10-15 21:00:00,11.929685416315541
2023-10-15 21:30:00,11.98305809818841
2023-10-15 22:00:00,12.425078947368421
2023-10-15 22:30:00,12.775596491228072
2023-10-15 23:00:00,12.961708771929827
2023-10-15 23:30:00,12.947431578947368
2023-10-17 00:00:00,12.443859649122807
2023-10-17 00:30:00,12.96526315789474
2023-10-17 01:00:00,13.672982456140351
2023-10-17 01:30:00,14.582036377742858
2023-10-17 02:00:00,14.920383374548711
2023-10-17 02:30:00,15.07913154654566
2023-10-17 03:00:00,16.390904586812315
2023-10-17 03:30:00,20.08256161483226
2023-10-17 04:00:00,25.18238367820169
2023-10-17 04:30:00,29.13599504524264
2023-10-17 05:00:00,30.939958218259076
2023-10-17 05:30:00,31.185304334175967
2023-10-17 06:00:00,31.09635087719299
2023-10-17 06:30:00,31.03873684210527
2023-10-17 07:00:00,30.90943859649123
2023-10-17 07:30:00,30.81793859649123
2023-10-17 08:00:00,30.76228070175439
2023-10-17 08:30:00,30.819035087719303
2023-10-17 09:00:00,30.803859649122813
2023-10-17 09:30:00,30.8110701754386
2023-10-17 10:00:00,30.853728070175446
2023-10-17 10:30:00,30.913675438596496
2023-10-17 11:00:00,31.001350877192987
2023-10-17 11:30:00,30.94687719298246
2023-10-17 12:00:00,30.871350877192985
2023-10-17 12:30:00,30.812719298245614
2023-10-17 13:00:00,30.795912280701756
2023-10-17 13:30:00,30.908789473684212
2023-10-17 14:00:00,30.73321929824562
2023-10-17 14:30:00,29.574842105263162
2023-10-17 15:00:00,27.70850877192983
2023-10-17 15:30:00,25.340350877192986
2023-10-17 16:00:00,23.490526315789477
2023-10-17 16:30:00,22.109122807017545
2023-10-17 17:00:00,21.013684210526318
2023-10-17 17:30:00,19.802807017543863
2023-10-17 18:00:00,18.41964912280702
2023-10-17 18:30:00,17.00385964912281
2023-10-17 19:00:00,15.837192982456143
2023-10-17 19:30:00,14.567368421052635
2023-10-17 20:00:00,13.523508771929826
2023-10-17 20:30:00,12.755789473684212
2023-10-17 21:00:00,12.46561403508772
2023-10-17 21:30:00,12.442807017543862
2023-10-17 22:00:00,12.4740350877193
2023-10-17 22:30:00,12.562105263157896
2023-10-17 23:00:00,12.580842105263159
2023-10-17 23:30:00,12.54863157894737
2023-10-18 00:00:00,11.756526202553964
2023-10-18 00:30:00,12.643159562926991
2023-10-18 01:00:00,13.367590781129818
2023-10-18 01:30:00,13.771999427298631
2023-10-18 02:00:00,14.568008071503842
2023-10-18 02:30:00,16.42332265628734
2023-10-18 03:00:00,18.870254351239595
2023-10-18 03:30:00,22.35417477070671
2023-10-18 04:00:00,25.4765046774121
2023-10-18 04:30:00,28.61655198944843
2023-10-18 05:00:00,30.330251195658317
2023-10-18 05:30:00,31.17884499108611
2023-10-18 06:00:00,31.18438566134778
2023-10-18 06:30:00,31.09001754385965
2023-10-18 07:00:00,30.90557894736843
2023-10-18 07:30:00,30.75535964912281
2023-10-18 08:00:00,30.739350877192987
2023-10-18 08:30:00,30.751096491228072
2023-10-18 09:00:00,30.812236842105268
2023-10-18 09:30:00,30.892929824561406
2023-10-18 10:00:00,31.02366666666667
2023-10-18 10:30:00,31.174149122807023
2023-10-18 11:00:00,31.307675438596494
2023-10-18 11:30:00,31.319192982456144
2023-10-18 12:00:00,31.2459649122807
2023-10-18 12:30:00,31.143614035087722
2023-10-18 13:00:00,31.034587719298248
2023-10-18 13:30:00,30.915508771929826
2023-10-18 14:00:00,30.758547879108377
2023-10-18 14:30:00,30.70257647275034
2023-10-18 15:00:00,29.999567292714843
2023-10-18 15:30:00,27.929065629031697
2023-10-18 16:00:00,24.869313312760102
2023-10-18 16:30:00,22.107191310025375
2023-10-18 17:00:00,20.035049844588286
2023-10-18 17:30:00,18.25684210526316
2023-10-18 18:00:00,16.53649122807018
2023-10-18 18:30:00,15.223508771929827
2023-10-18 19:00:00,14.548771929824563
2023-10-18 19:30:00,14.06245614035088
2023-10-18 20:00:00,13.690175438596492
2023-10-18 20:30:00,13.665263157894737
2023-10-18 21:00:00,13.74680701754386
2023-10-18 21:30:00,13.969754385964913
2023-10-18 22:00:00,14.075017543859651
2023-10-18 22:30:00,13.92463157894737
2023-10-18 23:00:00,13.698035087719298
2023-10-18 23:30:00,13.383017543859646
2023-10-19 00:00:00,13.652631578947373
2023-10-19 00:30:00,14.355087719298247
2023-10-19 01:00:00,14.866666666666669
2023-10-19 01:30:00,15.332982456140352
2023-10-19 02:00:00,15.678571259703185
2023-10-19 02:30:00,16.93620482758343
2023-10-19 03:00:00,18.70037785780247
2023-10-19 03:30:00,21.11447701768552
2023-10-19 04:00:00,24.051551789136912
2023-10-19 04:30:00,26.928911565870212
2023-10-19 05:00:00,29.216819856115517
2023-10-19 05:30:00,30.45674914085536
2023-10-19 06:00:00,30.787272720841482
2023-10-19 06:30:00,31.049254385964918
2023-10-19 07:00:00,30.92649122807018
2023-10-19 07:30:00,30.98008771929825
2023-10-19 08:00:00,31.02170175438597
2023-10-19 08:30:00,31.074087719298248
2023-10-19 09:00:00,31.041350877192986
2023-10-19 09:30:00,31.019491228070176
2023-10-19 10:00:00,30.996956140350886
2023-10-19 10:30:00,31.100008771929826
2023-10-19 11:00:00,31.090491228070178
2023-10-19 11:30:00,31.08257894736843
2023-10-19 12:00:00,30.92959649122807
2023-10-19 12:30:00,30.92113157894737
2023-10-19 13:00:00,30.91083333333334
2023-10-19 13:30:00,30.78066845374639
2023-10-19 14:00:00,30.02285266427271
2023-10-19 14:30:00,28.527414067781482
2023-10-19 15:00:00,26.488545619484047
2023-10-19 15:30:00,24.376140350877193
2023-10-19 16:00:00,22.392773104020375
2023-10-19 16:30:00,19.943249287085155
2023-10-19 17:00:00,17.916390247420605
2023-10-19 17:30:00,16.342669157475864
2023-10-19 18:00:00,15.58196685299366
2023-10-19 18:30:00,15.006315789473687
2023-10-19 19:00:00,14.384605263157896
2023-10-19 19:30:00,14.24742105263158
2023-10-19 20:00:00,14.5730350877193
2023-10-19 20:30:00,15.056859649122808
2023-10-19 21:00:00,14.824336729933345
2023-10-19 21:30:00,14.28213299681758
2023-10-19 22:00:00,13.765222506557345
2023-10-19 22:30:00,13.68164351164515
2023-10-19 23:00:00,13.559547934658143
2023-10-19 23:30:00,13.149718087286795
2023-10-20 00:00:00,11.693757185444094
2023-10-20 00:30:00,13.136409792466198
2023-10-20 01:00:00,13.992070175438599
2023-10-20 01:30:00,13.734275401889427
2023-10-20 02:00:00,13.111661038621293
2023-10-20 02:30:00,12.931946865520983
2023-10-20 03:00:00,14.643121767082611
2023-10-20 03:30:00,18.39986905509141
2023-10-20 04:00:00,23.296953031734887
2023-10-20 04:30:00,27.593918525760653
2023-10-20 05:00:00,30.065848350322057
2023-10-20 05:30:00,31.217894747089677
2023-10-20 06:00:00,31.396089192138295
2023-10-20 06:30:00,31.347929824561405
2023-10-20 07:00:00,31.241964912280707
2023-10-20 07:30:00,31.09775438596492
2023-10-20 08:00:00,31.01074561403509
2023-10-20 08:30:00,30.951333333333338
2023-10-20 09:00:00,30.96680701754386
2023-10-20 09:30:00,31.041385964912283
2023-10-20 10:00:00,31.129342105263163
2023-10-20 10:30:00,31.176561403508774
2023-10-20 11:00:00,31.234017543859654
2023-10-20 11:30:00,31.20692982456141
2023-10-20 12:00:00,31.166631578947374
2023-10-20 12:30:00,31.10279824561404
2023-10-20 13:00:00,31.01524561403509
2023-10-20 13:30:00,30.88924561403509
2023-10-20 14:00:00,30.27424561403509
2023-10-20 14:30:00,28.703307017543864
2023-10-20 15:00:00,26.7666052631579
2023-10-20 15:30:00,24.805122807017543
2023-10-20 16:00:00,23.342315789473687
2023-10-20 16:30:00,21.744754385964914
2023-10-20 17:00:00,19.490877192982456
2023-10-20 17:30:00,17.232631578947366
2023-10-20 18:00:00,15.006315789473687
2023-10-20 18:30:00,13.551578947368421
2023-10-20 19:00:00,12.471578947368423
2023-10-20 19:30:00,11.710175438596494
2023-10-20 20:00:00,11.149122807017546
2023-10-20 20:30:00,10.630877192982458
2023-10-20 21:00:00,10.373508771929826
2023-10-20 21:30:00,10.137771929824563
2023-10-20 22:00:00,10.013789473684211
2023-10-20 22:30:00,9.88013157894737
2023-10-20 23:00:00,9.851433333333334
2023-10-20 23:30:00,9.89020263157895
2023-10-21 00:00:00,10.28765570334991
2023-10-21 00:30:00,10.573035543004105
2023-10-21 01:00:00,10.897666666666668
2023-10-21 01:30:00,10.975912280701756
2023-10-21 02:00:00,11.152652072298437
2023-10-21 02:30:00,11.858271761228314
2023-10-21 03:00:00,14.488995914783567
2023-10-21 03:30:00,17.711553062679187
2023-10-21 04:00:00,20.88110656335959
2023-10-21 04:30:00,22.758716413114357
2023-10-21 05:00:00,23.514035087719304
2023-10-21 05:30:00,23.88140350877193
2023-10-21 06:00:00,24.07228070175439
2023-10-21 06:30:00,25.22947368421053
2023-10-21 07:00:00,26.877543859649126
2023-10-21 07:30:00,28.855789473684215
2023-10-21 08:00:00,30.226631578947373
2023-10-21 08:30:00,31.022175438596495
2023-10-21 09:00:00,31.12612280701755
2023-10-21 09:30:00,31.13218421052632
2023-10-21 10:00:00,31.18259649122807
2023-10-21 10:30:00,31.26189473684211
2023-10-21 11:00:00,31.272815789473693
2023-10-21 11:30:00,31.289210526315795
2023-10-21 12:00:00,31.26531578947369
2023-10-21 12:30:00,31.29176315789474
2023-10-21 13:00:00,31.30700877192983
2023-10-21 13:30:00,31.223054897768165
2023-10-21 14:00:00,31.011802271319482
2023-10-21 14:30:00,30.62091357336517
2023-10-21 15:00:00,29.633959138749024
2023-10-21 15:30:00,27.77806255179101
2023-10-21 16:00:00,25.171459089328632
2023-10-21 16:30:00,22.056203977757267
2023-10-21 17:00:00,19.38571274968709
2023-10-21 17:30:00,16.865010995301123
2023-10-21 18:00:00,14.89741996120516
2023-10-21 18:30:00,13.242086879428799
2023-10-21 19:00:00,12.248588831063566
2023-10-21 19:30:00,11.791245135531733
2023-10-21 20:00:00,12.033626442229577
2023-10-21 20:30:00,12.324175722120067
2023-10-21 21:00:00,12.436375534810049
2023-10-21 21:30:00,12.195554779186486
2023-10-21 22:00:00,12.270393407662427
2023-10-21 22:30:00,13.887871092763204
2023-10-21 23:00:00,16.32876663280361
2023-10-21 23:30:00,19.37046072971538
2023-10-22 00:00:00,14.469305273056781
2023-10-22 00:30:00,15.405562940500126
2023-10-22 01:00:00,16.27964912280702
2023-10-22 01:30:00,16.71508771929825
2023-10-22 02:00:00,16.63565799020818
2023-10-22 02:30:00,16.219086875334174
2023-10-22 03:00:00,16.744937634217123
2023-10-22 03:30:00,19.49316800087697
2023-10-22 04:00:00,23.319488122634443
2023-10-22 04:30:00,26.70350591999103
2023-10-22 05:00:00,28.567171246608435
2023-10-22 05:30:00,29.747786459274195
2023-10-22 06:00:00,30.65076315789474
2023-10-22 06:30:00,31.288596491228073
2023-10-22 07:00:00,31.479692982456143
2023-10-22 07:30:00,31.484298245614042
2023-10-22 08:00:00,31.457780701754388
2023-10-22 08:30:00,31.002903508771936
2023-10-22 09:00:00,30.31393859649123
2023-10-22 09:30:00,29.703701754385964
2023-10-22 10:00:00,29.631078947368426
2023-10-22 10:30:00,29.736333333333334
2023-10-22 11:00:00,28.282501734037492
2023-10-22 11:30:00,28.01699626289334
2023-10-22 12:00:00,28.36736468394597
2023-10-22 12:30:00,30.192588594476167
2023-10-22 13:00:00,31.19701599500621
2023-10-22 13:30:00,31.248831784479894
2023-10-22 14:00:00,30.728973679971492
2023-10-22 14:30:00,28.916017543859653
2023-10-22 15:00:00,26.228350877192984
2023-10-22 15:30:00,23.569122807017546
2023-10-22 16:00:00,20.6833271937963
2023-10-22 16:30:00,17.580170781402682
2023-10-22 17:00:00,14.805707344564262
2023-10-22 17:30:00,13.389291203562316
2023-10-22 18:00:00,13.259401295864786
2023-10-22 18:30:00,13.017192982456143
2023-10-22 19:00:00,12.509122807017546
2023-10-22 19:30:00,11.99684210526316
2023-10-22 20:00:00,11.526666666666669
2023-10-22 20:30:00,11.35184210526316
2023-10-22 21:00:00,11.25421052631579
2023-10-22 21:30:00,11.544385964912282
2023-10-22 22:00:00,12.119122807017547
2023-10-22 22:30:00,12.772631578947369
2023-10-22 23:00:00,13.126644170448545
2023-10-22 23:30:00,13.228128564929024
2023-10-23 00:00:00,11.749886710564411
2023-10-23 00:30:00,13.12408839565821
2023-10-23 01:00:00,14.10268514616076
2023-10-23 01:30:00,13.971204953354878
2023-10-23 02:00:00,13.520035012303188
2023-10-23 02:30:00,13.467719082869772
2023-10-23 03:00:00,14.72703339249663
2023-10-23 03:30:00,18.055926746292855
2023-10-23 04:00:00,22.468323219196094
2023-10-23 04:30:00,26.537324173764897
2023-10-23 05:00:00,29.33255523687683
2023-10-23 05:30:00,30.54297858076714
2023-10-23 06:00:00,31.069473684210532
2023-10-23 06:30:00,31.090175438596493
2023-10-23 07:00:00,30.977017543859656
2023-10-23 07:30:00,30.938807017543866
2023-10-23 08:00:00,30.96968421052632
2023-10-23 08:30:00,30.912000000000003
2023-10-23 09:00:00,30.86215789473685
2023-10-23 09:30:00,30.867333333333338
2023-10-23 10:00:00,31.015754385964915
2023-10-23 10:30:00,31.147333333333336
2023-10-23 11:00:00,31.184315789473686
2023-10-23 11:30:00,31.105140350877193
2023-10-23 12:00:00,31.03334210526316
2023-10-23 12:30:00,30.921815789473687
2023-10-23 13:00:00,30.884605263157898
2023-10-23 13:30:00,30.781994951692756
2023-10-23 14:00:00,29.72528908909966
2023-10-23 14:30:00,27.43699084348562
2023-10-23 15:00:00,24.949731207812402
2023-10-23 15:30:00,22.900701754385967
2023-10-23 16:00:00,21.88343859649123
2023-10-23 16:30:00,20.589754385964916
2023-10-23 17:00:00,18.980368421052635
2023-10-23 17:30:00,17.280771929824564
2023-10-23 18:00:00,15.912877192982458
2023-10-23 18:30:00,14.657307017543863
2023-10-23 19:00:00,13.4370350877193
2023-10-23 19:30:00,12.113118267515645
2023-10-23 20:00:00,11.22946399105877
2023-10-23 20:30:00,10.798192061234209
2023-10-23 21:00:00,10.651499078778068
2023-10-23 21:30:00,10.761333333333335
2023-10-23 22:00:00,10.885070175438598
2023-10-23 22:30:00,10.971333333333334
2023-10-23 23:00:00,10.948498245614035
2023-10-23 23:30:00,10.864308771929823
2023-10-24 00:00:00,9.945650288495235
2023-10-24 00:30:00,10.964462002390967
2023-10-24 01:00:00,11.78464912280702
2023-10-24 01:30:00,12.196672320388389
2023-10-24 02:00:00,12.197159743859308
2023-10-24 02:30:00,12.554656666380497
2023-10-24 03:00:00,15.15762277057775
2023-10-24 03:30:00,19.243438215290812
2023-10-24 04:00:00,24.5330027289838
2023-10-24 04:30:00,28.171439243106352
2023-10-24 05:00:00,30.426526962404598
2023-10-24 05:30:00,31.2097175257981
2023-10-24 06:00:00,31.197894736842105
2023-10-24 06:30:00,31.07649122807018
2023-10-24 07:00:00,30.93122807017544
2023-10-24 07:30:00,30.830780701754392
2023-10-24 08:00:00,30.807640350877197
2023-10-24 08:30:00,30.88692105263158
2023-10-24 09:00:00,30.956982456140352
2023-10-24 09:30:00,30.945368421052635
2023-10-24 10:00:00,30.895429824561408
2023-10-24 10:30:00,30.935254385964914
2023-10-24 11:00:00,31.031482456140356
2023-10-24 11:30:00,31.15162280701755
2023-10-24 12:00:00,31.10481578947369
2023-10-24 12:30:00,31.01943859649123
2023-10-24 13:00:00,30.989807017543864
2023-10-24 13:30:00,30.730122807017548
2023-10-24 14:00:00,29.261547650870156
2023-10-24 14:30:00,25.97334653468623
2023-10-24 15:00:00,22.985333309446172
2023-10-24 15:30:00,20.834309484011097
2023-10-24 16:00:00,20.07980505060683
2023-10-24 16:30:00,18.914517543859652
2023-10-24 17:00:00,17.53692982456141
2023-10-24 17:30:00,16.38780701754386
2023-10-24 18:00:00,15.116578947368424
2023-10-24 18:30:00,13.847368421052634
2023-10-24 19:00:00,12.825175438596494
2023-10-24 19:30:00,12.215517543859649
2023-10-24 20:00:00,11.874947368421054
2023-10-24 20:30:00,11.309684210526315
2023-10-24 21:00:00,10.957710526315791
2023-10-24 21:30:00,10.807701754385967
2023-10-24 22:00:00,11.138929824561407
2023-10-24 22:30:00,11.644745614035088
2023-10-24 23:00:00,12.238175438596492
2023-10-24 23:30:00,12.807614035087719
2023-10-25 00:00:00,11.116494491308373
2023-10-25 00:30:00,11.943372815455719
2023-10-25 01:00:00,12.644966242909506
2023-10-25 01:30:00,12.83530302047915
2023-10-25 02:00:00,12.912300438190075
2023-10-25 02:30:00,13.640801446864415
2023-10-25 03:00:00,16.09541810119321
2023-10-25 03:30:00,19.47000855477258
2023-10-25 04:00:00,23.31524078735998
2023-10-25 04:30:00,26.423056314983977
2023-10-25 05:00:00,29.019729679398523
2023-10-25 05:30:00,30.611281774569775
2023-10-25 06:00:00,31.016842105263162
2023-10-25 06:30:00,30.902807017543864
2023-10-25 07:00:00,30.780350877192987
2023-10-25 07:30:00,30.785964912280708
2023-10-25 08:00:00,30.92982456140351
2023-10-25 08:30:00,31.060350877192988
2023-10-25 09:00:00,31.081754385964917
2023-10-25 09:30:00,31.158245614035092
2023-10-25 10:00:00,31.141754385964916
2023-10-25 10:30:00,31.157122807017547
2023-10-25 11:00:00,31.157122807017547
2023-10-25 11:30:00,31.193614035087723
2023-10-25 12:00:00,31.120105263157896
2023-10-25 12:30:00,31.010361503747173
2023-10-25 13:00:00,30.795505734693993
2023-10-25 13:30:00,30.228073347794183
2023-10-25 14:00:00,28.0389087898063
2023-10-25 14:30:00,24.83986580855087
2023-10-25 15:00:00,21.68132545800053
2023-10-25 15:30:00,19.527423419019218
2023-10-25 16:00:00,18.418421052631583
2023-10-25 16:30:00,16.852381228602937
2023-10-25 17:00:00,15.157738138909053
2023-10-25 17:30:00,13.75196509512469
2023-10-25 18:00:00,12.838216032923023
2023-10-25 18:30:00,12.29297639923574
2023-10-25 19:00:00,11.71819298245614
2023-10-25 19:30:00,11.480552631578947
2023-10-25 20:00:00,11.444666666666668
2023-10-25 20:30:00,11.437298245614036
2023-10-25 21:00:00,11.389192982456143
2023-10-25 21:30:00,11.64043859649123
2023-10-25 22:00:00,12.040877192982457
2023-10-25 22:30:00,12.317543859649126
2023-10-25 23:00:00,12.508140350877193
2023-10-25 23:30:00,12.667912280701751
2023-10-26 00:00:00,12.789876404735017
2023-10-26 00:30:00,12.766941885857472
2023-10-26 01:00:00,12.918822471133169
2023-10-26 01:30:00,12.946819073723546
2023-10-26 02:00:00,12.661200687735239
2023-10-26 02:30:00,12.414305524177385
2023-10-26 03:00:00,13.66808742605219
2023-10-26 03:30:00,17.292609463302103
2023-10-26 04:00:00,21.883969031606423
2023-10-26 04:30:00,26.308046779855175
2023-10-26 05:00:00,28.89018722332557
2023-10-26 05:30:00,30.490804494451456
2023-10-26 06:00:00,31.11049498956073
2023-10-26 06:30:00,31.237192982456147
2023-10-26 07:00:00,31.17671052631579
2023-10-26 07:30:00,31.00019298245614
2023-10-26 08:00:00,31.02436842105264
2023-10-26 08:30:00,31.095000000000002
2023-10-26 09:00:00,31.116807017543863
2023-10-26 09:30:00,31.150929824561405
2023-10-26 10:00:00,31.181403508771936
2023-10-26 10:30:00,31.303157894736845
2023-10-26 11:00:00,31.234210526315792
2023-10-26 11:30:00,31.27905263157895
2023-10-26 12:00:00,31.22247368421053
2023-10-26 12:30:00,31.213210526315795
2023-10-26 13:00:00,31.204324561403514
2023-10-26 13:30:00,31.17124561403509
2023-10-26 14:00:00,31.00208771929825
2023-10-26 14:30:00,30.16891514141743
2023-10-26 15:00:00,29.097408322580254
2023-10-26 15:30:00,27.00236397547413
2023-10-26 16:00:00,23.941440296948155
2023-10-26 16:30:00,19.560212900807382
2023-10-26 17:00:00,15.909751239585054
2023-10-26 17:30:00,13.968249199026637
2023-10-26 18:00:00,13.445035467754813
2023-10-26 18:30:00,13.228578947368424
2023-10-26 19:00:00,12.688929824561406
2023-10-26 19:30:00,12.284464912280704
2023-10-26 20:00:00,12.16280701754386
2023-10-26 20:30:00,12.236140350877193
2023-10-26 21:00:00,12.043859649122808
2023-10-26 21:30:00,11.5740350877193
2023-10-26 22:00:00,11.287719298245618
2023-10-26 22:30:00,11.377017543859651
2023-10-26 23:00:00,11.700140350877193
2023-10-26 23:30:00,11.931614035087721
2023-10-27 00:00:00,11.884561403508771
2023-10-27 00:30:00,13.409122807017544
2023-10-27 01:00:00,15.209473684210527
2023-10-27 01:30:00,16.594736842105267
2023-10-27 02:00:00,16.133531732368166
2023-10-27 02:30:00,14.29281493650245
2023-10-27 03:00:00,13.539883586429236
2023-10-27 03:30:00,16.375887290337317
2023-10-27 04:00:00,22.115960686316665
2023-10-27 04:30:00,27.302230324793996
2023-10-27 05:00:00,30.45511468038292
2023-10-27 05:30:00,31.140729199457866
2023-10-27 06:00:00,31.17314912280702
2023-10-27 06:30:00,30.992157894736845
2023-10-27 07:00:00,30.77426315789474
2023-10-27 07:30:00,30.67945614035088
2023-10-27 08:00:00,30.688771929824565
2023-10-27 08:30:00,30.679438596491234
2023-10-27 09:00:00,30.74168421052632
2023-10-27 09:30:00,30.783210526315795
2023-10-27 10:00:00,30.934824561403513
2023-10-27 10:30:00,30.95791228070176
2023-10-27 11:00:00,30.84040350877193
2023-10-27 11:30:00,30.760736842105263
2023-10-27 12:00:00,30.728964912280702
2023-10-27 12:30:00,30.81005263157895
2023-10-27 13:00:00,30.86450877192983
2023-10-27 13:30:00,30.83889473684211
2023-10-27 14:00:00,30.053300643430436
2023-10-27 14:30:00,27.38013622898624
2023-10-27 15:00:00,25.727337983372205
2023-10-27 15:30:00,23.337181389802044
2023-10-27 16:00:00,22.697192982456144
2023-10-27 16:30:00,20.69342827505703
2023-10-27 17:00:00,18.43943252848412
2023-10-27 17:30:00,16.430499635657117
2023-10-27 18:00:00,15.326767954268954
2023-10-27 18:30:00,14.597038581435292
2023-10-27 19:00:00,14.302807017543861
2023-10-27 19:30:00,13.015087719298249
2023-10-27 20:00:00,12.31263157894737
2023-10-27 20:30:00,12.012280701754387
2023-10-27 21:00:00,11.841000000000003
2023-10-27 21:30:00,11.755736842105264
2023-10-27 22:00:00,11.729719298245614
2023-10-27 22:30:00,11.776236842105265
2023-10-27 23:00:00,11.906557894736844
2023-10-27 23:30:00,11.96774912280702
2023-10-28 00:00:00,12.112387719298248
2023-10-28 00:30:00,12.494410526315791
2023-10-28 01:00:00,12.969122807017547
2023-10-28 01:30:00,13.19438596491228
2023-10-28 02:00:00,12.981904090108912
2023-10-28 02:30:00,13.3508945344851
2023-10-28 03:00:00,15.131281762012774
2023-10-28 03:30:00,18.224965972539092
2023-10-28 04:00:00,22.09212739606131
2023-10-28 04:30:00,25.729217457014357
2023-10-28 05:00:00,28.77734342646745
2023-10-28 05:30:00,30.61490778779735
2023-10-28 06:00:00,31.126939676215652
2023-10-28 06:30:00,31.183254385964915
2023-10-28 07:00:00,31.13582456140351
2023-10-28 07:30:00,31.068254385964917
2023-10-28 08:00:00,30.97866666666667
2023-10-28 08:30:00,31.07013157894737
2023-10-28 09:00:00,31.15689473684211
2023-10-28 09:30:00,31.29812280701755
2023-10-28 10:00:00,31.355298245614037
2023-10-28 10:30:00,31.291877192982458
2023-10-28 11:00:00,31.31623684210527
2023-10-28 11:30:00,31.341254385964916
2023-10-28 12:00:00,31.41279824561404
2023-10-28 12:30:00,31.38263157894737
2023-10-28 13:00:00,31.366324561403513
2023-10-28 13:30:00,31.379140350877197
2023-10-28 14:00:00,30.807254385964914
2023-10-28 14:30:00,29.493140241228797
2023-10-28 15:00:00,27.131819598737508
2023-10-28 15:30:00,24.33155644084277
2023-10-28 16:00:00,21.365898623171613
2023-10-28 16:30:00,18.248545477982415
2023-10-28 17:00:00,15.734657868975946
2023-10-28 17:30:00,14.238517518098753
2023-10-28 18:00:00,13.697016562932
2023-10-28 18:30:00,13.725263157894739
2023-10-28 19:00:00,14.134385964912283
2023-10-28 19:30:00,14.627017543859651
2023-10-28 20:00:00,14.717192982456142
2023-10-28 20:30:00,14.617894736842105
2023-10-28 21:00:00,14.263508771929827
2023-10-28 21:30:00,14.197543859649125
2023-10-28 22:00:00,13.97622807017544
2023-10-28 22:30:00,13.398701754385968
2023-10-28 23:00:00,12.890196491228073
2023-10-28 23:30:00,12.18657543859649
2023-10-29 00:00:00,8.516889783531852
2023-10-29 00:30:00,9.619616773523815
2023-10-29 01:00:00,10.384681197079072
2023-10-29 01:30:00,10.41025392873228
2023-10-29 02:00:00,10.430993139027997
2023-10-29 02:30:00,11.405156091480393
2023-10-29 03:00:00,14.358419002238088
2023-10-29 03:30:00,18.42961938321618
2023-10-29 04:00:00,23.450219236415204
2023-10-29 04:30:00,27.35171935396399
2023-10-29 05:00:00,30.1365439153675
2023-10-29 05:30:00,31.31196488365236
2023-10-29 06:00:00,31.403578947368427
2023-10-29 06:30:00,31.440561403508777
2023-10-29 07:00:00,31.49392105263158
2023-10-29 07:30:00,31.495657894736848
2023-10-29 08:00:00,31.434517543859652
2023-10-29 08:30:00,31.41531578947369
2023-10-29 09:00:00,31.387991228070177
2023-10-29 09:30:00,31.47731578947369
2023-10-29 10:00:00,31.48778070175439
2023-10-29 10:30:00,31.576122807017544
2023-10-29 11:00:00,31.527675438596493
2023-10-29 11:30:00,31.449596491228075
2023-10-29 12:00:00,31.392640350877198
2023-10-29 12:30:00,31.392877192982464
2023-10-29 13:00:00,31.422321918882428
2023-10-29 13:30:00,31.208692152187037
2023-10-29 14:00:00,29.586406368002113
2023-10-29 14:30:00,26.88829559422523
2023-10-29 15:00:00,23.808427523856082
2023-10-29 15:30:00,20.83664527676842
2023-10-29 16:00:00,18.57935655498633
2023-10-29 16:30:00,15.97872428138915
2023-10-29 17:00:00,14.454325036990504
2023-10-29 17:30:00,13.810013360406217
2023-10-29 18:00:00,13.912339194292338
2023-10-29 18:30:00,14.693718824077907
2023-10-29 19:00:00,15.236140350877195
2023-10-29 19:30:00,15.699298245614036
2023-10-29 20:00:00,16.286666666666665
2023-10-29 20:30:00,17.375087719298246
2023-10-29 21:00:00,18.10324291125585
2023-10-29 21:30:00,18.67285500868091
2023-10-29 22:00:00,18.90545572153509
2023-10-29 22:30:00,19.283471567186037
2023-10-29 23:00:00,19.254024961769872
2023-10-29 23:30:00,18.017922771196435
2023-10-30 00:00:00,11.009891500927793
2023-10-30 00:30:00,11.556487685294654
2023-10-30 01:00:00,11.819930198363188
2023-10-30 01:30:00,12.010039288417019
2023-10-30 02:00:00,11.958485378289687
2023-10-30 02:30:00,11.82573078885689
2023-10-30 03:00:00,12.836769643119865
2023-10-30 03:30:00,15.962311924754436
2023-10-30 04:00:00,20.799825801785154
2023-10-30 04:30:00,25.64648156622907
2023-10-30 05:00:00,28.924574166889823
2023-10-30 05:30:00,30.381696178946395
2023-10-30 06:00:00,30.97266204879844
2023-10-30 06:30:00,31.122122807017547
2023-10-30 07:00:00,31.132640350877196
2023-10-30 07:30:00,31.055000000000003
2023-10-30 08:00:00,31.043482456140353
2023-10-30 08:30:00,31.039640350877196
2023-10-30 09:00:00,31.01322807017544
2023-10-30 09:30:00,31.078596491228073
2023-10-30 10:00:00,31.216842105263158
2023-10-30 10:30:00,31.34068421052632
2023-10-30 11:00:00,31.335771929824563
2023-10-30 11:30:00,31.218842105263164
2023-10-30 12:00:00,31.20372807017544
2023-10-30 12:30:00,31.232491228070177
2023-10-30 13:00:00,31.300921052631583
2023-10-30 13:30:00,31.298289473684218
2023-10-30 14:00:00,30.44792982456141
2023-10-30 14:30:00,28.46122807017544
2023-10-30 15:00:00,26.349298245614037
2023-10-30 15:30:00,23.996140350877198
2023-10-30 16:00:00,21.59438596491228
2023-10-30 16:30:00,18.747368421052634
2023-10-30 17:00:00,15.88421052631579
2023-10-30 17:30:00,13.958947368421056
2023-10-30 18:00:00,12.436491228070176
2023-10-30 18:30:00,11.468070175438598
2023-10-30 19:00:00,10.558245614035089
2023-10-30 19:30:00,9.946443353675397
2023-10-30 20:00:00,9.748756585813986
2023-10-30 20:30:00,10.13086184897188
2023-10-30 21:00:00,11.159136876825604
2023-10-30 21:30:00,12.386693846951713
2023-10-30 22:00:00,12.848448232916624
2023-10-30 22:30:00,13.760636622094722
2023-10-30 23:00:00,13.564206313116308
2023-10-30 23:30:00,14.248070175438599
2023-10-31 00:00:00,15.687060885148242
2023-10-31 00:30:00,17.199985996019105
2023-10-31 01:00:00,16.970828950199653
2023-10-31 01:30:00,15.226200103484821
2023-10-31 02:00:00,12.855077784712648
2023-10-31 02:30:00,11.760536953576965
2023-10-31 03:00:00,12.406543357328198
2023-10-31 03:30:00,15.463742816928074
2023-10-31 04:00:00,20.72477600811501
2023-10-31 04:30:00,26.18655134690911
2023-10-31 05:00:00,29.76773342195936
2023-10-31 05:30:00,31.013698334240058
2023-10-31 06:00:00,31.217603553084942
2023-10-31 06:30:00,30.99724561403509
2023-10-31 07:00:00,30.761105263157898
2023-10-31 07:30:00,30.664219298245616
2023-10-31 08:00:00,30.66947368421053
2023-10-31 08:30:00,30.78570175438597
2023-10-31 09:00:00,30.751473684210534
2023-10-31 09:30:00,30.724894736842106
2023-10-31 10:00:00,30.867105263157896
2023-10-31 10:30:00,31.029210526315794
2023-10-31 11:00:00,31.06329824561404
2023-10-31 11:30:00,30.977587719298253
2023-10-31 12:00:00,30.895798245614042
2023-10-31 12:30:00,30.87479824561404
2023-10-31 13:00:00,30.820140350877196
2023-10-31 13:30:00,30.648377192982455
2023-10-31 14:00:00,30.1890350877193
2023-10-31 14:30:00,28.505421052631586
2023-10-31 15:00:00,25.109122807017545
2023-10-31 15:30:00,21.212982456140352
2023-10-31 16:00:00,17.9280701754386
2023-10-31 16:30:00,15.82906794218495
2023-10-31 17:00:00,14.47236874366479
2023-10-31 17:30:00,13.180789796296368
2023-10-31 18:00:00,12.195947054078943
2023-10-31 18:30:00,11.313333333333334
2023-10-31 19:00:00,10.558947368421054
2023-10-31 19:30:00,10.274596491228072
2023-10-31 20:00:00,10.131657629782152
2023-10-31 20:30:00,10.160227540266058
2023-10-31 21:00:00,10.353034557809917
2023-10-31 21:30:00,10.765590290001933
2023-10-31 22:00:00,11.18105263157895
2023-10-31 22:30:00,11.642807017543861
2023-10-31 23:00:00,12.075087719298246
2023-10-31 23:30:00,12.558596491228068
2023-11-01 00:00:00,10.878449896125238
2023-11-01 00:30:00,11.690807825952328
2023-11-01 01:00:00,12.536491228070176
2023-11-01 01:30:00,13.491929824561405
2023-11-01 02:00:00,13.827955787983022
2023-11-01 02:30:00,13.429996329669407
2023-11-01 03:00:00,14.038007223081758
2023-11-01 03:30:00,16.93711983090664
2023-11-01 04:00:00,22.03491444891296
2023-11-01 04:30:00,26.85548240952369
2023-11-01 05:00:00,29.784752132478143
2023-11-01 05:30:00,30.93556129258033
2023-11-01 06:00:00,31.023042071388527
2023-11-01 06:30:00,30.93340350877193
2023-11-01 07:00:00,30.83442105263158
2023-11-01 07:30:00,30.78612280701755
2023-11-01 08:00:00,30.78595614035088
2023-11-01 08:30:00,30.73695614035088
2023-11-01 09:00:00,30.695482456140354
2023-11-01 09:30:00,30.6890701754386
2023-11-01 10:00:00,30.763885964912287
2023-11-01 10:30:00,30.90461403508772
2023-11-01 11:00:00,30.923947368421054
2023-11-01 11:30:00,30.82576315789474
2023-11-01 12:00:00,30.780298245614038
2023-11-01 12:30:00,30.692833333333336
2023-11-01 13:00:00,30.737061403508775
2023-11-01 13:30:00,30.06270175438597
2023-11-01 14:00:00,29.002596491228076
2023-11-01 14:30:00,27.475789473684216
2023-11-01 15:00:00,25.476842105263163
2023-11-01 15:30:00,23.24368946881604
2023-11-01 16:00:00,20.659190607786496
2023-11-01 16:30:00,18.46902557436996
2023-11-01 17:00:00,16.46788259434791
2023-11-01 17:30:00,14.589494494570443
2023-11-01 18:00:00,12.98014912280702
2023-11-01 18:30:00,11.866964912280702
2023-11-01 19:00:00,11.085912280701756
2023-11-01 19:30:00,10.661462351407677
2023-11-01 20:00:00,10.992345303572497
2023-11-01 20:30:00,11.259670286775725
2023-11-01 21:00:00,11.47786893563329
2023-11-01 21:30:00,11.086755229564353
2023-11-01 22:00:00,10.951508771929825
2023-11-01 22:30:00,11.101350877192985
2023-11-01 23:00:00,11.31738947368421
2023-11-01 23:30:00,11.544592982456138
2023-11-02 00:00:00,11.399438596491228
2023-11-02 00:30:00,11.991789473684209
2023-11-02 01:00:00,12.579298245614035
2023-11-02 01:30:00,13.272964912280704
2023-11-02 02:00:00,13.968534357175939
2023-11-02 02:30:00,14.2314366408006
2023-11-02 03:00:00,15.018202148975334
2023-11-02 03:30:00,17.457429352095076
2023-11-02 04:00:00,22.21408623340392
2023-11-02 04:30:00,27.060309902398703
2023-11-02 05:00:00,30.117133115190878
2023-11-02 05:30:00,31.166776779462143
2023-11-02 06:00:00,31.093047416950157
2023-11-02 06:30:00,30.971385964912283
2023-11-02 07:00:00,30.7850701754386
2023-11-02 07:30:00,30.71176315789474
2023-11-02 08:00:00,30.64805263157895
2023-11-02 08:30:00,30.62664912280702
2023-11-02 09:00:00,30.806254385964916
2023-11-02 09:30:00,31.07649122807018
2023-11-02 10:00:00,31.217894736842112
2023-11-02 10:30:00,31.111912280701755
2023-11-02 11:00:00,30.943122807017545
2023-11-02 11:30:00,30.94885964912281
2023-11-02 12:00:00,30.99027192982457
2023-11-02 12:30:00,30.92628070175439
2023-11-02 13:00:00,30.81328070175439
2023-11-02 13:30:00,30.742333333333338
2023-11-02 14:00:00,30.263280701754393
2023-11-02 14:30:00,28.9650350877193
2023-11-02 15:00:00,26.49824561403509
2023-11-02 15:30:00,23.127868155185592
2023-11-02 16:00:00,19.283799933539672
2023-11-02 16:30:00,15.924533041300492
2023-11-02 17:00:00,13.770468111328492
2023-11-02 17:30:00,12.782625755022982
2023-11-02 18:00:00,12.550060274664972
2023-11-02 18:30:00,12.245712485835085
2023-11-02 19:00:00,11.874308977063153
2023-11-02 19:30:00,11.864701369738993
2023-11-02 20:00:00,12.804569178919827
2023-11-02 20:30:00,13.570270933305792
2023-11-02 21:00:00,13.385269207649344
2023-11-02 21:30:00,12.229824561403511
2023-11-02 22:00:00,11.625991228070177
2023-11-02 22:30:00,11.8130350877193
2023-11-02 23:00:00,12.035487719298246
2023-11-02 23:30:00,12.11441578947368
2023-11-03 00:00:00,10.651249919381248
2023-11-03 00:30:00,11.584335131502804
2023-11-03 01:00:00,12.325263157894737
2023-11-03 01:30:00,12.874385964912284
2023-11-03 02:00:00,13.08827467037822
2023-11-03 02:30:00,11.879624527095402
2023-11-03 03:00:00,12.716614973426426
2023-11-03 03:30:00,15.973348882345226
2023-11-03 04:00:00,21.686090106881835
2023-11-03 04:30:00,26.781972520052573
2023-11-03 05:00:00,29.432936066912166
2023-11-03 05:30:00,30.7500968100685
2023-11-03 06:00:00,31.03727178402883
2023-11-03 06:30:00,30.91414912280702
2023-11-03 07:00:00,30.86868421052632
2023-11-03 07:30:00,30.824122807017545
2023-11-03 08:00:00,30.790219298245617
30:00,3
2023-11-03 09:00:00,30.81570175438597
2023-11-03 09:30:00,30.789859649122814
2023-11-03 10:00:00,30.853789473684216
2023-11-03 10:30:00,30.950500000000005
2023-11-03 11:00:00,31.03995614035088
2023-11-03 11:30:00,30.918692982456147
2023-11-03 12:00:00,30.821596491228075
2023-11-03 12:30:00,30.774298245614037
2023-11-03 13:00:00,30.777280701754393
2023-11-03 13:30:00,30.501157894736846
2023-11-03 14:00:00,28.902333333333335
2023-11-03 14:30:00,27.145877192982457
2023-11-03 15:00:00,24.977192982456145
2023-11-03 15:30:00,23.30280701754386
2023-11-03 16:00:00,20.86297698599234
2023-11-03 16:30:00,18.259046126480346
2023-11-03 17:00:00,15.988677705427714
2023-11-03 17:30:00,14.389493494901396
2023-11-03 18:00:00,13.166885964912282
2023-11-03 18:30:00,11.99701754385965
2023-11-03 19:00:00,11.03880701754386
2023-11-03 19:30:00,10.423789473684211
2023-11-03 20:00:00,10.207473684210528
2023-11-03 20:30:00,10.29440350877193
2023-11-03 21:00:00,10.539315789473687
2023-11-03 21:30:00,10.918219298245615
2023-11-03 22:00:00,11.153263157894736
2023-11-03 22:30:00,11.432280701754387
2023-11-03 23:00:00,11.613684210526316
2023-11-03 23:30:00,11.931403508771927
2023-11-04 00:00:00,10.93546238283154
2023-11-04 00:30:00,11.663665492126585
2023-11-04 01:00:00,11.962456140350879
2023-11-04 01:30:00,11.85859649122807
2023-11-04 02:00:00,11.512422696482226
2023-11-04 02:30:00,11.552229138793834
2023-11-04 03:00:00,13.564176743572197
2023-11-04 03:30:00,17.35734701576246
2023-11-04 04:00:00,23.048138419022816
2023-11-04 04:30:00,27.492320060982788
2023-11-04 05:00:00,30.42521133616371
2023-11-04 05:30:00,31.320132412923584
2023-11-04 06:00:00,31.418663376161856
2023-11-04 06:30:00,31.46744736842106
2023-11-04 07:00:00,31.49926315789474
2023-11-04 07:30:00,31.57268421052632
2023-11-04 08:00:00,31.530719298245618
2023-11-04 08:30:00,31.486043859649126
2023-11-04 09:00:00,31.46829824561404
2023-11-04 09:30:00,31.500350877192986
2023-11-04 10:00:00,31.54240350877193
2023-11-04 10:30:00,31.503631578947374
2023-11-04 11:00:00,31.4651052631579
2023-11-04 11:30:00,31.36468421052632
2023-11-04 12:00:00,31.355701754385972
2023-11-04 12:30:00,31.31692982456141
2023-11-04 13:00:00,31.366324561403513
2023-11-04 13:30:00,30.928807017543864
2023-11-04 14:00:00,29.739482456140355
2023-11-04 14:30:00,28.42584210526316
2023-11-04 15:00:00,27.143508141803423
2023-11-04 15:30:00,26.200306072354252
2023-11-04 16:00:00,24.00438205507187
2023-11-04 16:30:00,20.322026720860254
2023-11-04 17:00:00,16.26806666713927
2023-11-04 17:30:00,13.209049123279618
2023-11-04 18:00:00,11.719537467653552
2023-11-04 18:30:00,10.527368421052634
2023-11-04 19:00:00,9.46561403508772
2023-11-04 19:30:00,8.644377192982459
2023-11-04 20:00:00,8.578789473684212
2023-11-04 20:30:00,9.06861403508772
2023-11-04 21:00:00,9.772859649122807
2023-11-04 21:30:00,10.415912280701756
2023-11-04 22:00:00,10.823157894736843
2023-11-04 22:30:00,10.922105263157896
2023-11-04 23:00:00,10.977052631578948
2023-11-04 23:30:00,10.844877192982457
2023-11-05 00:00:00,11.097508771929823
2023-11-05 00:30:00,11.119947368421052
2023-11-05 01:00:00,11.352192982456144
2023-11-05 01:30:00,11.917412280701754
2023-11-05 02:00:00,12.161196154603708
2023-11-05 02:30:00,11.858416993947479
2023-11-05 03:00:00,12.188038843162287
2023-11-05 03:30:00,14.845091412269042
2023-11-05 04:00:00,19.853489020404595
2023-11-05 04:30:00,25.530558004447087
2023-11-05 05:00:00,29.212147228930217
2023-11-05 05:30:00,31.01412590976753
2023-11-05 06:00:00,31.265531104816517
2023-11-05 06:30:00,31.246210526315792
2023-11-05 07:00:00,31.295438596491234
2023-11-05 07:30:00,31.266771929824568
2023-11-05 08:00:00,31.33193859649123
2023-11-05 08:30:00,31.308000000000003
2023-11-05 09:00:00,31.332824561403513
2023-11-05 09:30:00,31.316421052631583
2023-11-05 10:00:00,31.331447368421056
2023-11-05 10:30:00,31.265754385964915
2023-11-05 11:00:00,31.144938596491233
2023-11-05 11:30:00,30.987473684210528
2023-11-05 12:00:00,30.95437719298246
2023-11-05 12:30:00,30.96226315789474
2023-11-05 13:00:00,31.000175438596496
2023-11-05 13:30:00,31.058798245614042
2023-11-05 14:00:00,31.10119423495316
2023-11-05 14:30:00,30.09256208358775
2023-11-05 15:00:00,27.24229015376319
2023-11-05 15:30:00,22.98065709359805
2023-11-05 16:00:00,18.275548729034046
2023-11-05 16:30:00,15.22313147356966
2023-11-05 17:00:00,13.077118652825682
2023-11-05 17:30:00,12.20915583130436
2023-11-05 18:00:00,11.509789473684213
2023-11-05 18:30:00,10.900298245614037
2023-11-05 19:00:00,10.581701754385966
2023-11-05 19:30:00,10.389096491228072
2023-11-05 20:00:00,10.549473684210527
2023-11-05 20:30:00,10.527824561403511
2023-11-05 21:00:00,10.543140350877193
2023-11-05 21:30:00,10.487000000000002
2023-11-05 22:00:00,10.187008771929825
2023-11-05 22:30:00,9.944561403508773
2023-11-05 23:00:00,9.634877192982456
2023-11-05 23:30:00,9.605473684210523
2023-11-06 00:00:00,9.889333333333333
2023-11-06 00:30:00,9.920140350877192
2023-11-06 01:00:00,9.78280701754386
2023-11-06 01:30:00,9.315447368421053
2023-11-06 02:00:00,8.72001754385965
2023-11-06 02:30:00,8.304669420055141
2023-11-06 03:00:00,8.731148729124651
2023-11-06 03:30:00,10.162131185265002
2023-11-06 04:00:00,12.519530413046427
2023-11-06 04:30:00,15.037894736842107
2023-11-06 05:00:00,16.705263157894738
2023-11-06 05:30:00,17.75263157894737
2023-11-06 06:00:00,18.649473684210527
2023-11-06 06:30:00,19.665964912280703
2023-11-06 07:00:00,20.752280701754387
2023-11-06 07:30:00,21.75649122807018
2023-11-06 08:00:00,23.06328947368421
2023-11-06 08:30:00,23.933088139789394
2023-11-06 09:00:00,24.691141474429113
2023-11-06 09:30:00,25.61851070947137
2023-11-06 10:00:00,27.036560496723666
2023-11-06 10:30:00,28.611086452233224
2023-11-06 11:00:00,29.408148391461136
2023-11-06 11:30:00,29.988097612976677
2023-11-06 12:00:00,30.135385964912285
2023-11-06 12:30:00,29.95644724337635
2023-11-06 13:00:00,28.95109162206278
2023-11-06 13:30:00,26.94688109574699
2023-11-06 14:00:00,24.01430186749755
2023-11-06 14:30:00,21.228874473621712
2023-11-06 15:00:00,19.436286967541964
2023-11-06 15:30:00,18.719423784368846
2023-11-06 16:00:00,17.905964912280705
2023-11-06 16:30:00,16.33263157894737
2023-11-06 17:00:00,14.44180896256475
2023-11-06 17:30:00,12.667491473136288
2023-11-06 18:00:00,11.124754631031024
2023-11-06 18:30:00,10.010678610861849
2023-11-06 19:00:00,9.309726162776265
2023-11-06 19:30:00,9.180771929824562
2023-11-06 20:00:00,9.219780701754388
2023-11-06 20:30:00,9.431315789473684
2023-11-06 21:00:00,9.963105263157898
2023-11-06 21:30:00,10.529807017543861
2023-11-06 22:00:00,10.933964912280702
2023-11-06 22:30:00,11.359438596491229
2023-11-06 23:00:00,11.966807017543863
2023-11-06 23:30:00,12.815192982456141
2023-11-08 00:00:00,11.188526315789476
2023-11-08 00:30:00,11.204982456140351
2023-11-08 01:00:00,10.97543859649123
2023-11-08 01:30:00,10.404175438596493
2023-11-08 02:00:00,9.655494004202183
2023-11-08 02:30:00,8.568849966589625
2023-11-08 03:00:00,8.659834540488061
2023-11-08 03:30:00,11.415605597794707
2023-11-08 04:00:00,16.89496625321281
2023-11-08 04:30:00,23.079749353804676
2023-11-08 05:00:00,27.49101447771267
2023-11-08 05:30:00,29.89196184613372
2023-11-08 06:00:00,30.78503252142463
2023-11-08 06:30:00,30.85621052631579
2023-11-08 07:00:00,30.62704385964913
2023-11-08 07:30:00,30.61524561403509
2023-11-08 08:00:00,30.622614035087725
2023-11-08 08:30:00,30.75689473684211
2023-11-08 09:00:00,30.86526315789474
2023-11-08 09:30:00,31.09158771929825
2023-11-08 10:00:00,31.283271929824565
2023-11-08 10:30:00,31.266596491228075
2023-11-08 11:00:00,31.080596491228075
2023-11-08 11:30:00,30.949614035087723
2023-11-08 12:00:00,30.892061403508773
2023-11-08 12:30:00,30.88208771929825
2023-11-08 13:00:00,30.823231809172537
2023-11-08 13:30:00,29.672977313632853
2023-11-08 14:00:00,27.125340881618737
2023-11-08 14:30:00,23.699096661001917
2023-11-08 15:00:00,20.570612446815527
2023-11-08 15:30:00,18.829987012884434
2023-11-08 16:00:00,17.561964912280704
2023-11-08 16:30:00,16.035298245614037
2023-11-08 17:00:00,14.271017543859651
2023-11-08 17:30:00,12.609964912280704
2023-11-08 18:00:00,11.320385964912282
2023-11-08 18:30:00,10.581245614035089
2023-11-08 19:00:00,9.94564912280702
2023-11-08 19:30:00,9.55843859649123
2023-11-08 20:00:00,9.210070175438599
2023-11-08 20:30:00,8.889903508771932
2023-11-08 21:00:00,8.893263157894738
2023-11-08 21:30:00,9.047491228070177
2023-11-08 22:00:00,9.50321052631579
2023-11-08 22:30:00,10.16701754385965
2023-11-08 23:00:00,10.810596491228068
2023-11-08 23:30:00,11.43870175438596
2023-11-09 00:00:00,11.801382191515023
2023-11-09 00:30:00,11.299687706725093
2023-11-09 01:00:00,10.762202022321246
2023-11-09 01:30:00,10.191122807017546
2023-11-09 02:00:00,9.481930710592318
2023-11-09 02:30:00,8.649275263612795
2023-11-09 03:00:00,9.668118734517458
2023-11-09 03:30:00,13.478069597322301
2023-11-09 04:00:00,19.240725246862542
2023-11-09 04:30:00,25.50197763512422
2023-11-09 05:00:00,29.020473653967002
2023-11-09 05:30:00,30.891932055770024
2023-11-09 06:00:00,30.983982456140353
2023-11-09 06:30:00,30.740473684210528
2023-11-09 07:00:00,30.688859649122815
2023-11-09 07:30:00,30.697789473684214
2023-11-09 08:00:00,30.848649122807018
2023-11-09 08:30:00,30.89835964912281
2023-11-09 09:00:00,30.89930701754386
2023-11-09 09:30:00,30.904228070175446
2023-11-09 10:00:00,30.93518421052632
2023-11-09 10:30:00,30.920728070175443
2023-11-09 11:00:00,30.816000000000003
2023-11-09 11:30:00,30.75089473684211
2023-11-09 12:00:00,30.784868421052636
2023-11-09 12:30:00,30.877482456140356
2023-11-09 13:00:00,30.940403508771936
2023-11-09 13:30:00,30.40935087719299
2023-11-09 14:00:00,28.257473684210527
2023-11-09 14:30:00,24.98784210526316
2023-11-09 15:00:00,21.132754385964915
2023-11-09 15:30:00,18.531701754385967
2023-11-09 16:00:00,16.88972807017544
2023-11-09 16:30:00,15.614385964912282
2023-11-09 17:00:00,14.061929824561405
2023-11-09 17:30:00,12.13842105263158
2023-11-09 18:00:00,10.523684210526318
2023-11-09 18:30:00,9.620438596491228
2023-11-09 19:00:00,9.335087719298246
2023-11-09 19:30:00,9.561377192982457
2023-11-09 20:00:00,9.576157894736843
2023-11-09 20:30:00,9.280719298245616
2023-11-09 21:00:00,8.925368421052633
2023-11-09 21:30:00,8.769587719298245
2023-11-09 22:00:00,8.953333333333335
2023-11-09 22:30:00,9.290157894736844
2023-11-09 23:00:00,9.617324561403509
2023-11-09 23:30:00,10.012662280701752
2023-11-10 00:00:00,10.264579824561403
2023-11-10 00:30:00,10.556047368421053
2023-11-10 01:00:00,10.980298245614037
2023-11-10 01:30:00,11.55882456140351
2023-11-10 02:00:00,11.823245657589952
2023-11-10 02:30:00,11.442541381198433
2023-11-10 03:00:00,11.598761230629615
2023-11-10 03:30:00,13.662906844398174
2023-11-10 04:00:00,17.821458959279408
2023-11-10 04:30:00,22.876191237680093
2023-11-10 05:00:00,27.138654746340478
2023-11-10 05:30:00,29.870468161901528
2023-11-10 06:00:00,31.093855009135837
2023-11-10 06:30:00,30.95832889832442
2023-11-10 07:00:00,30.628270594092626
2023-11-10 07:30:00,30.55502456750956
2023-11-10 08:00:00,30.68206316196544
2023-11-10 08:30:00,30.95112280701755
2023-11-10 09:00:00,30.952140350877198
2023-11-10 09:30:00,30.914280701754393
2023-11-10 10:00:00,30.80687719298246
2023-11-10 10:30:00,30.828947368421055
2023-11-10 11:00:00,30.750736842105265
2023-11-10 11:30:00,30.730333333333334
2023-11-10 12:00:00,30.671263157894742
2023-11-10 12:30:00,30.76679470631017
2023-11-10 13:00:00,30.681004581193736
2023-11-10 13:30:00,28.77128445819791
2023-11-10 14:00:00,25.081273685644135
2023-11-10 14:30:00,21.657637582770104
2023-11-10 15:00:00,18.95179932754991
2023-11-10 15:30:00,17.964812738588133
2023-11-10 16:00:00,16.17726315789474
2023-11-10 16:30:00,14.707087719298249
2023-11-10 17:00:00,13.43663157894737
2023-11-10 17:30:00,12.586070175438598
2023-11-10 18:00:00,11.89764912280702
2023-11-10 18:30:00,11.30742105263158
2023-11-10 19:00:00,10.909473684210527
2023-11-10 19:30:00,10.672982456140353
2023-11-10 20:00:00,10.439649122807019
2023-11-10 20:30:00,10.171736842105263
2023-11-10 21:00:00,10.106438596491229
2023-11-10 21:30:00,10.204377192982458
2023-11-10 22:00:00,10.340043859649125
2023-11-10 22:30:00,10.577719298245615
2023-11-10 23:00:00,10.91348245614035
2023-11-10 23:30:00,11.495092105263154
2023-11-11 00:00:00,10.514145179245856
2023-11-11 00:30:00,11.090580232192169
2023-11-11 01:00:00,11.56701754385965
2023-11-11 01:30:00,12.026666666666669
2023-11-11 02:00:00,12.420771929824562
2023-11-11 02:30:00,12.50834886062629
2023-11-11 03:00:00,12.853589824556815
2023-11-11 03:30:00,14.729667267080805
2023-11-11 04:00:00,18.839694937455434
2023-11-11 04:30:00,24.003770916315943
2023-11-11 05:00:00,27.67120170540832
2023-11-11 05:30:00,29.755809995344634
2023-11-11 06:00:00,30.266291046444866
2023-11-11 06:30:00,30.82535087719299
2023-11-11 07:00:00,30.960175438596494
2023-11-11 07:30:00,31.036000000000005
2023-11-11 08:00:00,31.027754385964915
2023-11-11 08:30:00,30.90891228070176
2023-11-11 09:00:00,30.80939473684211
2023-11-11 09:30:00,30.869578947368424
2023-11-11 10:00:00,30.93705263157895
2023-11-11 10:30:00,30.90622807017544
2023-11-11 11:00:00,30.830429824561406
2023-11-11 11:30:00,30.801131578947373
2023-11-11 12:00:00,30.939429824561405
2023-11-11 12:30:00,30.958192982456143
2023-11-11 13:00:00,30.8721780916446
2023-11-11 13:30:00,29.88898914857001
2023-11-11 14:00:00,27.52668213102615
2023-11-11 14:30:00,24.07532386823679
2023-11-11 15:00:00,20.49929824561404
2023-11-11 15:30:00,17.917543859649125
2023-11-11 16:00:00,15.950938160211253
2023-11-11 16:30:00,14.330190364776286
2023-11-11 17:00:00,13.043962294600847
2023-11-11 17:30:00,11.929383347232429
2023-11-11 18:00:00,11.015684210526317
2023-11-11 18:30:00,10.494701754385966
2023-11-11 19:00:00,10.270175438596494
2023-11-11 19:30:00,10.341754385964913
2023-11-11 20:00:00,10.153570175438599
2023-11-11 20:30:00,10.177798245614035
2023-11-11 21:00:00,10.318894736842106
2023-11-11 21:30:00,10.656508771929825
2023-11-11 22:00:00,10.911140350877195
2023-11-11 22:30:00,11.059473684210529
2023-11-11 23:00:00,11.123847368421053
2023-11-11 23:30:00,11.040744736842106
2023-11-12 00:00:00,10.625055622563368
2023-11-12 00:30:00,11.364260600938115
2023-11-12 01:00:00,12.042333333333337
2023-11-12 01:30:00,12.605508771929827
2023-11-12 02:00:00,13.390140350877195
2023-11-12 02:30:00,14.087389780705221
2023-11-12 03:00:00,15.026852283442656
2023-11-12 03:30:00,16.904005825829028
2023-11-12 04:00:00,19.935212218064876
2023-11-12 04:30:00,23.397188955962914
2023-11-12 05:00:00,26.297583134127237
2023-11-12 05:30:00,28.589442783250046
2023-11-12 06:00:00,30.05031578947369
2023-11-12 06:30:00,31.078359649122806
2023-11-12 07:00:00,31.36580701754386
2023-11-12 07:30:00,31.335982456140353
2023-11-12 08:00:00,31.346157894736844
2023-11-12 08:30:00,31.360763157894738
2023-11-12 09:00:00,31.44932456140351
2023-11-12 09:30:00,31.459578947368424
2023-11-12 10:00:00,31.395736842105265
2023-11-12 10:30:00,31.455421052631582
2023-11-12 11:00:00,31.50593859649123
2023-11-12 11:30:00,31.538543859649128
2023-11-12 12:00:00,31.501719298245618
2023-11-12 12:30:00,31.40906679165978
2023-11-12 13:00:00,31.123811128188134
2023-11-12 13:30:00,29.711570411073513
2023-11-12 14:00:00,26.666838777456842
2023-11-12 14:30:00,22.52909243935603
2023-11-12 15:00:00,18.497345038297222
2023-11-12 15:30:00,15.834888897946342
2023-11-12 16:00:00,14.509113318143049
2023-11-12 16:30:00,13.367595973208145
2023-11-12 17:00:00,12.467057879010094
2023-11-12 17:30:00,11.638673464583448
2023-11-12 18:00:00,11.550725456037748
2023-11-12 18:30:00,11.930026315789476
2023-11-12 19:00:00,12.11601754385965
2023-11-12 19:30:00,11.922315789473686
2023-11-12 20:00:00,11.683122807017545
2023-11-12 20:30:00,11.645070175438597
2023-11-12 21:00:00,11.894578947368423
2023-11-12 21:30:00,12.091157894736844
2023-11-12 22:00:00,12.049526315789477
2023-11-12 22:30:00,11.92022807017544
2023-11-12 23:00:00,11.888684210526316
2023-11-12 23:30:00,11.864842105263156
2023-11-13 00:00:00,8.362977183178787
2023-11-13 00:30:00,9.52129105217472
2023-11-13 01:00:00,10.125422135797395
2023-11-13 01:30:00,9.652061403508773
2023-11-13 02:00:00,8.972438596491228
2023-11-13 02:30:00,8.73646243408456
2023-11-13 03:00:00,9.740071932052548
2023-11-13 03:30:00,12.77421228292974
2023-11-13 04:00:00,17.26985603979049
2023-11-13 04:30:00,22.440497087267996
2023-11-13 05:00:00,26.75753985864002
2023-11-13 05:30:00,29.637731384926557
2023-11-13 06:00:00,30.940647133313437
2023-11-13 06:30:00,31.118462818598076
2023-11-13 07:00:00,30.801263157894738
2023-11-13 07:30:00,30.30719220311749
2023-11-13 08:00:00,30.19089395750346
2023-11-13 08:30:00,30.323060624170125
2023-11-13 09:00:00,30.78956419759561
2023-11-13 09:30:00,30.837219298245618
2023-11-13 10:00:00,30.807964912280706
2023-11-13 10:30:00,30.72537719298246
2023-11-13 11:00:00,30.728517543859653
2023-11-13 11:30:00,30.750798245614035
2023-11-13 12:00:00,30.78093859649123
2023-11-13 12:30:00,30.773026315789476
2023-11-13 13:00:00,30.75614653562806
2023-11-13 13:30:00,29.964193119515016
2023-11-13 14:00:00,27.16242610131516
2023-11-13 14:30:00,23.34898280490452
2023-11-13 15:00:00,19.727504911624706
2023-11-13 15:30:00,17.861192339071955
2023-11-13 16:00:00,16.363368421052634
2023-11-13 16:30:00,14.75271659845759
2023-11-13 17:00:00,13.250073953236827
2023-11-13 17:30:00,12.574126584815774
2023-11-13 18:00:00,12.39478488499707
2023-11-13 18:30:00,12.417473684210528
2023-11-13 19:00:00,12.240982456140353
2023-11-13 19:30:00,11.902526315789475
2023-11-13 20:00:00,11.6020350877193
2023-11-13 20:30:00,11.37501754385965
2023-11-13 21:00:00,11.564491228070176
2023-11-13 21:30:00,11.837684210526318
2023-11-13 22:00:00,12.046947368421053
2023-11-13 22:30:00,12.23361403508772
2023-11-13 23:00:00,12.32220701754386
2023-11-13 23:30:00,12.411599999999998
2023-11-14 00:00:00,12.643668421052638
2023-11-14 00:30:00,13.1002701754386
2023-11-14 01:00:00,13.604947368421056
2023-11-14 01:30:00,13.880350877192983
2023-11-14 02:00:00,13.722693285166658
2023-11-14 02:30:00,13.26676573441104
2023-11-14 03:00:00,13.227049976613522
2023-11-14 03:30:00,14.69051516991501
2023-11-14 04:00:00,17.48189670289244
2023-11-14 04:30:00,21.20813762951362
2023-11-14 05:00:00,25.187057821197783
2023-11-14 05:30:00,28.149604776969202
2023-11-14 06:00:00,30.086837152532752
2023-11-14 06:30:00,30.623069355469323
2023-11-14 07:00:00,30.66302687659416
2023-11-14 07:30:00,30.643036862157896
2023-11-14 08:00:00,30.57528947368421
2023-11-14 08:30:00,30.625210526315794
2023-11-14 09:00:00,30.667438596491234
2023-11-14 09:30:00,30.562885964912283
2023-11-14 10:00:00,30.55164912280702
2023-11-14 10:30:00,30.498175438596494
2023-11-14 11:00:00,30.72408771929825
2023-11-14 11:30:00,30.87713157894737
2023-11-14 12:00:00,30.969526315789476
2023-11-14 12:30:00,30.707992707285857
2023-11-14 13:00:00,30.217594888122733
2023-11-14 13:30:00,28.29995253432786
2023-11-14 14:00:00,25.033868654185852
2023-11-14 14:30:00,21.13365701858373
2023-11-14 15:00:00,18.145926557566302
2023-11-14 15:30:00,16.46772499673206
2023-11-14 16:00:00,15.197192982456142
2023-11-14 16:30:00,13.84526315789474
2023-11-14 17:00:00,12.943859649122809
2023-11-14 17:30:00,12.334736842105265
2023-11-14 18:00:00,11.756140350877194
2023-11-14 18:30:00,11.1870350877193
2023-11-14 19:00:00,10.708438596491229
2023-11-14 19:30:00,10.426929824561405
2023-11-14 20:00:00,10.514991228070178
2023-11-14 20:30:00,10.665236842105264
2023-11-14 21:00:00,10.99271052631579
2023-11-14 21:30:00,11.17824561403509
2023-11-14 22:00:00,11.398315789473685
2023-11-14 22:30:00,11.642359649122808
2023-11-14 23:00:00,11.889270175438597
2023-11-14 23:30:00,12.049624561403506
2023-11-15 00:00:00,10.629385002055933
2023-11-15 00:30:00,11.193198088564515
2023-11-15 01:00:00,11.658473684210527
2023-11-15 01:30:00,11.908894736842107
2023-11-15 02:00:00,12.010783575878081
2023-11-15 02:30:00,12.26916114818861
2023-11-15 03:00:00,13.330219313445221
2023-11-15 03:30:00,16.115890909131572
2023-11-15 04:00:00,19.661665349252978
2023-11-15 04:30:00,23.67344027022899
2023-11-15 05:00:00,26.824372670732412
2023-11-15 05:30:00,29.088928457025393
2023-11-15 06:00:00,30.259977481880938
2023-11-15 06:30:00,30.657923577357533
2023-11-15 07:00:00,30.727796844317755
2023-11-15 07:30:00,30.759298245614037
2023-11-15 08:00:00,30.80385964912281
2023-11-15 08:30:00,30.83699122807018
2023-11-15 09:00:00,30.84991228070176
2023-11-15 09:30:00,30.89589473684211
2023-11-15 10:00:00,30.95099122807018
2023-11-15 10:30:00,31.032263157894743
2023-11-15 11:00:00,31.042736842105267
2023-11-15 11:30:00,31.089631578947373
2023-11-15 12:00:00,30.839923867754706
2023-11-15 12:30:00,30.142090721263088
2023-11-15 13:00:00,28.41974582639955
2023-11-15 13:30:00,25.5151552503668
2023-11-15 14:00:00,22.36289140530287
2023-11-15 14:30:00,19.64744100540423
2023-11-15 15:00:00,17.90498187400857
2023-11-15 15:30:00,16.270789150137876
2023-11-15 16:00:00,14.426900754584578
2023-11-15 16:30:00,13.363985936991917
2023-11-15 17:00:00,12.978430597133917
2023-11-15 17:30:00,13.048471835310329
2023-11-15 18:00:00,12.50747368421053
2023-11-15 18:30:00,11.976035087719302
2023-11-15 19:00:00,11.675991228070176
2023-11-15 19:30:00,11.693114035087723
2023-11-15 20:00:00,11.506719298245615
2023-11-15 20:30:00,11.354368421052634
2023-11-15 21:00:00,11.238754385964912
2023-11-15 21:30:00,11.139692982456141
2023-11-15 22:00:00,11.181587719298248
2023-11-15 22:30:00,11.528894736842107
2023-11-15 23:00:00,12.381215789473686
2023-11-15 23:30:00,13.33652105263158
2023-11-16 00:00:00,13.237649122807023
2023-11-16 00:30:00,13.790947368421056
2023-11-16 01:00:00,14.11543859649123
2023-11-16 01:30:00,13.940701754385968
2023-11-16 02:00:00,13.282490803684324
2023-11-16 02:30:00,12.36150168661552
2023-11-16 03:00:00,12.148049562522901
2023-11-16 03:30:00,13.893507335862594
2023-11-16 04:00:00,17.749348795041616
2023-11-16 04:30:00,22.63068691887886
2023-11-16 05:00:00,26.67392415399725
2023-11-16 05:30:00,28.69828708428861
2023-11-16 06:00:00,29.674043074980403
2023-11-16 06:30:00,30.146526315789476
2023-11-16 07:00:00,30.602938596491228
2023-11-16 07:30:00,30.75713157894737
2023-11-16 08:00:00,30.528807017543865
2023-11-16 08:30:00,30.482745614035093
2023-11-16 09:00:00,30.22552631578948
2023-11-16 09:30:00,30.20887719298246
2023-11-16 10:00:00,30.077298245614035
2023-11-16 10:30:00,30.099026315789477
2023-11-16 11:00:00,30.505640350877197
2023-11-16 11:30:00,30.752298360135825
2023-11-16 12:00:00,30.902840055034215
2023-11-16 12:30:00,30.068953716017003
2023-11-16 13:00:00,27.916558430187298
2023-11-16 13:30:00,24.43925945186248
2023-11-16 14:00:00,20.72697315817747
2023-11-16 14:30:00,17.420306491510797
2023-11-16 15:00:00,14.765014444538687
2023-11-16 15:30:00,12.89932456140351
2023-11-16 16:00:00,11.84226315789474
2023-11-16 16:30:00,11.620912280701758
2023-11-16 17:00:00,11.411245614035089
2023-11-16 17:30:00,11.606666666666667
2023-11-16 18:00:00,11.687429824561406
2023-11-16 18:30:00,11.72911403508772
2023-11-16 19:00:00,11.358912280701757
2023-11-16 19:30:00,10.929622807017545
2023-11-16 20:00:00,10.889491228070177
2023-11-16 20:30:00,11.125754385964912
2023-11-16 21:00:00,11.529964912280704
2023-11-16 21:30:00,11.72759649122807
2023-11-16 22:00:00,11.549403508771931
2023-11-16 22:30:00,11.323298245614035
2023-11-16 23:00:00,11.141352631578949
2023-11-16 23:30:00,11.162607894736844
2023-11-17 00:00:00,11.41347368421053
2023-11-17 00:30:00,11.814947368421054
2023-11-17 01:00:00,12.149122807017546
2023-11-17 01:30:00,12.380000000000003
2023-11-17 02:00:00,12.767116758581293
2023-11-17 02:30:00,12.662742924511354
2023-11-17 03:00:00,12.785064344391998
2023-11-17 03:30:00,13.995114252731177
2023-11-17 04:00:00,17.464116205338485
2023-11-17 04:30:00,22.64698581950761
2023-11-17 05:00:00,26.852409936979697
2023-11-17 05:30:00,29.491094952352622
2023-11-17 06:00:00,30.117373316972277
2023-11-17 06:30:00,30.323320922199738
2023-11-17 07:00:00,30.036035087719302
2023-11-17 07:30:00,29.78751754385965
2023-11-17 08:00:00,29.860929824561406
2023-11-17 08:30:00,30.317192982456145
2023-11-17 09:00:00,30.4756052631579
2023-11-17 09:30:00,30.156324561403512
2023-11-17 10:00:00,29.48674561403509
2023-11-17 10:30:00,29.06589473684211
2023-11-17 11:00:00,28.80786305495496
2023-11-17 11:30:00,29.018945408155528
2023-11-17 12:00:00,28.686638390611666
2023-11-17 12:30:00,27.603825295866653
2023-11-17 13:00:00,24.789801721525176
2023-11-17 13:30:00,22.211240318016404
2023-11-17 14:00:00,19.775801721525173
2023-11-17 14:30:00,17.97484176155338
2023-11-17 15:00:00,15.223195117215518
2023-11-17 15:30:00,12.917148420081695
2023-11-17 16:00:00,11.480885734935834
2023-11-17 16:30:00,11.101330249688653
2023-11-17 17:00:00,10.586122807017546
2023-11-17 17:30:00,9.811745614035088
2023-11-17 18:00:00,9.230456140350878
2023-11-17 18:30:00,9.06861403508772
2023-11-17 19:00:00,9.10342105263158
2023-11-17 19:30:00,9.187175438596492
2023-11-17 20:00:00,9.150725663823982
2023-11-17 20:30:00,9.41263553817428
2023-11-17 21:00:00,9.79011799431463
2023-11-17 21:30:00,10.384534803227298
2023-11-17 22:00:00,10.954140350877195
2023-11-17 22:30:00,11.322771929824562
2023-11-17 23:00:00,11.507657894736843
2023-11-17 23:30:00,11.42752192982456
2023-11-18 00:00:00,11.550257017543863
2023-11-18 00:30:00,11.71814210526316
2023-11-18 01:00:00,11.821649122807019
2023-11-18 01:30:00,11.770675438596491
2023-11-18 02:00:00,11.501754385964913
2023-11-18 02:30:00,11.3643513578485
2023-11-18 03:00:00,11.71456469066812
2023-11-18 03:30:00,13.351514406601567
2023-11-18 04:00:00,16.452674055657802
2023-11-18 04:30:00,20.160609238783945
2023-11-18 05:00:00,23.503859649122813
2023-11-18 05:30:00,25.879574880238263
2023-11-18 06:00:00,27.516020353508754
2023-11-18 06:30:00,28.68080745776851
2023-11-18 07:00:00,29.36087234865732
2023-11-18 07:30:00,29.657140310958496
2023-11-18 08:00:00,30.095860818662246
2023-11-18 08:30:00,30.53649122807018
2023-11-18 09:00:00,30.593192982456145
2023-11-18 09:30:00,30.23685087719299
2023-11-18 10:00:00,29.75485964912281
2023-11-18 10:30:00,29.413140773917775
2023-11-18 11:00:00,29.37822104022761
2023-11-18 11:30:00,29.49938510092443
2023-11-18 12:00:00,29.423607131014503
2023-11-18 12:30:00,28.675346434328446
2023-11-18 13:00:00,26.87789473684211
2023-11-18 13:30:00,24.31017543859649
2023-11-18 14:00:00,21.07309775300811
2023-11-18 14:30:00,17.639705783896947
2023-11-18 15:00:00,14.882320168976937
2023-11-18 15:30:00,13.57484112052669
2023-11-18 16:00:00,13.959078281784372
2023-11-18 16:30:00,14.598596491228072
2023-11-18 17:00:00,14.357394736842108
2023-11-18 17:30:00,12.960754385964913
2023-11-18 18:00:00,11.384263157894738
2023-11-18 18:30:00,10.015473684210528
2023-11-18 19:00:00,9.317192982456142
2023-11-18 19:30:00,9.116842105263158
2023-11-18 20:00:00,9.159609591223026
2023-11-18 20:30:00,9.173565615774342
2023-11-18 21:00:00,9.08900421226557
2023-11-18 21:30:00,9.232708188583882
2023-11-18 22:00:00,9.656140350877195
2023-11-18 22:30:00,9.86707650483572
2023-11-18 23:00:00,10.13000956631227
2023-11-18 23:30:00,10.323084524906998
2023-11-19 00:00:00,11.611473684210528
2023-11-19 00:30:00,11.882736842105265
2023-11-19 01:00:00,12.43543859649123
2023-11-19 01:30:00,13.24385964912281
2023-11-19 02:00:00,13.666969250354839
2023-11-19 02:30:00,13.402913155753312
2023-11-19 03:00:00,13.190383198927902
2023-11-19 03:30:00,14.76251014211275
2023-11-19 04:00:00,17.938004208195277
2023-11-19 04:30:00,21.51423508145822
2023-11-19 05:00:00,24.44214134889393
2023-11-19 05:30:00,26.799758058715124
2023-11-19 06:00:00,28.61337943930326
2023-11-19 06:30:00,29.540396983162907
2023-11-19 07:00:00,29.724710936261484
2023-11-19 07:30:00,29.73385964912281
2023-11-19 08:00:00,30.21261403508772
2023-11-19 08:30:00,30.523210526315793
2023-11-19 09:00:00,30.792912280701756
2023-11-19 09:30:00,30.29912280701755
2023-11-19 10:00:00,29.772956140350882
2023-11-19 10:30:00,29.43985281332046
2023-11-19 11:00:00,29.718388667014178
2023-11-19 11:30:00,29.999322520874
2023-11-19 12:00:00,29.71248916288671
2023-11-19 12:30:00,28.542235695865298
2023-11-19 13:00:00,26.56028947368421
2023-11-19 13:30:00,24.093333333333334
2023-11-19 14:00:00,21.109122807017545
2023-11-19 14:30:00,18.076315789473686
2023-11-19 15:00:00,15.576929824561406
2023-11-19 15:30:00,13.859736842105264
2023-11-19 16:00:00,12.922675438596494
2023-11-19 16:30:00,12.550447368421054
2023-11-19 17:00:00,12.259491228070177
2023-11-19 17:30:00,11.540543859649125
2023-11-19 18:00:00,10.645508771929826
2023-11-19 18:30:00,9.922456140350878
2023-11-19 19:00:00,9.36561403508772
2023-11-19 19:30:00,9.111438596491228
2023-11-19 20:00:00,8.536070175438597
2023-11-19 20:30:00,8.38761403508772
2023-11-19 21:00:00,8.250991228070177
2023-11-19 21:30:00,8.279736842105264
2023-11-19 22:00:00,8.390894736842107
2023-11-19 22:30:00,8.668175438596492
2023-11-19 23:00:00,9.000780701754387
2023-11-19 23:30:00,9.403030701754387
2023-11-21 00:00:00,11.525964912280704
2023-11-21 00:30:00,11.302456140350879
2023-11-21 01:00:00,11.073684210526316
2023-11-21 01:30:00,10.840350877192982
2023-11-21 02:00:00,11.075087719298248
2023-11-21 02:30:00,11.495649478593387
2023-11-21 03:00:00,12.515002057112042
2023-11-21 03:30:00,14.436419239644296
2023-11-21 04:00:00,18.09262891416538
2023-11-21 04:30:00,22.403729176666534
2023-11-21 05:00:00,26.383542612223508
2023-11-21 05:30:00,28.891046375535733
2023-11-21 06:00:00,30.14288783279166
2023-11-21 06:30:00,30.55238455081124
2023-11-21 07:00:00,30.62561403508772
2023-11-21 07:30:00,30.59363157894737
2023-11-21 08:00:00,30.688105263157897
2023-11-21 08:30:00,30.638280701754386
2023-11-21 09:00:00,30.4281052631579
2023-11-21 09:30:00,30.241403508771935
2023-11-21 10:00:00,30.114280701754392
2023-11-21 10:30:00,30.26437719298246
2023-11-21 11:00:00,30.41670175438597
2023-11-21 11:30:00,30.652131578947373
2023-11-21 12:00:00,30.63865450501062
2023-11-21 12:30:00,30.124721890427278
2023-11-21 13:00:00,28.179020678312323
2023-11-21 13:30:00,25.035601149943606
2023-11-21 14:00:00,21.20596079316757
2023-11-21 14:30:00,17.724616184863457
2023-11-21 15:00:00,15.645007213859792
2023-11-21 15:30:00,14.09745097535095
2023-11-21 16:00:00,13.255263157894738
2023-11-21 16:30:00,12.407385964912281
2023-11-21 17:00:00,12.067754385964912
2023-11-21 17:30:00,12.415157894736844
2023-11-21 18:00:00,13.080956140350878
2023-11-21 18:30:00,13.900123150118167
2023-11-21 19:00:00,13.980431683049197
2023-11-21 19:30:00,13.290957998838671
2023-11-21 20:00:00,11.32077220660038
2023-11-21 20:30:00,9.505271327721452
2023-11-21 21:00:00,8.320455538247769
2023-11-21 21:30:00,8.169016927777037
2023-11-21 22:00:00,8.227245614035088
2023-11-21 22:30:00,8.151429824561404
2023-11-21 23:00:00,8.084180701754386
2023-11-21 23:30:00,8.10694649122807
2023-11-23 00:00:00,10.943964912280704
2023-11-23 00:30:00,10.701456140350878
2023-11-23 01:00:00,10.474333333333336
2023-11-23 01:30:00,10.113140350877195
2023-11-23 02:00:00,9.567668473156973
2023-11-23 02:30:00,8.919076601266378
2023-11-23 03:00:00,9.351676241156065
2023-11-23 03:30:00,11.454164565467982
2023-11-23 04:00:00,15.072106399442966
2023-11-23 04:30:00,19.835203880388338
2023-11-23 05:00:00,24.063923667920278
2023-11-23 05:30:00,27.383828196596614
2023-11-23 06:00:00,29.206655628529038
2023-11-23 06:30:00,30.19956168455612
2023-11-23 07:00:00,30.599944505863863
2023-11-23 07:30:00,30.550584927741852
2023-11-23 08:00:00,30.607912280701758
2023-11-23 08:30:00,30.634921052631583
2023-11-23 09:00:00,30.74747368421053
2023-11-23 09:30:00,30.758219298245617
2023-11-23 10:00:00,30.735043859649124
2023-11-23 10:30:00,30.745561403508777
2023-11-23 11:00:00,30.788675438596496
2023-11-23 11:30:00,30.749449051343856
2023-11-23 12:00:00,30.71138933075788
2023-11-23 12:30:00,30.450545016243808
2023-11-23 13:00:00,29.121537560350998
2023-11-23 13:30:00,25.84798116282803
2023-11-23 14:00:00,22.5101573243832
2023-11-23 14:30:00,19.630676133967288
2023-11-23 15:00:00,18.113743652413834
2023-11-23 15:30:00,15.9351531066375
2023-11-23 16:00:00,13.8486531066375
2023-11-23 16:30:00,11.803236162293677
2023-11-23 17:00:00,10.649087163943934
2023-11-23 17:30:00,10.012929269207094
2023-11-23 18:00:00,9.617683840290109
2023-11-23 18:30:00,9.518526315789474
2023-11-23 19:00:00,9.274833333333335
2023-11-23 19:30:00,9.32421052631579
2023-11-23 20:00:00,9.310175438596493
2023-11-23 20:30:00,9.074508771929827
2023-11-23 21:00:00,8.73942105263158
2023-11-23 21:30:00,8.670964912280702
2023-11-23 22:00:00,8.78751754385965
2023-11-23 22:30:00,9.087263157894737
2023-11-23 23:00:00,9.434971929824561
2023-11-23 23:30:00,9.815791228070175
2023-11-24 00:00:00,10.11701842105263
2023-11-24 00:30:00,10.186433333333333
2023-11-24 01:00:00,10.214087719298247
2023-11-24 01:30:00,10.188771929824563
2023-11-24 02:00:00,10.292964912280702
2023-11-24 02:30:00,10.516739415868003
2023-11-24 03:00:00,10.878470238405994
2023-11-24 03:30:00,12.288725773002804
2023-11-24 04:00:00,15.914244863149298
2023-11-24 04:30:00,20.91137864601413
2023-11-24 05:00:00,25.461530057640122
2023-11-24 05:30:00,28.366424193902073
2023-11-24 06:00:00,29.7771955576149
2023-11-24 06:30:00,30.536877752193234
2023-11-24 07:00:00,30.760571733618857
2023-11-24 07:30:00,30.70562792500421
2023-11-24 08:00:00,30.689421052631584
2023-11-24 08:30:00,30.523640350877198
2023-11-24 09:00:00,30.478947368421057
2023-11-24 09:30:00,30.563017543859655
2023-11-24 10:00:00,30.77624561403509
2023-11-24 10:30:00,30.871114035087725
2023-11-24 11:00:00,30.92023684210527
2023-11-24 11:30:00,30.99176315789474
2023-11-24 12:00:00,30.915632727244887
2023-11-24 12:30:00,29.997686507121358
2023-11-24 13:00:00,27.46730369928491
2023-11-24 13:30:00,24.216009077929062
2023-11-24 14:00:00,21.46113035388325
2023-11-24 14:30:00,19.435622823472045
2023-11-24 15:00:00,18.070973467403633
2023-11-24 15:30:00,16.305964912280704
2023-11-24 16:00:00,14.493748076988005
2023-11-24 16:30:00,12.462405578791328
2023-11-24 17:00:00,11.059431894580802
2023-11-24 17:30:00,9.978184563028927
2023-11-24 18:00:00,9.775395798397517
2023-11-24 18:30:00,9.145105263157895
2023-11-24 19:00:00,8.964263157894738
2023-11-24 19:30:00,8.937026315789476
2023-11-24 20:00:00,9.086736842105266
2023-11-24 20:30:00,9.206350877192984
2023-11-24 21:00:00,9.219991228070176
2023-11-24 21:30:00,9.32313157894737
2023-11-24 22:00:00,9.61584210526316
2023-11-24 22:30:00,10.077894736842106
2023-11-24 23:00:00,10.625343859649124
2023-11-24 23:30:00,11.023414912280705
2023-11-25 00:00:00,11.612070175438594
2023-11-25 00:30:00,11.602666666666666
2023-11-25 01:00:00,11.621403508771932
2023-11-25 01:30:00,11.65684210526316
2023-11-25 02:00:00,11.345798855340254
2023-11-25 02:30:00,10.449658131072344
2023-11-25 03:00:00,9.956727495835496
2023-11-25 03:30:00,11.26615851872477
2023-11-25 04:00:00,15.233775735445406
2023-11-25 04:30:00,20.19416983186498
2023-11-25 05:00:00,25.018080034255977
2023-11-25 05:30:00,28.065288025312316
2023-11-25 06:00:00,29.968209106543323
2023-11-25 06:30:00,30.735139225115713
2023-11-25 07:00:00,30.93438596491228
2023-11-25 07:30:00,30.98982456140351
2023-11-25 08:00:00,31.037543859649123
2023-11-25 08:30:00,31.129473684210527
2023-11-25 09:00:00,31.12350877192983
2023-11-25 09:30:00,30.928543859649125
2023-11-25 10:00:00,30.927385964912286
2023-11-25 10:30:00,30.982473684210532
2023-11-25 11:00:00,31.19381578947369
2023-11-25 11:30:00,31.035789473684215
2023-11-25 12:00:00,30.99855263157895
2023-11-25 12:30:00,30.95009804852511
2023-11-25 13:00:00,30.1675118865239
2023-11-25 13:30:00,28.652125921611617
2023-11-25 14:00:00,26.269768158267397
2023-11-25 14:30:00,23.527368421052632
2023-11-25 15:00:00,20.87578947368421
2023-11-25 15:30:00,18.14140350877193
2023-11-25 16:00:00,15.985217477520214
2023-11-25 16:30:00,13.672895632043828
2023-11-25 17:00:00,11.868102491475122
2023-11-25 17:30:00,10.544397261486948
2023-11-25 18:00:00,9.896654676267923
2023-11-25 18:30:00,9.514140350877193
2023-11-25 19:00:00,9.002789473684212
2023-11-25 19:30:00,8.715622807017544
2023-11-25 20:00:00,8.579877192982456
2023-11-25 20:30:00,8.755842105263158
2023-11-25 21:00:00,9.237008771929824
2023-11-25 21:30:00,9.80105263157895
2023-11-25 22:00:00,10.243157894736845
2023-11-25 22:30:00,10.408771929824564
2023-11-25 23:00:00,10.12877192982456
2023-11-25 23:30:00,9.746666666666663
2023-11-26 00:00:00,9.284599665645844
2023-11-26 00:30:00,9.665886089617802
2023-11-26 01:00:00,9.789955957414396
2023-11-26 01:30:00,9.486578947368423
2023-11-26 02:00:00,9.4166432627642
2023-11-26 02:30:00,9.822592500860319
2023-11-26 03:00:00,10.939840085704992
2023-11-26 03:30:00,14.014436654112615
2023-11-26 04:00:00,18.143623901436143
2023-11-26 04:30:00,23.286793736327002
2023-11-26 05:00:00,27.027027473393293
2023-11-26 05:30:00,29.68624007604269
2023-11-26 06:00:00,30.78897417375698
2023-11-26 06:30:00,31.21162521007291
2023-11-26 07:00:00,31.133157894736843
2023-11-26 07:30:00,31.030350877192987
2023-11-26 08:00:00,31.023000000000007
2023-11-26 08:30:00,31.172543859649124
2023-11-26 09:00:00,31.378859649122813
2023-11-26 09:30:00,31.44128070175439
2023-11-26 10:00:00,31.51635964912281
2023-11-26 10:30:00,31.55085964912281
2023-11-26 11:00:00,31.468543859649127
2023-11-26 11:30:00,31.411412280701757
2023-11-26 12:00:00,31.32840350877193
2023-11-26 12:30:00,31.197736842105268
2023-11-26 13:00:00,30.19638596491228
2023-11-26 13:30:00,27.66358771929825
2023-11-26 14:00:00,24.31650877192983
2023-11-26 14:30:00,21.000000000000004
2023-11-26 15:00:00,18.839140350877198
2023-11-26 15:30:00,17.501816097641083
2023-11-26 16:00:00,15.312129031147839
2023-11-26 16:30:00,12.59578169554795
2023-11-26 17:00:00,9.65094870400808
2023-11-26 17:30:00,7.885104133870644
2023-11-26 18:00:00,7.398060824453275
2023-11-26 18:30:00,7.558140350877195
2023-11-26 19:00:00,7.864192982456141
2023-11-26 19:30:00,8.105289473684211
2023-11-26 20:00:00,8.141859649122807
2023-11-26 20:30:00,8.159280701754387
2023-11-26 21:00:00,8.257894736842106
2023-11-26 21:30:00,8.398000000000001
2023-11-26 22:00:00,8.667561403508772
2023-11-26 22:30:00,8.797087719298247
2023-11-26 23:00:00,8.820491228070175
2023-11-26 23:30:00,8.691789473684208
2023-11-28 00:00:00,11.193684210526314
2023-11-28 00:30:00,11.992280701754387
2023-11-28 01:00:00,12.513333333333335
2023-11-28 01:30:00,12.840701754385966
2023-11-28 02:00:00,12.864315789473686
2023-11-28 02:30:00,12.188233355034896
2023-11-28 03:00:00,11.430655284868264
2023-11-28 03:30:00,11.634213793431798
2023-11-28 04:00:00,14.776024078765781
2023-11-28 04:30:00,19.279112352623944
2023-11-28 05:00:00,24.242457795503608
2023-11-28 05:30:00,27.580954396030695
2023-11-28 06:00:00,29.67646945952765
2023-11-28 06:30:00,30.54746617774519
2023-11-28 07:00:00,30.622403508771935
2023-11-28 07:30:00,30.627561403508775
2023-11-28 08:00:00,30.581385964912286
2023-11-28 08:30:00,30.623061403508775
2023-11-28 09:00:00,30.74268421052632
2023-11-28 09:30:00,30.844043859649123
2023-11-28 10:00:00,30.8870350877193
2023-11-28 10:30:00,30.946500000000004
2023-11-28 11:00:00,30.95040350877193
2023-11-28 11:30:00,31.012175438596497
2023-11-28 12:00:00,30.98339473684211
2023-11-28 12:30:00,30.58863157894737
2023-11-28 13:00:00,28.961902955211855
2023-11-28 13:30:00,26.1855759378941
2023-11-28 14:00:00,22.875874183508135
2023-11-28 14:30:00,19.80241224718506
2023-11-28 15:00:00,17.75486842105263
2023-11-28 15:30:00,15.972210526315791
2023-11-28 16:00:00,14.832578947368424
2023-11-28 16:30:00,13.750719298245615
2023-11-28 17:00:00,12.415736842105266
2023-11-28 17:30:00,11.07045614035088
2023-11-28 18:00:00,9.534929824561404
2023-11-28 18:30:00,8.724666666666668
2023-11-28 19:00:00,8.495482456140351
2023-11-28 19:30:00,8.715061403508772
2023-11-28 20:00:00,9.004912280701754
2023-11-28 20:30:00,9.28201754385965
2023-11-28 21:00:00,9.740798245614036
2023-11-28 21:30:00,10.309640350877194
2023-11-28 22:00:00,10.75782456140351
2023-11-28 22:30:00,11.197403508771933
2023-11-28 23:00:00,11.546512280701755
2023-11-28 23:30:00,11.901698245614034
2023-11-29 00:00:00,11.181915789473685
2023-11-29 00:30:00,11.165628070175439
2023-11-29 01:00:00,11.247894736842106
2023-11-29 01:30:00,11.560263157894738
2023-11-29 02:00:00,11.789508771929825
2023-11-29 02:30:00,12.058302967900362
2023-11-29 03:00:00,12.344037007476183
2023-11-29 03:30:00,13.37573464919938
2023-11-29 04:00:00,16.126724801172614
2023-11-29 04:30:00,20.14063597955513
2023-11-29 05:00:00,24.15197677972971
2023-11-29 05:30:00,25.856116834432843
2023-11-29 06:00:00,24.854793679850797
2023-11-29 06:30:00,23.71214390989364
2023-11-29 07:00:00,24.059578067474646
2023-11-29 07:30:00,26.620483772021306
2023-11-29 08:00:00,29.00401754385965
2023-11-29 08:30:00,30.246184210526323
2023-11-29 09:00:00,30.4855701754386
2023-11-29 09:30:00,30.783157894736846
2023-11-29 10:00:00,31.017543859649127
2023-11-29 10:30:00,31.192280701754388
2023-11-29 11:00:00,31.240701754385967
2023-11-29 11:30:00,31.194035087719303
2023-11-29 12:00:00,31.11543859649123
2023-11-29 12:30:00,30.76912280701755
2023-11-29 13:00:00,28.958593900972588
2023-11-29 13:30:00,25.94876415905811
2023-11-29 14:00:00,22.758588720461617
2023-11-29 14:30:00,20.026626746864086
2023-11-29 15:00:00,18.186115124490467
2023-11-29 15:30:00,16.29067652799924
2023-11-29 16:00:00,14.56681687887643
2023-11-29 16:30:00,13.018947368421054
2023-11-29 17:00:00,11.941403508771932
2023-11-29 17:30:00,11.475298245614036
2023-11-29 18:00:00,11.61842105263158
2023-11-29 18:30:00,11.61004990106513
2023-11-29 19:00:00,11.566650719188672
2023-11-29 19:30:00,11.05873843848692
2023-11-29 20:00:00,10.376838031198501
2023-11-29 20:30:00,9.559882936029593
2023-11-29 21:00:00,9.40498245614035
2023-11-29 21:30:00,9.56024561403509
2023-11-29 22:00:00,9.95480701754386
2023-11-29 22:30:00,10.389078016058951
2023-11-29 23:00:00,10.78344417176479
2023-11-29 23:30:00,11.2529967970521
2023-11-30 00:00:00,11.31659649122807
2023-11-30 00:30:00,12.049543859649122
2023-11-30 01:00:00,12.343157894736843
2023-11-30 01:30:00,12.10551754385965
2023-11-30 02:00:00,11.506743266398772
2023-11-30 02:30:00,11.290008388932756
2023-11-30 03:00:00,11.677845444765998
2023-11-30 03:30:00,12.853519855587672
2023-11-30 04:00:00,16.061749777033672
2023-11-30 04:30:00,20.510562212143178
2023-11-30 05:00:00,25.369674279134802
2023-11-30 05:30:00,28.706679474422327
2023-11-30 06:00:00,30.25015258152557
2023-11-30 06:30:00,30.915178568813985
2023-11-30 07:00:00,30.933350877192982
2023-11-30 07:30:00,30.930929824561407
2023-11-30 08:00:00,30.903210526315792
2023-11-30 08:30:00,30.998114035087724
2023-11-30 09:00:00,31.13333333333334
2023-11-30 09:30:00,31.26280701754386
2023-11-30 10:00:00,31.26912280701755
2023-11-30 10:30:00,31.306315789473686
2023-11-30 11:00:00,31.265614035087722
2023-11-30 11:30:00,31.282456140350885
2023-11-30 12:00:00,31.165964912280703
2023-11-30 12:30:00,30.74596491228071
2023-11-30 13:00:00,29.42947368421053
2023-11-30 13:30:00,27.26842105263158
2023-11-30 14:00:00,24.747719298245617
2023-11-30 14:30:00,21.840000000000003
2023-11-30 15:00:00,18.712973296146576
2023-11-30 15:30:00,16.351650450436466
2023-11-30 16:00:00,14.881321171475223
2023-11-30 16:30:00,15.3091283577716
2023-11-30 17:00:00,15.755816278919397
2023-11-30 17:30:00,17.41030243870718
2023-11-30 18:00:00,17.590183883124553
2023-11-30 18:30:00,17.220256167982324
2023-11-30 19:00:00,14.436043416131751
2023-11-30 19:30:00,11.580345088642062
2023-11-30 20:00:00,9.615202603456664
2023-11-30 20:30:00,9.186181660148103
2023-11-30 21:00:00,9.730054104069085
2023-11-30 21:30:00,10.240107799619814
2023-11-30 22:00:00,10.625631578947369
2023-11-30 22:30:00,10.7545350877193
2023-11-30 23:00:00,10.868994736842106
2023-11-30 23:30:00,10.953606140350878
2023-12-01 00:00:00,11.136872807017545
2023-12-01 00:30:00,11.196675438596493
2023-12-01 01:00:00,11.170833333333334
2023-12-01 01:30:00,10.79842105263158
2023-12-01 02:00:00,10.26113811009204
2023-12-01 02:30:00,9.595817781931782
2023-12-01 03:00:00,9.495400156241201
2023-12-01 03:30:00,10.657895166995269
2023-12-01 04:00:00,14.527936371287879
2023-12-01 04:30:00,20.769090388375364
2023-12-01 05:00:00,26.51216992227198
2023-12-01 05:30:00,29.95151483264701
2023-12-01 06:00:00,30.82288964519601
2023-12-01 06:30:00,30.94655315920095
2023-12-01 07:00:00,31.091368421052636
2023-12-01 07:30:00,31.031157894736847
2023-12-01 08:00:00,31.040701754385967
2023-12-01 08:30:00,31.15999122807018
2023-12-01 09:00:00,31.27085964912281
2023-12-01 09:30:00,31.291561403508776
2023-12-01 10:00:00,31.20631578947369
2023-12-01 10:30:00,31.139570175438603
2023-12-01 11:00:00,31.090666666666674
2023-12-01 11:30:00,30.11062280701755
2023-12-01 12:00:00,28.829271929824568
2023-12-01 12:30:00,28.60037719298246
2023-12-01 13:00:00,28.403588618292307
2023-12-01 13:30:00,28.726274626806745
2023-12-01 14:00:00,27.815888661894466
2023-12-01 14:30:00,26.82204172116937
2023-12-01 15:00:00,25.155438596491233
2023-12-01 15:30:00,23.24736842105263
2023-12-01 16:00:00,20.87684210526316
2023-12-01 16:30:00,18.350093200504844
2023-12-01 17:00:00,15.398696763901762
2023-12-01 17:30:00,13.171170448112287
2023-12-01 18:00:00,11.673807410012124
2023-12-01 18:30:00,10.983359649122809
2023-12-01 19:00:00,10.236140350877195
2023-12-01 19:30:00,10.419298245614037
2023-12-01 20:00:00,11.125263157894738
2023-12-01 20:30:00,12.038947368421054
2023-12-01 21:00:00,12.743157894736845
2023-12-01 21:30:00,12.751929824561406
2023-12-01 22:00:00,12.051929824561405
2023-12-01 22:30:00,11.381403508771932
2023-12-01 23:00:00,10.8048350877193
2023-12-01 23:30:00,10.582147368421053
2023-12-02 00:00:00,10.16763859649123
2023-12-02 00:30:00,9.91935862711121
2023-12-02 01:00:00,9.735610138583686
2023-12-02 01:30:00,9.623366396847876
2023-12-02 02:00:00,10.408147098602264
2023-12-02 02:30:00,12.34663943189952
2023-12-02 03:00:00,14.289520873661274
2023-12-02 03:30:00,15.282829637925536
2023-12-02 04:00:00,16.256584779264287
2023-12-02 04:30:00,18.684545747639863
2023-12-02 05:00:00,22.91519896881164
2023-12-02 05:30:00,26.533273669369567
2023-12-02 06:00:00,29.061713030738407
2023-12-02 06:30:00,30.225100665888075
2023-12-02 07:00:00,30.833939434302774
2023-12-02 07:30:00,30.968192982456145
2023-12-02 08:00:00,31.01405263157895
2023-12-02 08:30:00,31.11626315789474
2023-12-02 09:00:00,31.163973684210532
2023-12-02 09:30:00,31.21835087719299
2023-12-02 10:00:00,31.304500000000004
2023-12-02 10:30:00,31.22044736842106
2023-12-02 11:00:00,31.135570175438602
2023-12-02 11:30:00,31.054885964912284
2023-12-02 12:00:00,31.10985964912281
2023-12-02 12:30:00,30.96516725466834
2023-12-02 13:00:00,30.682287162095847
2023-12-02 13:30:00,29.092145305172327
2023-12-02 14:00:00,26.25242865135803
2023-12-02 14:30:00,22.267799100717326
2023-12-02 15:00:00,18.744465950645246
2023-12-02 15:30:00,16.07499226643472
2023-12-02 16:00:00,14.183176268119974
2023-12-02 16:30:00,12.803777719418884
2023-12-02 17:00:00,11.846844912521975
2023-12-02 17:30:00,11.363169473925483
2023-12-02 18:00:00,11.06811298261699
2023-12-02 18:30:00,11.043315789473686
2023-12-02 19:00:00,11.133070175438597
2023-12-02 19:30:00,11.042938596491231
2023-12-02 20:00:00,10.579684210526318
2023-12-02 20:30:00,9.94984210526316
2023-12-02 21:00:00,9.606263157894738
2023-12-02 21:30:00,9.490061403508774
2023-12-02 22:00:00,9.551833333333335
2023-12-02 22:30:00,9.475754385964914
2023-12-02 23:00:00,9.618015789473684
2023-12-02 23:30:00,9.813058771929825
2023-12-03 00:00:00,10.446873899439291
2023-12-03 00:30:00,10.069227867960057
2023-12-03 01:00:00,9.659912280701755
2023-12-03 01:30:00,9.318807017543861
2023-12-03 02:00:00,9.339333333333334
2023-12-03 02:30:00,9.67204095739715
2023-12-03 03:00:00,10.171564650414313
2023-12-03 03:30:00,11.680515925353939
2023-12-03 04:00:00,15.173381353930951
2023-12-03 04:30:00,19.750223791375024
2023-12-03 05:00:00,24.42125276273983
2023-12-03 05:30:00,27.783557491623586
2023-12-03 06:00:00,29.981325436183273
2023-12-03 06:30:00,31.10198546483157
2023-12-03 07:00:00,31.272000000000002
2023-12-03 07:30:00,31.25802631578948
2023-12-03 08:00:00,31.27770175438597
2023-12-03 08:30:00,31.393824561403516
2023-12-03 09:00:00,31.347315789473686
2023-12-03 09:30:00,31.385578947368426
2023-12-03 10:00:00,31.38139473684211
2023-12-03 10:30:00,31.31273814381706
2023-12-03 11:00:00,30.329403187675354
2023-12-03 11:30:00,28.965587398201667
2023-12-03 12:00:00,27.61778194940652
2023-12-03 12:30:00,26.831912280701758
2023-12-03 13:00:00,26.21539473684211
2023-12-03 13:30:00,25.293771929824562
2023-12-03 14:00:00,23.672982456140357
2023-12-03 14:30:00,21.264561403508775
2023-12-03 15:00:00,18.69964912280702
2023-12-03 15:30:00,16.262456140350878
2023-12-03 16:00:00,14.838596491228072
2023-12-03 16:30:00,14.16526315789474
2023-12-03 17:00:00,14.015789473684213
2023-12-03 17:30:00,13.623859649122808
2023-12-03 18:00:00,12.411086886092773
2023-12-03 18:30:00,11.125472851005055
2023-12-03 19:00:00,9.978104429952422
2023-12-03 19:30:00,9.413201615518387
2023-12-03 20:00:00,9.33990350877193
2023-12-03 20:30:00,9.22878947368421
2023-12-03 21:00:00,9.222473684210527
2023-12-03 21:30:00,9.124815789473685
2023-12-03 22:00:00,9.16964912280702
2023-12-03 22:30:00,9.39105263157895
2023-12-03 23:00:00,9.546080701754386
2023-12-03 23:30:00,9.727305263157895
2023-12-04 00:00:00,10.87059649122807
2023-12-04 00:30:00,10.870456140350877
2023-12-04 01:00:00,10.852280701754388
2023-12-04 01:30:00,10.555885964912283
2023-12-04 02:00:00,10.451105263157897
2023-12-04 02:30:00,10.514263157894739
2023-12-04 03:00:00,10.696471392568588
2023-12-04 03:30:00,11.562544061324166
2023-12-04 04:00:00,14.061440844229208
2023-12-04 04:30:00,18.07709296156863
2023-12-04 05:00:00,22.66712376953828
2023-12-04 05:30:00,26.6179532343569
2023-12-04 06:00:00,29.148180769578882
2023-12-04 06:30:00,30.281656632514668
2023-12-04 07:00:00,30.520104193250987
2023-12-04 07:30:00,30.475789473684216
2023-12-04 08:00:00,30.658771929824564
2023-12-04 08:30:00,30.815789473684216
2023-12-04 09:00:00,30.60978070175439
2023-12-04 09:30:00,30.60882456140351
2023-12-04 10:00:00,30.58075438596492
2023-12-04 10:30:00,30.74487719298246
2023-12-04 11:00:00,30.700257598498442
2023-12-04 11:30:00,30.462114027685516
2023-12-04 12:00:00,29.84874560663289
2023-12-04 12:30:00,28.437083036140507
2023-12-04 13:00:00,25.935902498218184
2023-12-04 13:30:00,23.275383821342075
2023-12-04 14:00:00,20.434655751166634
2023-12-04 14:30:00,17.86891079042359
2023-12-04 15:00:00,15.063397861779523
2023-12-04 15:30:00,12.7855928445345
2023-12-04 16:00:00,11.62872442348187
2023-12-04 16:30:00,11.115760164446405
2023-12-04 17:00:00,11.18363157894737
2023-12-04 17:30:00,11.192070175438596
2023-12-04 18:00:00,11.508973684210526
2023-12-04 18:30:00,11.5285350877193
2023-12-04 19:00:00,10.853929824561405
2023-12-04 19:30:00,9.976122807017545
2023-12-04 20:00:00,9.293157894736844
2023-12-04 20:30:00,9.108456140350878
2023-12-04 21:00:00,9.061315789473685
2023-12-04 21:30:00,9.134184210526318
2023-12-04 22:00:00,9.175043859649124
2023-12-04 22:30:00,9.207666666666666
2023-12-04 23:00:00,9.216685964912282
2023-12-04 23:30:00,9.22235350877193
2023-12-05 00:00:00,9.920562280701754
2023-12-05 00:30:00,9.932924561403508
2023-12-05 01:00:00,9.968473684210528
2023-12-05 01:30:00,10.20284210526316
2023-12-05 02:00:00,10.674035087719298
2023-12-05 02:30:00,10.991453829594164
2023-12-05 03:00:00,11.278082463021319
2023-12-05 03:30:00,11.978497293707205
2023-12-05 04:00:00,14.196678273646967
2023-12-05 04:30:00,17.50947693852422
2023-12-05 05:00:00,20.744818637065453
2023-12-05 05:30:00,22.92337772945197
2023-12-05 06:00:00,25.05565222711932
2023-12-05 06:30:00,26.61600408781371
2023-12-05 07:00:00,28.433418903583703
2023-12-05 07:30:00,28.89840145230083
2023-12-05 08:00:00,28.86984019324464
2023-12-05 08:30:00,29.165578412698135
2023-12-05 09:00:00,29.47155267947349
2023-12-05 09:30:00,30.18629824561404
2023-12-05 10:00:00,30.341456140350882
2023-12-05 10:30:00,30.343289473684212
2023-12-05 11:00:00,30.24724561403509
2023-12-05 11:30:00,30.04174561403509
2023-12-05 12:00:00,29.556035087719305
2023-12-05 12:30:00,29.245719298245618
2023-12-05 13:00:00,28.798544025228153
2023-12-05 13:30:00,28.07895915891966
2023-12-05 14:00:00,26.348380211551234
2023-12-05 14:30:00,23.28297968983344
2023-12-05 15:00:00,19.46388242420689
2023-12-05 15:30:00,15.643305562211603
2023-12-05 16:00:00,13.03242437471002
2023-12-05 16:30:00,11.633038275517825
2023-12-05 17:00:00,10.562289473684212
2023-12-05 17:30:00,9.591500000000002
2023-12-05 18:00:00,8.8290350877193
2023-12-05 18:30:00,8.728245614035089
2023-12-05 19:00:00,9.026385964912281
2023-12-05 19:30:00,9.49301754385965
2023-12-05 20:00:00,10.090175438596493
2023-12-05 20:30:00,10.570526315789474
2023-12-05 21:00:00,10.848070175438599
2023-12-05 21:30:00,11.057140350877196
2023-12-05 22:00:00,11.176087719298247
2023-12-05 22:30:00,11.464763157894737
2023-12-05 23:00:00,11.882719298245616
2023-12-05 23:30:00,12.411622807017544
2023-12-06 00:00:00,12.844912280701756
2023-12-06 00:30:00,12.668771929824564
2023-12-06 01:00:00,12.584210526315792
2023-12-06 01:30:00,12.419736842105266
2023-12-06 02:00:00,12.304947368421054
2023-12-06 02:30:00,12.074473684210526
2023-12-06 03:00:00,11.687152281572216
2023-12-06 03:30:00,11.786565760053032
2023-12-06 04:00:00,13.193326344162095
2023-12-06 04:30:00,16.31112907232019
2023-12-06 05:00:00,20.238541251622152
2023-12-06 05:30:00,24.010182694445614
2023-12-06 06:00:00,26.723789614431183
2023-12-06 06:30:00,28.469973824957503
2023-12-06 07:00:00,29.704750218297207
2023-12-06 07:30:00,30.296210526315793
2023-12-06 08:00:00,30.550596491228074
2023-12-06 08:30:00,30.469526315789476
2023-12-06 09:00:00,30.51601754385965
2023-12-06 09:30:00,30.691105263157898
2023-12-06 10:00:00,30.820947368421056
2023-12-06 10:30:00,30.81216666666667
2023-12-06 11:00:00,30.639421052631587
2023-12-06 11:30:00,29.907010155067116
2023-12-06 12:00:00,28.72880470628489
2023-12-06 12:30:00,27.14258540803927
2023-12-06 13:00:00,25.854976914545954
2023-12-06 13:30:00,23.80375438596492
2023-12-06 14:00:00,21.83001754385965
2023-12-06 14:30:00,19.33826315789474
2023-12-06 15:00:00,17.490008771929826
2023-12-06 15:30:00,15.643315789473688
2023-12-06 16:00:00,13.831973684210526
2023-12-06 16:30:00,12.342056858435805
2023-12-06 17:00:00,11.090411887808619
2023-12-06 17:30:00,10.192038021528198
2023-12-06 18:00:00,9.716176600755222
2023-12-06 18:30:00,9.558768904323147
2023-12-06 19:00:00,10.168771929824564
2023-12-06 19:30:00,10.597192982456143
2023-12-06 20:00:00,11.724054149762127
2023-12-06 20:30:00,14.455025843703039
2023-12-06 21:00:00,15.244217833906
2023-12-06 21:30:00,15.185905847718127
2023-12-06 22:00:00,12.841399874969767
2023-12-06 22:30:00,11.856070175438598
2023-12-06 23:00:00,11.652501754385966
2023-12-06 23:30:00,11.642270175438597
2023-12-07 00:00:00,11.774796491228074
2023-12-07 00:30:00,12.144308771929827
2023-12-07 01:00:00,12.401157894736846
2023-12-07 01:30:00,12.920578947368424
2023-12-07 02:00:00,13.983859649122808
2023-12-07 02:30:00,14.676140350877196
2023-12-07 03:00:00,14.51901915973343
2023-12-07 03:30:00,13.363594081182207
2023-12-07 04:00:00,13.647539480940665
2023-12-07 04:30:00,16.1605426295699
2023-12-07 05:00:00,20.75893101529732
2023-12-07 05:30:00,25.428985032126274
2023-12-07 06:00:00,28.52676238224653
2023-12-07 06:30:00,30.07581301073138
2023-12-07 07:00:00,30.187376917641966
2023-12-07 07:30:00,30.111578947368425
2023-12-07 08:00:00,30.112631578947372
2023-12-07 08:30:00,30.335482456140355
2023-12-07 09:00:00,30.613771929824566
2023-12-07 09:30:00,30.704964912280705
2023-12-07 10:00:00,30.748385964912284
2023-12-07 10:30:00,30.64384210526316
2023-12-07 11:00:00,30.295947368421054
2023-12-07 11:30:00,29.32747368421053
2023-12-07 12:00:00,28.341657051240944
2023-12-07 12:30:00,27.01218336703042
2023-12-07 13:00:00,25.64797284071463
2023-12-07 13:30:00,23.917951613803314
2023-12-07 14:00:00,21.448618136401226
2023-12-07 14:30:00,18.164569008352636
2023-12-07 15:00:00,14.721261990808776
2023-12-07 15:30:00,11.604724852432724
2023-12-07 16:00:00,9.886699509214885
2023-12-07 16:30:00,9.12432456140351
2023-12-07 17:00:00,9.49278947368421
2023-12-07 17:30:00,10.086043859649124
2023-12-07 18:00:00,10.563043859649126
2023-12-07 18:30:00,10.457280701754387
2023-12-07 19:00:00,9.966403508771931
2023-12-07 19:30:00,9.473947368421053
2023-12-07 20:00:00,9.147017543859649
2023-12-07 20:30:00,9.477894736842108
2023-12-07 21:00:00,9.98245614035088
2023-12-07 21:30:00,10.330526315789475
2023-12-07 22:00:00,10.297263157894738
2023-12-07 22:30:00,10.218929824561405
2023-12-07 23:00:00,10.31921403508772
2023-12-07 23:30:00,10.680663157894735
2023-12-08 00:00:00,11.551536842105264
2023-12-08 00:30:00,11.82284912280702
2023-12-08 01:00:00,12.098175438596494
2023-12-08 01:30:00,12.335508771929826
2023-12-08 02:00:00,12.560701754385965
2023-12-08 02:30:00,12.687087719298248
2023-12-08 03:00:00,12.50812193284476
2023-12-08 03:30:00,12.617428866066573
2023-12-08 04:00:00,14.51257720416509
2023-12-08 04:30:00,17.586257559101483
2023-12-08 05:00:00,21.203345759783478
2023-12-08 05:30:00,24.213797593256885
2023-12-08 06:00:00,26.529599633819554
2023-12-08 06:30:00,28.363113471783432
2023-12-08 07:00:00,29.329711900845542
2023-12-08 07:30:00,29.64934152512977
2023-12-08 08:00:00,29.777582999604743
2023-12-08 08:30:00,30.055545210394566
2023-12-08 09:00:00,29.6574789480934
2023-12-08 09:30:00,29.378232632448924
2023-12-08 10:00:00,28.983495790343657
2023-12-08 10:30:00,28.790894058971094
2023-12-08 11:00:00,28.308758206500823
2023-12-08 11:30:00,27.129723118781524
2023-12-08 12:00:00,25.7471382348681
2023-12-08 12:30:00,24.39894736842106
2023-12-08 13:00:00,23.112982456140355
2023-12-08 13:30:00,21.600350877192984
2023-12-08 14:00:00,19.395979894391733
2023-12-08 14:30:00,16.46316352878419
2023-12-08 15:00:00,13.595570479828469
2023-12-08 15:30:00,11.576395041231978
2023-12-08 16:00:00,10.613190006244498
2023-12-08 16:30:00,9.982109908157243
2023-12-08 17:00:00,9.25098245614035
2023-12-08 17:30:00,8.699464912280703
2023-12-08 18:00:00,8.576508771929825
2023-12-08 18:30:00,8.660631578947369
2023-12-08 19:00:00,8.668175438596492
2023-12-08 19:30:00,8.73392105263158
2023-12-08 20:00:00,8.755087719298247
2023-12-08 20:30:00,8.914570175438596
2023-12-08 21:00:00,9.080982456140353
2023-12-08 21:30:00,9.461447368421053
2023-12-08 22:00:00,9.847543859649123
2023-12-08 22:30:00,10.049824561403511
2023-12-08 23:00:00,10.163789473684211
2023-12-08 23:30:00,10.23217543859649
2023-12-09 00:00:00,11.121333333333332
2023-12-09 00:30:00,11.473754385964915
2023-12-09 01:00:00,11.78701754385965
2023-12-09 01:30:00,11.897543859649124
2023-12-09 02:00:00,11.730157894736843
2023-12-09 02:30:00,11.390850607080845
2023-12-09 03:00:00,11.09532842363563
2023-12-09 03:30:00,11.395102663589988
2023-12-09 04:00:00,13.268040787734305
2023-12-09 04:30:00,16.544334254245417
2023-12-09 05:00:00,21.121883174001628
2023-12-09 05:30:00,25.540505562994998
2023-12-09 06:00:00,28.811172183457384
2023-12-09 06:30:00,30.47078816375892
2023-12-09 07:00:00,30.83752603211538
2023-12-09 07:30:00,30.631160996078084
2023-12-09 08:00:00,30.420475790995365
2023-12-09 08:30:00,30.28795064352847
2023-12-09 09:00:00,29.87364933770211
2023-12-09 09:30:00,29.16205757211571
2023-12-09 10:00:00,28.44433827387009
2023-12-09 10:30:00,27.982324262514755
2023-12-09 11:00:00,28.08883839759251
2023-12-09 11:30:00,27.68025159743446
2023-12-09 12:00:00,26.71948843953972
2023-12-09 12:30:00,25.24025337836173
2023-12-09 13:00:00,23.6680701754386
2023-12-09 13:30:00,21.887719298245617
2023-12-09 14:00:00,19.22280701754386
2023-12-09 14:30:00,15.903508771929827
2023-12-09 15:00:00,12.787482456140353
2023-12-09 15:30:00,10.904894736842104
2023-12-09 16:00:00,10.386140350877195
2023-12-09 16:30:00,10.51224561403509
2023-12-09 17:00:00,10.447947368421053
2023-12-09 17:30:00,10.000622807017544
2023-12-09 18:00:00,9.298245614035089
2023-12-09 18:30:00,8.979447368421054
2023-12-09 19:00:00,9.09463157894737
2023-12-09 19:30:00,9.243175438596491
2023-12-09 20:00:00,9.527596491228072
2023-12-09 20:30:00,9.869789473684213
2023-12-09 21:00:00,10.360500000000002
2023-12-09 21:30:00,10.890850877192984
2023-12-09 22:00:00,11.05511403508772
2023-12-09 22:30:00,11.089236842105265
2023-12-09 23:00:00,10.941687719298246
2023-12-09 23:30:00,10.858005263157894
2023-12-10 00:00:00,11.093623684210533
2023-12-10 00:30:00,11.23438070175439
2023-12-10 01:00:00,11.294596491228072
2023-12-10 01:30:00,11.425263157894738
2023-12-10 02:00:00,11.666543859649124
2023-12-10 02:30:00,11.9415350877193
2023-12-10 03:00:00,12.415418596302631
2023-12-10 03:30:00,13.586147872792688
2023-12-10 04:00:00,16.309476470714156
2023-12-10 04:30:00,19.605762080086674
2023-12-10 05:00:00,22.648321023628245
2023-12-10 05:30:00,24.31085294718868
2023-12-10 06:00:00,25.90396557223181
2023-12-10 06:30:00,27.234256106084814
2023-12-10 07:00:00,28.53359871793211
2023-12-10 07:30:00,29.196292812241058
2023-12-10 08:00:00,29.381614325707492
2023-12-10 08:30:00,28.37415780743291
2023-12-10 09:00:00,27.559197531820477
2023-12-10 09:30:00,26.74645117372126
2023-12-10 10:00:00,26.79982488804225
2023-12-10 10:30:00,27.18540350877193
2023-12-10 11:00:00,27.377560847783794
2023-12-10 11:30:00,27.41652389453353
2023-12-10 12:00:00,26.717212497967143
2023-12-10 12:30:00,25.760301161640854
2023-12-10 13:00:00,24.53252419094839
2023-12-10 13:30:00,22.216804354788792
2023-12-10 14:00:00,18.743119450553916
2023-12-10 14:30:00,15.042125849930484
2023-12-10 15:00:00,12.232532734615623
2023-12-10 15:30:00,10.677520920079667
2023-12-10 16:00:00,10.450926508132108
2023-12-10 16:30:00,10.891419512923626
2023-12-10 17:00:00,11.553175438596492
2023-12-10 17:30:00,11.580011068716729
2023-12-10 18:00:00,10.7831400586078
2023-12-10 18:30:00,9.623789181414818
2023-12-10 19:00:00,8.744327771588864
2023-12-10 19:30:00,8.455517543859651
2023-12-10 20:00:00,8.717964912280701
2023-12-10 20:30:00,9.234771929824563
2023-12-10 21:00:00,9.875692982456142
2023-12-10 21:30:00,10.341332316492112
2023-12-10 22:00:00,10.15283028280967
2023-12-10 22:30:00,9.84583028280967
2023-12-10 23:00:00,9.960000292844137
2023-12-10 23:30:00,10.502496751542486
2023-12-11 00:00:00,11.887403508771927
2023-12-11 00:30:00,12.087157894736842
2023-12-11 01:00:00,11.67824561403509
2023-12-11 01:30:00,10.674035087719298
2023-12-11 02:00:00,9.676789473684211
2023-12-11 02:30:00,9.270629825436732
2023-12-11 03:00:00,9.344342509327932
2023-12-11 03:30:00,9.904199499945573
2023-12-11 04:00:00,11.932772013305224
2023-12-11 04:30:00,15.296387477894585
2023-12-11 05:00:00,19.155694172349346
2023-12-11 05:30:00,21.929600086418976
2023-12-11 06:00:00,23.753319384664593
2023-12-11 06:30:00,25.724411979226478
2023-12-11 07:00:00,27.788996225382277
2023-12-11 07:30:00,29.413791752633514
2023-12-11 08:00:00,29.526396365096605
2023-12-11 08:30:00,28.83547771341381
2023-12-11 09:00:00,27.614728441855863
2023-12-11 09:30:00,26.531556434091666
2023-12-11 10:00:00,26.188168056243004
2023-12-11 10:30:00,26.66104986421337
2023-12-11 11:00:00,27.7509271269888
2023-12-11 11:30:00,27.91028275228393
2023-12-11 12:00:00,27.099756436494456
2023-12-11 12:30:00,25.296099898054326
2023-12-11 13:00:00,22.81964912280702
2023-12-11 13:30:00,19.913333333333338
2023-12-11 14:00:00,16.973333333333336
2023-12-11 14:30:00,14.508151168751427
2023-12-11 15:00:00,12.773313155377084
2023-12-11 15:30:00,11.707865786956033
2023-12-11 16:00:00,11.342882307843476
2023-12-11 16:30:00,11.51561403508772
2023-12-11 17:00:00,11.473912280701756
2023-12-11 17:30:00,10.982929824561404
2023-12-11 18:00:00,10.079464912280704
2023-12-11 18:30:00,9.620982456140352
2023-12-11 19:00:00,9.752912280701755
2023-12-11 19:30:00,10.139368421052634
2023-12-11 20:00:00,10.423859649122809
2023-12-11 20:30:00,10.504596491228073
2023-12-11 21:00:00,10.794070175438598
2023-12-11 21:30:00,11.112447368421053
2023-12-11 22:00:00,11.252105263157896
2023-12-11 22:30:00,11.274087719298246
2023-12-11 23:00:00,11.55963157894737
2023-12-11 23:30:00,12.04977192982456
2023-12-12 00:00:00,12.817719298245613
2023-12-12 00:30:00,12.522184210526317
2023-12-12 01:00:00,12.376263157894739
2023-12-12 01:30:00,12.637666666666668
2023-12-12 02:00:00,12.764684210526319
2023-12-12 02:30:00,12.655992002749969
2023-12-12 03:00:00,11.978960299817338
2023-12-12 03:30:00,11.741765949232734
2023-12-12 04:00:00,13.050051982487142
2023-12-12 04:30:00,15.960993308889305
2023-12-12 05:00:00,19.14923213816577
2023-12-12 05:30:00,22.166553135753205
2023-12-12 06:00:00,24.709147156636288
2023-12-12 06:30:00,26.798250070504366
2023-12-12 07:00:00,28.159027512165977
2023-12-12 07:30:00,28.560451441771253
2023-12-12 08:00:00,29.234344933393686
2023-12-12 08:30:00,29.576708656914523
2023-12-12 09:00:00,29.425187187716848
2023-12-12 09:30:00,27.460945635093967
2023-12-12 10:00:00,25.495355744533015
2023-12-12 10:30:00,23.954835939743074
2023-12-12 11:00:00,24.539899727424757
2023-12-12 11:30:00,24.819132304731827
2023-12-12 12:00:00,23.394081845276844
2023-12-12 12:30:00,21.18414086074745
2023-12-12 13:00:00,19.373212903297244
2023-12-12 13:30:00,18.473288735188564
2023-12-12 14:00:00,16.92316666666667
2023-12-12 14:30:00,14.576640350877193
2023-12-12 15:00:00,12.633368421052632
2023-12-12 15:30:00,11.130780701754388
2023-12-12 16:00:00,9.979500000000002
2023-12-12 16:30:00,9.205026315789475
2023-12-12 17:00:00,8.885763157894738
2023-12-12 17:30:00,9.188587719298246
2023-12-12 18:00:00,9.666929824561405
2023-12-12 18:30:00,10.384596491228072
2023-12-12 19:00:00,11.272912280701755
2023-12-12 19:30:00,11.656350877192985
2023-12-12 20:00:00,11.730210526315792
2023-12-12 20:30:00,11.753087719298248
2023-12-12 21:00:00,11.873666666666667
2023-12-12 21:30:00,12.015508771929825
2023-12-12 22:00:00,11.83478947368421
2023-12-12 22:30:00,11.775596491228072
2023-12-12 23:00:00,11.88776666666667
2023-12-12 23:30:00,12.318035964912282
2023-12-15 00:00:00,10.187424561403512
2023-12-15 00:30:00,10.458698245614036
2023-12-15 01:00:00,10.60372807017544
2023-12-15 01:30:00,10.232184210526317
2023-12-15 02:00:00,9.676230026570364
2023-12-15 02:30:00,8.953030417849348
2023-12-15 03:00:00,8.780607848099484
2023-12-15 03:30:00,9.222355653889077
2023-12-15 04:00:00,11.161375548713222
2023-12-15 04:30:00,14.550975654697515
2023-12-15 05:00:00,18.488303978213928
2023-12-15 05:30:00,22.17824561403509
2023-12-15 06:00:00,25.387017543859653
2023-12-15 06:30:00,28.044561403508776
2023-12-15 07:00:00,29.76491228070176
2023-12-15 07:30:00,30.450175438596492
2023-12-15 08:00:00,30.26912280701755
2023-12-15 08:30:00,30.175087719298247
2023-12-15 09:00:00,29.73719298245614
2023-12-15 09:30:00,29.431929824561408
2023-12-15 10:00:00,29.434965092228236
2023-12-15 10:30:00,29.87706512821774
2023-12-15 11:00:00,30.428323706958903
2023-12-15 11:30:00,30.466056770200936
2023-12-15 12:00:00,31.691122706748796
2023-12-15 12:30:00,30.40670371653275
2023-12-15 13:00:00,27.354504406880835
2023-12-15 13:30:00,22.38315946081113
2023-12-15 14:00:00,18.55122096159838
2023-12-15 14:30:00,16.644645346210233
2023-12-15 15:00:00,14.47124561403509
2023-12-15 15:30:00,12.911535087719301
2023-12-15 16:00:00,11.536482456140353
2023-12-15 16:30:00,10.515850877192984
2023-12-15 17:00:00,9.418701754385966
2023-12-15 17:30:00,8.596166666666667
2023-12-15 18:00:00,8.776640924293053
2023-12-15 18:30:00,9.003014044591492
2023-12-15 19:00:00,9.33904913231079
2023-12-15 19:30:00,9.201688326560763
2023-12-15 20:00:00,9.001964912280704
2023-12-15 20:30:00,8.815894736842106
2023-12-15 21:00:00,8.751649122807018
2023-12-15 21:30:00,8.886210526315791
2023-12-15 22:00:00,9.126649122807018
2023-12-15 22:30:00,9.396070175438597
2023-12-15 23:00:00,9.797508771929825
2023-12-15 23:30:00,10.209263157894735
2023-12-16 00:00:00,11.176912280701755
2023-12-16 00:30:00,12.246947368421054
2023-12-16 01:00:00,12.594684210526319
2023-12-16 01:30:00,12.041719298245615
2023-12-16 02:00:00,10.563842105263157
2023-12-16 02:30:00,9.300446118065455
2023-12-16 03:00:00,8.49335467549141
2023-12-16 03:30:00,8.963897064081094
2023-12-16 04:00:00,11.406977720868019
2023-12-16 04:30:00,15.89735782945462
2023-12-16 05:00:00,21.191794038938582
2023-12-16 05:30:00,25.96085647015312
2023-12-16 06:00:00,29.051878085793565
2023-12-16 06:30:00,30.638417803252825
2023-12-16 07:00:00,30.911337560751438
2023-12-16 07:30:00,30.709425327340515
2023-12-16 08:00:00,30.495789473684216
2023-12-16 08:30:00,30.492982456140354
2023-12-16 09:00:00,30.426315789473687
2023-12-16 09:30:00,30.71198245614036
2023-12-16 10:00:00,30.847728070175446
2023-12-16 10:30:00,31.05845614035088
2023-12-16 11:00:00,30.996745614035092
2023-12-16 11:30:00,30.875122807017547
2023-12-16 12:00:00,30.5280701754386
2023-12-16 12:30:00,29.791398155399126
2023-12-16 13:00:00,28.819195949938603
2023-12-16 13:30:00,27.082704721868428
2023-12-16 14:00:00,24.15309068678071
2023-12-16 14:30:00,20.27009192912138
2023-12-16 15:00:00,16.28984629776231
2023-12-16 15:30:00,13.782126999516697
2023-12-16 16:00:00,12.453875162996928
2023-12-16 16:30:00,11.869455927785674
2023-12-16 17:00:00,11.441877192982458
2023-12-16 17:30:00,11.02926315789474
2023-12-16 18:00:00,10.841833333333334
2023-12-16 18:30:00,10.819333333333335
2023-12-16 19:00:00,10.812850877192984
2023-12-16 19:30:00,10.872008771929826
2023-12-16 20:00:00,10.904368421052633
2023-12-16 20:30:00,10.929192982456142
2023-12-16 21:00:00,10.858894736842108
2023-12-16 21:30:00,10.838087719298246
2023-12-16 22:00:00,10.783298245614036
2023-12-16 22:30:00,10.885052631578949
2023-12-16 23:00:00,10.88779298245614
2023-12-16 23:30:00,10.98888245614035
2023-12-17 00:00:00,11.392185087719303
2023-12-17 00:30:00,12.039959649122808
2023-12-17 01:00:00,12.873877192982457
2023-12-17 01:30:00,14.214228070175443
2023-12-17 02:00:00,15.080947368421056
2023-12-17 02:30:00,14.468646578566576
2023-12-17 03:00:00,12.791698756940631
2023-12-17 03:30:00,13.203811046682752
2023-12-17 04:00:00,15.649134739811435
2023-12-17 04:30:00,19.680292140485538
2023-12-17 05:00:00,23.471372602438738
2023-12-17 05:30:00,26.978856146350484
2023-12-17 06:00:00,29.725903276376354
2023-12-17 06:30:00,30.922933005573487
2023-12-17 07:00:00,31.18682757486503
2023-12-17 07:30:00,31.265864893760664
2023-12-17 08:00:00,31.38781738728996
2023-12-17 08:30:00,31.41966666666667
2023-12-17 09:00:00,31.356000000000005
2023-12-17 09:30:00,31.3540350877193
2023-12-17 10:00:00,31.35274561403509
2023-12-17 10:30:00,30.652473531710076
2023-12-17 11:00:00,30.456844006005564
2023-12-17 11:30:00,30.265072076181003
2023-12-17 12:00:00,30.46454296505266
2023-12-17 12:30:00,30.107152859662182
2023-12-17 13:00:00,28.67585872092104
2023-12-17 13:30:00,26.163218370043847
2023-12-17 14:00:00,22.70955692440465
2023-12-17 14:30:00,19.80105263157895
2023-12-17 15:00:00,18.041754385964914
2023-12-17 15:30:00,17.056140350877197
2023-12-17 16:00:00,15.479298245614038
2023-12-17 16:30:00,13.422491982699974
2023-12-17 17:00:00,11.181651900530687
2023-12-17 17:30:00,10.168329265823564
2023-12-17 18:00:00,10.00167949476651
2023-12-17 18:30:00,10.732951063201055
2023-12-17 19:00:00,11.65000948438692
2023-12-17 19:30:00,12.426149835264113
2023-12-17 20:00:00,13.032002664783187
2023-12-17 20:30:00,12.94532456140351
2023-12-17 21:00:00,12.247596491228071
30:00,1
2023-12-17 22:00:00,10.412192982456142
2023-12-17 22:30:00,9.859122807017545
2023-12-17 23:00:00,9.750280701754386
2023-12-17 23:30:00,9.576210526315785
2023-12-19 00:00:00,9.221298245614037
2023-12-19 00:30:00,9.584140350877194
2023-12-19 01:00:00,9.819298245614037
2023-12-19 01:30:00,10.090175438596493
2023-12-19 02:00:00,10.134166666666667
2023-12-19 02:30:00,9.995000000000003
2023-12-19 03:00:00,9.70937667125711
2023-12-19 03:30:00,9.63748453926566
2023-12-19 04:00:00,11.624031435389924
2023-12-19 04:30:00,15.829125744586314
2023-12-19 05:00:00,21.31888926655999
2023-12-19 05:30:00,26.189102592094457
2023-12-19 06:00:00,28.94534973814963
2023-12-19 06:30:00,30.299797016281005
2023-12-19 07:00:00,30.782143743384296
2023-12-19 07:30:00,30.94429824561404
2023-12-19 08:00:00,30.937368421052636
2023-12-19 08:30:00,31.005789473684214
2023-12-19 09:00:00,31.09295614035088
2023-12-19 09:30:00,31.081947368421055
2023-12-19 10:00:00,31.025921052631585
2023-12-19 10:30:00,31.06166666666667
2023-12-19 11:00:00,31.054789473684213
2023-12-19 11:30:00,30.917807017543865
2023-12-19 12:00:00,30.622017543859656
2023-12-19 12:30:00,30.394254385964917
2023-12-19 13:00:00,30.087761788939947
2023-12-19 13:30:00,28.963046192181853
2023-12-19 14:00:00,26.53251987639238
2023-12-19 14:30:00,23.050119587319
2023-12-19 15:00:00,19.40842105263158
2023-12-19 15:30:00,16.316140350877195
2023-12-19 16:00:00,14.212982456140352
2023-12-19 16:30:00,12.950877192982459
2023-12-19 17:00:00,12.0140350877193
2023-12-19 17:30:00,11.234035087719299
2023-12-19 18:00:00,10.57240350877193
2023-12-19 18:30:00,10.52861403508772
2023-12-19 19:00:00,10.829105263157897
2023-12-19 19:30:00,11.258271929824565
2023-12-19 20:00:00,11.355140350877194
2023-12-19 20:30:00,11.569280701754387
2023-12-19 21:00:00,11.6930701754386
2023-12-19 21:30:00,11.551070175438596
2023-12-19 22:00:00,11.364412280701757
2023-12-19 22:30:00,11.282087719298246
2023-12-19 23:00:00,11.580184210526317
2023-12-19 23:30:00,11.829754385964911
2023-12-20 00:00:00,11.93883333333334
2023-12-20 00:30:00,12.110210526315791
2023-12-20 01:00:00,12.330508771929827
2023-12-20 01:30:00,12.593622807017546
2023-12-20 02:00:00,12.979649122807018
2023-12-20 02:30:00,12.890650173666353
2023-12-20 03:00:00,12.705518762749856
2023-12-20 03:30:00,12.555324379691934
2023-12-20 04:00:00,14.191403327060355
2023-12-20 04:30:00,17.216390793107422
2023-12-20 05:00:00,21.056230454038072
2023-12-20 05:30:00,24.72008510860554
2023-12-20 06:00:00,27.736953253095056
2023-12-20 06:30:00,29.64325060647559
2023-12-20 07:00:00,30.42120096697272
2023-12-20 07:30:00,30.34385964912281
2023-12-20 08:00:00,30.49508771929825
2023-12-20 08:30:00,30.649122807017548
2023-12-20 09:00:00,30.758596491228072
2023-12-20 09:30:00,30.80097368421053
2023-12-20 10:00:00,30.87348245614035
2023-12-20 10:30:00,30.956210526315797
2023-12-20 11:00:00,30.841719298245618
2023-12-20 11:30:00,30.687842105263158
2023-12-20 12:00:00,30.495701754385966
2023-12-20 12:30:00,30.099991228070177
2023-12-20 13:00:00,29.40421643586549
2023-12-20 13:30:00,27.731286611304085
2023-12-20 14:00:00,25.091251523584788
2023-12-20 14:30:00,21.522477691125925
2023-12-20 15:00:00,17.879351465276006
2023-12-20 15:30:00,14.853605851240916
2023-12-20 16:00:00,12.859676026679514
2023-12-20 16:30:00,11.312356266666356
2023-12-20 17:00:00,10.124111435484684
2023-12-20 17:30:00,9.1278761999093
2023-12-20 18:00:00,9.25748671383017
2023-12-20 18:30:00,10.190162771111249
2023-12-20 19:00:00,11.600990768003554
2023-12-20 19:30:00,11.771343250849633
2023-12-20 20:00:00,11.289382310063383
2023-12-20 20:30:00,10.675637072246204
2023-12-20 21:00:00,11.011602045468797
2023-12-20 21:30:00,11.586084501609148
2023-12-20 22:00:00,11.941783478874749
2023-12-20 22:30:00,12.098335855594387
2023-12-20 23:00:00,11.793470125451286
2023-12-20 23:30:00,11.167727465873492
2023-12-23 00:00:00,11.244993859649128
2023-12-23 00:30:00,11.068317543859651
2023-12-23 01:00:00,10.928385964912282
2023-12-23 01:30:00,10.97130701754386
2023-12-23 02:00:00,11.202771929824564
2023-12-23 02:30:00,11.680719298245615
2023-12-23 03:00:00,12.444810669503696
2023-12-23 03:30:00,13.46523344339064
2023-12-23 04:00:00,15.570275945788145
2023-12-23 04:30:00,18.77713377053748
2023-12-23 05:00:00,22.426529387106502
2023-12-23 05:30:00,25.480554244277332
2023-12-23 06:00:00,27.77051070057722
2023-12-23 06:30:00,29.51518175457028
2023-12-23 07:00:00,30.79338185902047
2023-12-23 07:30:00,31.275630223032522
2023-12-23 08:00:00,31.238947368421055
2023-12-23 08:30:00,31.09845614035088
2023-12-23 09:00:00,30.610435492663797
2023-12-23 09:30:00,30.137832793780856
2023-12-23 10:00:00,30.109622267465067
2023-12-23 10:30:00,30.551676450488145
2023-12-23 11:00:00,31.17835858093312
2023-12-23 11:30:00,30.75111822909328
2023-12-23 12:00:00,29.327146320912245
2023-12-23 12:30:00,27.279897460490066
2023-12-23 13:00:00,25.121754385964916
2023-12-23 13:30:00,22.95157894736843
2023-12-23 14:00:00,20.05886014802333
2023-12-23 14:30:00,16.92369013358661
2023-12-23 15:00:00,14.341171522508667
2023-12-23 15:30:00,13.145224541044342
2023-12-23 16:00:00,13.050202072605721
2023-12-23 16:30:00,12.956140350877197
2023-12-23 17:00:00,12.33122807017544
2023-12-23 17:30:00,11.200000000000001
2023-12-23 18:00:00,10.510403508771931
2023-12-23 18:30:00,10.3030350877193
2023-12-23 19:00:00,10.361140350877195
2023-12-23 19:30:00,10.42732456140351
2023-12-23 20:00:00,10.446877192982457
2023-12-23 20:30:00,10.466263157894739
2023-12-23 21:00:00,10.222701754385966
2023-12-23 21:30:00,9.843754385964914
2023-12-23 22:00:00,9.61224561403509
2023-12-23 22:30:00,9.657192982456143
2023-12-23 23:00:00,9.849656140350877
2023-12-23 23:30:00,10.149642105263156
2023-12-24 00:00:00,10.617684210526319
2023-12-24 00:30:00,10.966526315789475
2023-12-24 01:00:00,11.436614035087722
2023-12-24 01:30:00,11.838000000000001
2023-12-24 02:00:00,11.989929824561406
2023-12-24 02:30:00,12.088596491228072
2023-12-24 03:00:00,12.046491042206696
2023-12-24 03:30:00,11.807322613387804
2023-12-24 04:00:00,13.007658881168714
2023-12-24 04:30:00,16.408009758361697
2023-12-24 05:00:00,20.736743142587358
2023-12-24 05:30:00,24.465262838725916
2023-12-24 06:00:00,26.312809175232644
2023-12-24 06:30:00,26.36570273879737
2023-12-24 07:00:00,24.82208901355931
2023-12-24 07:30:00,24.016860991242194
2023-12-24 08:00:00,25.650141610747085
2023-12-24 08:30:00,28.720258152625963
2023-12-24 09:00:00,30.65113479254717
2023-12-24 09:30:00,30.24083732850988
2023-12-24 10:00:00,29.34545614035088
2023-12-24 10:30:00,29.09821929824562
2023-12-24 11:00:00,29.396561403508773
2023-12-24 11:30:00,29.603403508771933
2023-12-24 12:00:00,28.947964912280707
2023-12-24 12:30:00,27.568403508771933
2023-12-24 13:00:00,25.887017543859653
2023-12-24 13:30:00,24.596473684210526
2023-12-24 14:00:00,23.342754385964913
2023-12-24 14:30:00,22.08591228070176
2023-12-24 15:00:00,20.03048245614035
2023-12-24 15:30:00,17.036491228070176
2023-12-24 16:00:00,14.036140350877195
2023-12-24 16:30:00,11.838947368421055
2023-12-24 17:00:00,10.42982456140351
2023-12-24 17:30:00,9.554736842105264
2023-12-24 18:00:00,8.808719298245615
2023-12-24 18:30:00,8.565798245614037
2023-12-24 19:00:00,8.687701754385966
2023-12-24 19:30:00,9.276491228070176
2023-12-24 20:00:00,10.013701754385966
2023-12-24 20:30:00,10.516561403508772
2023-12-24 21:00:00,10.523859649122809
2023-12-24 21:30:00,10.245105263157896
2023-12-24 22:00:00,9.978017543859652
2023-12-24 22:30:00,10.066859649122808
2023-12-24 23:00:00,10.18511403508772
2023-12-24 23:30:00,10.426916666666662
2023-12-25 00:00:00,10.402600000000001
2023-12-25 00:30:00,10.630540350877194
2023-12-25 01:00:00,10.775631578947369
2023-12-25 01:30:00,10.958526315789475
2023-12-25 02:00:00,11.281508771929827
2023-12-25 02:30:00,11.584298245614036
2023-12-25 03:00:00,11.85760523674299
2023-12-25 03:30:00,12.180199057844531
2023-12-25 04:00:00,14.045932587040037
2023-12-25 04:30:00,17.376056979652358
2023-12-25 05:00:00,21.244698339301564
2023-12-25 05:30:00,24.21828827268699
2023-12-25 06:00:00,25.389592851500804
2023-12-25 06:30:00,26.25515424250531
2023-12-25 07:00:00,27.35598508663487
2023-12-25 07:30:00,28.88666666666667
2023-12-25 08:00:00,30.27582456140351
2023-12-25 08:30:00,30.61028070175439
2023-12-25 09:00:00,30.19028677256898
2023-12-25 09:30:00,28.845220878291162
2023-12-25 10:00:00,28.28112626793313
2023-12-25 10:30:00,28.554976167145856
2023-12-25 11:00:00,29.637210389173333
2023-12-25 11:30:00,30.066453584506778
2023-12-25 12:00:00,29.406453584506778
2023-12-25 12:30:00,27.837848321348886
2023-12-25 13:00:00,25.2480701754386
2023-12-25 13:30:00,22.357192982456144
2023-12-25 14:00:00,19.710175438596497
2023-12-25 14:30:00,17.121754385964916
2023-12-25 15:00:00,14.915368421052634
2023-12-25 15:30:00,12.99777192982456
2023-12-25 16:00:00,12.118354872431638
2023-12-25 16:30:00,11.419700505102915
2023-12-25 17:00:00,11.26153572954086
2023-12-25 17:30:00,11.850352424195442
2023-12-25 18:00:00,11.52674754289693
2023-12-25 18:30:00,10.805421736598483
2023-12-25 19:00:00,9.253925443210273
2023-12-25 19:30:00,8.909584138348892
2023-12-25 20:00:00,9.168030700702873
2023-12-25 20:30:00,9.406526315789474
2023-12-25 21:00:00,9.754245614035089
2023-12-25 21:30:00,10.033684210526317
2023-12-25 22:00:00,10.26561403508772
2023-12-25 22:30:00,10.429122807017546
2023-12-25 23:00:00,10.734035087719299
2023-12-25 23:30:00,11.172280701754383
2023-12-26 00:00:00,11.950736842105266
2023-12-26 00:30:00,11.714526315789476
2023-12-26 01:00:00,11.348078937770843
2023-12-26 01:30:00,11.134045602517995
2023-12-26 02:00:00,11.184475427079398
2023-12-26 02:30:00,11.513424557564479
2023-12-26 03:00:00,11.907913600639452
2023-12-26 03:30:00,12.674591888925427
2023-12-26 04:00:00,14.345091785770883
2023-12-26 04:30:00,17.452462823066977
2023-12-26 05:00:00,20.974072526613835
2023-12-26 05:30:00,23.88253731816508
2023-12-26 06:00:00,25.70991048458484
2023-12-26 06:30:00,26.95705553101477
2023-12-26 07:00:00,28.549685151879785
2023-12-26 07:30:00,29.681311204048964
2023-12-26 08:00:00,30.433203381278883
2023-12-26 08:30:00,30.62261304258503
2023-12-26 09:00:00,30.567135205740566
2023-12-26 09:30:00,29.98204248033224
2023-12-26 10:00:00,28.880908634064138
2023-12-26 10:30:00,28.590190848177468
2023-12-26 11:00:00,28.446528603440772
2023-12-26 11:30:00,28.761908009825362
2023-12-26 12:00:00,28.14466046760569
2023-12-26 12:30:00,27.157910372081346
2023-12-26 13:00:00,25.7534289210351
2023-12-26 13:30:00,23.544647588071467
2023-12-26 14:00:00,20.770873875696193
2023-12-26 14:30:00,17.374700552988706
2023-12-26 15:00:00,14.528159540619724
2023-12-26 15:30:00,12.625124452900424
2023-12-26 16:00:00,11.849365858951378
2023-12-26 16:30:00,11.48481117965408
2023-12-26 17:00:00,11.128858348971645
2023-12-26 17:30:00,10.598776727288863
2023-12-26 18:00:00,10.02933027640754
2023-12-26 18:30:00,9.280859151364092
2023-12-26 19:00:00,8.640578947368423
2023-12-26 19:30:00,8.255824561403509
2023-12-26 20:00:00,8.252561403508773
2023-12-26 20:30:00,8.41819298245614
2023-12-26 21:00:00,8.654964912280704
2023-12-26 21:30:00,8.918350877192983
2023-12-26 22:00:00,9.296122807017545
2023-12-26 22:30:00,9.60384210526316
2023-12-26 23:00:00,9.801671929824563
2023-12-26 23:30:00,9.938332456140353
2023-12-27 00:00:00,10.149443859649125
2023-12-27 00:30:00,9.891073684210527
2023-12-27 01:00:00,9.579280701754387
2023-12-27 01:30:00,9.26243859649123
2023-12-27 02:00:00,9.301166666666669
2023-12-27 02:30:00,9.611228070175441
2023-12-27 03:00:00,10.231848640738852
2023-12-27 03:30:00,10.984141998523596
2023-12-27 04:00:00,12.893793659532042
2023-12-27 04:30:00,16.676558047871136
2023-12-27 05:00:00,20.915658227123938
2023-12-27 05:30:00,23.994617781508897
2023-12-27 06:00:00,25.67880829760691
2023-12-27 06:30:00,26.775894736842105
2023-12-27 07:00:00,28.260105263157897
2023-12-27 07:30:00,29.52666666666667
2023-12-27 08:00:00,30.333789473684217
2023-12-27 08:30:00,30.75331578947369
2023-12-27 09:00:00,30.149105263157896
2023-12-27 09:30:00,29.176482456140352
00:00,3
2023-12-27 10:30:00,29.48771929824562
2023-12-27 11:00:00,30.456842105263163
2023-12-27 11:30:00,30.880102220458117
2023-12-27 12:00:00,30.157821460390366
2023-12-27 12:30:00,28.220506777249096
2023-12-27 13:00:00,25.429367939104633
2023-12-27 13:30:00,22.459920432507648
2023-12-27 14:00:00,19.30022058431648
2023-12-27 14:30:00,16.23271019422226
2023-12-27 15:00:00,13.701500946506727
2023-12-27 15:30:00,12.497930678536603
2023-12-27 16:00:00,11.767121587841276
2023-12-27 16:30:00,10.604359649122808
2023-12-27 17:00:00,9.536087719298246
2023-12-27 17:30:00,8.664771929824562
2023-12-27 18:00:00,8.567640350877193
2023-12-27 18:30:00,8.426000000000002
2023-12-27 19:00:00,8.284087719298247
2023-12-27 19:30:00,8.269526315789475
2023-12-27 20:00:00,8.337850877192984
2023-12-27 20:30:00,8.404666666666667
2023-12-27 21:00:00,8.520149122807018
2023-12-27 21:30:00,8.73263157894737
2023-12-27 22:00:00,8.982105263157896
2023-12-27 22:30:00,9.274561403508773
2023-12-27 23:00:00,9.642245614035089
2023-12-27 23:30:00,10.063719298245612
2023-12-28 00:00:00,11.338000000000003
2023-12-28 00:30:00,11.402526315789475
2023-12-28 01:00:00,11.418684210526317
2023-12-28 01:30:00,11.436052631578947
2023-12-28 02:00:00,11.433947368421054
2023-12-28 02:30:00,11.301798245614037
2023-12-28 03:00:00,11.0740350877193
2023-12-28 03:30:00,11.114385964912282
2023-12-28 04:00:00,12.503508771929825
2023-12-28 04:30:00,15.317894736842106
2023-12-28 05:00:00,18.099069821469133
2023-12-28 05:30:00,20.491261034077965
2023-12-28 06:00:00,23.370225691538025
2023-12-28 06:30:00,26.616255170649424
2023-12-28 07:00:00,29.548212008813667
2023-12-28 07:30:00,30.504870030960834
2023-12-28 08:00:00,30.565513568372946
2023-12-28 08:30:00,30.52631578947369
2023-12-28 09:00:00,29.91894736842106
2023-12-28 09:30:00,29.19263157894737
2023-12-28 10:00:00,29.01929824561404
2023-12-28 10:30:00,29.21649122807018
2023-12-28 11:00:00,29.703859649122816
2023-12-28 11:30:00,29.168882736122967
2023-12-28 12:00:00,27.980834896714512
2023-12-28 12:30:00,26.1990805107496
2023-12-28 13:00:00,24.186711193084903
2023-12-28 13:30:00,22.122105263157895
2023-12-28 14:00:00,19.744471923423422
2023-12-28 14:30:00,16.749059252081754
2023-12-28 15:00:00,14.112799225121313
2023-12-28 15:30:00,12.469150982707847
2023-12-28 16:00:00,11.724243178455767
2023-12-28 16:30:00,11.396089283541166
2023-12-28 17:00:00,11.974479182245531
2023-12-28 17:30:00,13.276045939613851
2023-12-28 18:00:00,15.78756362817684
2023-12-28 18:30:00,16.09864433846235
2023-12-28 19:00:00,15.049211015917642
2023-12-28 19:30:00,12.195058818801778
2023-12-28 20:00:00,10.104912280701756
2023-12-28 20:30:00,9.328771929824562
2023-12-28 21:00:00,9.044736842105264
2023-12-28 21:30:00,9.172789473684212
2023-12-28 22:00:00,9.556298245614036
2023-12-28 22:30:00,10.290061403508775
2023-12-28 23:00:00,10.95014210526316
2023-12-28 23:30:00,11.542471929824563
2023-12-29 00:00:00,11.938280701754387
2023-12-29 00:30:00,11.466105263157894
2023-12-29 01:00:00,10.7020701754386
2023-12-29 01:30:00,9.817175438596493
2023-12-29 02:00:00,9.115614035087722
2023-12-29 02:30:00,9.107543859649125
2023-12-29 03:00:00,9.608587008866271
2023-12-29 03:30:00,10.484576189939265
2023-12-29 04:00:00,12.395932310004087
2023-12-29 04:30:00,15.71843141827209
2023-12-29 05:00:00,19.662305504890295
2023-12-29 05:30:00,22.96239106190143
2023-12-29 06:00:00,25.21479909884312
2023-12-29 06:30:00,27.102167519895755
2023-12-29 07:00:00,28.791833617743034
2023-12-29 07:30:00,30.180701754385968
2023-12-29 08:00:00,30.56273221316303
2023-12-29 08:30:00,30.746714669303383
2023-12-29 09:00:00,30.04689040955161
2023-12-29 09:30:00,28.502293761261303
2023-12-29 10:00:00,26.9895706716022
2023-12-29 10:30:00,26.88290018142169
2023-12-29 11:00:00,27.587661317247438
2023-12-29 11:30:00,28.666506065508997
2023-12-29 12:00:00,28.218674691277002
2023-12-29 12:30:00,27.05794343435129
2023-12-29 13:00:00,24.967798522104445
2023-12-29 13:30:00,21.977441541464884
2023-12-29 14:00:00,19.451497162103895
2023-12-29 14:30:00,17.146897087934313
2023-12-29 15:00:00,15.888904684318035
2023-12-29 15:30:00,14.70361403508772
2023-12-29 16:00:00,13.605368421052633
2023-12-29 16:30:00,12.90921052631579
2023-12-29 17:00:00,12.379157894736844
2023-12-29 17:30:00,11.507964912280704
2023-12-29 18:00:00,10.125298245614037
2023-12-29 18:30:00,8.794228070175441
2023-12-29 19:00:00,8.17032456140351
2023-12-29 19:30:00,8.139043859649124
2023-12-29 20:00:00,8.283026315789476
2023-12-29 20:30:00,8.417877192982457
2023-12-29 21:00:00,8.516140350877194
2023-12-29 21:30:00,8.560254385964912
2023-12-29 22:00:00,8.645157894736842
2023-12-29 22:30:00,8.776157894736842
2023-12-29 23:00:00,8.942771929824561
2023-12-29 23:30:00,9.089850877192982
2023-12-30 00:00:00,9.52340350877193
2023-12-30 00:30:00,10.13782456140351
2023-12-30 01:00:00,10.58561403508772
2023-12-30 01:30:00,10.848140350877195
2023-12-30 02:00:00,10.850315789473685
2023-12-30 02:30:00,10.542432908435027
2023-12-30 03:00:00,10.14818557008009
2023-12-30 03:30:00,10.189431037501391
2023-12-30 04:00:00,11.84514344876005
2023-12-30 04:30:00,15.35342778870825
2023-12-30 05:00:00,19.524783746887906
2023-12-30 05:30:00,22.891894736842108
2023-12-30 06:00:00,25.309944004352193
2023-12-30 06:30:00,27.67150409084287
2023-12-30 07:00:00,29.616615871957592
2023-12-30 07:30:00,30.80907722981013
2023-12-30 08:00:00,30.870066374177785
2023-12-30 08:30:00,30.44960338156353
2023-12-30 09:00:00,29.891181981587845
2023-12-30 09:30:00,29.50103285878082
2023-12-30 10:00:00,29.351328228534566
2023-12-30 10:30:00,29.152175438596498
2023-12-30 11:00:00,28.517964912280704
2023-12-30 11:30:00,28.213876125521082
2023-12-30 12:00:00,28.374705390959303
2023-12-30 12:30:00,28.37926679446807
2023-12-30 13:00:00,27.324005310130264
2023-12-30 13:30:00,25.300350877192987
2023-12-30 14:00:00,22.879298245614038
2023-12-30 14:30:00,20.394736842105267
2023-12-30 15:00:00,18.195438596491233
2023-12-30 15:30:00,15.798947368421054
2023-12-30 16:00:00,14.062105263157896
2023-12-30 16:30:00,12.53122807017544
2023-12-30 17:00:00,11.496736842105264
2023-12-30 17:30:00,10.395982456140352
2023-12-30 18:00:00,9.363350877192984
2023-12-30 18:30:00,8.82834210526316
2023-12-30 19:00:00,8.796947368421053
2023-12-30 19:30:00,8.925947368421054
2023-12-30 20:00:00,9.16324561403509
2023-12-30 20:30:00,9.50932456140351
2023-12-30 21:00:00,10.100798245614037
2023-12-30 21:30:00,10.641754385964914
2023-12-30 22:00:00,10.933105263157897
2023-12-30 22:30:00,11.198403508771932
2023-12-30 23:00:00,11.594652631578947
2023-12-30 23:30:00,12.267224561403507
2023-12-31 00:00:00,12.499614035087719
2023-12-31 00:30:00,12.50301754385965
2023-12-31 01:00:00,12.4340350877193
2023-12-31 01:30:00,12.302807017543861
2023-12-31 02:00:00,12.149122807017546
2023-12-31 02:30:00,12.093684210526318
2023-12-31 03:00:00,12.086264050748925
2023-12-31 03:30:00,12.269072138085365
2023-12-31 04:00:00,13.621008773110011
2023-12-31 04:30:00,16.576162505633278
2023-12-31 05:00:00,19.918406278849737
2023-12-31 05:30:00,22.747719298245617
2023-12-31 06:00:00,24.415087719298246
2023-12-31 06:30:00,26.14070175438597
2023-12-31 07:00:00,27.446666666666673
2023-12-31 07:30:00,28.86756955593059
2023-12-31 08:00:00,29.77248183663235
2023-12-31 08:30:00,30.43413095943937
2023-12-31 09:00:00,29.591273288561535
2023-12-31 09:30:00,27.938140350877195
2023-12-31 10:00:00,26.573666666666668
2023-12-31 10:30:00,26.723157894736843
2023-12-31 11:00:00,27.74760489456278
2023-12-31 11:30:00,28.4726954333717
2023-12-31 12:00:00,28.729477467515636
2023-12-31 12:30:00,27.141537431564345
2023-12-31 13:00:00,24.647482214573703
2023-12-31 13:30:00,21.521468969466337
2023-12-31 14:00:00,19.20416666666667
2023-12-31 14:30:00,17.360701754385968
2023-12-31 15:00:00,15.601754385964915
2023-12-31 15:30:00,13.618309723641566
2023-12-31 16:00:00,12.029308510475142
2023-12-31 16:30:00,10.902010264861106
2023-12-31 17:00:00,10.517690556123293
2023-12-31 17:30:00,10.21892105263158
2023-12-31 18:00:00,9.71313157894737
2023-12-31 18:30:00,9.214543859649124
2023-12-31 19:00:00,9.262842105263159
2023-12-31 19:30:00,9.738140350877194
2023-12-31 20:00:00,10.287035087719298
2023-12-31 20:30:00,10.590491228070178
2023-12-31 21:00:00,10.861684210526318
2023-12-31 21:30:00,11.14343859649123
2023-12-31 22:00:00,11.397929824561404
2023-12-31 22:30:00,11.787912280701756
2023-12-31 23:00:00,12.339280701754388
2023-12-31 23:30:00,12.896675438596494
